latitude,longitude,trigger,landslide_size,date,precipitation_mm,soil_moisture,slope_degrees,landslide_occurred
21.902884321817055,91.56091376735839,downpour,small,2018-11-30,30.021274368252698,0.5123985532760414,27.359862224533128,1
22.274817794370136,94.80504806484042,continuous_rain,medium,2011-09-26,120.27738016709391,0.5414310109521618,66.56108626210651,1
29.15430556263673,92.25826942144012,downpour,very_large,2023-07-22,141.89974289822428,0.5582496559557704,39.443667317987575,1
22.63147295864597,97.64357107025651,none,none,2013-04-14,9.463295931221397,0.0033546522734158924,12.23126944922997,0
22.922737094240244,90.56027335412917,none,none,2016-10-30,8.342737661109915,0.11402037215023825,11.966813674307016,0
,95.2671042781272,continuous_rain,large,2011-08-25,135.12685196201485,0.5307790523553442,33.48656627405052,1
22.69229880918089,92.44715838313107,unknown,large,2012-07-04,0.8513485652804553,0.37395235392644033,45.62039938969298,1
24.640346350855996,89.5495977994213,downpour,small,2021-01-27,93.98181242686096,0.7312665159527374,49.046071699289946,1
22.74382237542411,97.661280258289,none,none,2015-09-15,10.300939399640011,0.2602767901204363,27.56073220891981,0
22.869235276183307,89.90218612637983,none,none,2013-09-23,11.435480809646597,0.39761009378897794,13.946284603800047,0
22.543280130843637,89.21036739500488,none,none,2010-07-15,11.551149227802068,0.28539266732550855,0.04694637669326984,0
21.824580382490687,92.1653277010088,none,none,2010-02-16,0.1540210369464795,0.17769921326048804,15.82748056421362,0
28.5625337835365,89.28766535047247,none,none,2017-01-05,7.598708442377279,0.30827798368807713,16.367015960977405,0
24.36129755704332,91.07276488266103,none,none,2012-02-11,6.569553857771787,0.014715863931684359,5.620423167220942,0
28.390850693616418,91.46962995927274,none,none,2012-03-01,1.0000827530631033,0.2407712161233278,17.110418414986984,0
21.578790359666485,95.25824263878287,continuous_rain,medium,2022-08-20,51.55841226493078,0.6602969436985532,64.10660212341968,1
22.002606327429678,95.17362806080489,none,none,2016-01-02,11.584734718563274,0.35488453719836904,11.407496092970572,0
21.42077663033641,91.9082366138794,none,none,2015-03-31,12.85094303748337,0.013614660278628855,7.76600522052454,0
29.67240144228049,97.01573273616502,downpour,small,2015-02-06,197.63111850226105,0.7253465941260725,53.82428191420972,1
25.761152666106202,89.02365700125934,none,none,2013-10-10,4.776376003913507,0.27982658912966246,27.086400153301245,0
27.21165883503219,95.78168176086798,downpour,medium,2010-01-04,171.72738242178232,0.7832644239029889,46.93975942565602,1
29.910553874090382,94.64404806905104,none,none,2013-03-02,0.9505507001370339,0.2606932792451676,11.476493287174224,0
21.263837283915382,95.66243372772476,none,none,2017-04-05,7.459990967106495,0.09397225522754456,13.226267587581852,0
27.45921010576088,94.86332696015809,none,none,2012-05-21,14.210649129968637,0.18938492224891543,29.76812767457604,0
25.734373645574806,90.5163501118119,none,none,2020-12-21,0.28115393503448494,0.07404125223285818,5.217035214719875,0
23.894998884555594,93.68104849002701,continuous_rain,very_large,2023-08-05,53.40435812855021,0.9614782614984461,55.56997540053601,1
22.91503365223951,94.01735507879353,continuous_rain,small,2019-02-23,124.67137138364767,0.5881772067758881,51.96154031584403,1
24.608732939110638,96.09108403333448,continuous_rain,small,2013-12-22,168.8371117809632,0.6209710892421961,32.55516774270248,1
27.578455564260743,92.19904884293908,none,none,2021-05-16,2.3516540382076165,0.39088378771788396,24.121475614716505,0
23.21642811111805,92.83890731914725,continuous_rain,large,2011-12-27,181.62954565890732,0.7884516158277037,60.51819157220687,1
21.134901736428212,92.40823897762277,continuous_rain,medium,2013-02-21,101.64637564758706,0.6649562313114163,47.32374478951467,1
22.988646870296932,96.56812927482123,downpour,very_large,2015-01-19,74.98986349582398,0.6830890357537667,41.56356171183897,1
23.722252271650976,94.87190201110559,continuous_rain,small,2022-03-08,162.1743522719562,0.8666108272640387,57.784774687699326,1
,90.07821710069663,monsoon,medium,2014-07-09,34.558785331473544,0.8621720457612492,63.816136215078615,1
26.10469364354885,92.89640317249659,continuous_rain,medium,2012-08-11,198.74394729423554,0.6348326468289355,35.148170315750335,1
23.72534172437193,97.23765227235434,monsoon,small,2014-07-06,116.46125715016379,0.8429842019272991,63.82346045485168,1
26.719057208519377,91.17164168397827,earthquake,small,2020-12-03,6.469794745720318,0.2969615621164793,64.3577206234115,1
28.098361486492056,89.33390067564082,downpour,medium,2020-10-02,120.27324377966713,0.8251530644153912,44.411039727202734,1
25.997598387668546,93.69961071473742,none,none,2015-11-13,4.146875354243758,0.23399082960560336,27.978046393651347,0
21.922773946810945,92.23724729522785,none,none,2020-07-26,7.411568324500789,0.06077137303414753,11.810770482705028,0
21.51403757839421,93.92018999436776,none,none,2019-05-28,10.313188149296769,0.2762445320888894,23.8510562521488,0
28.199595623549765,89.97873563048586,downpour,large,2020-04-05,63.914683141564154,0.6467046723725423,50.83317853946604,1
29.532799347744692,93.18703791034913,none,none,2016-10-29,6.263217533093318,0.2970872639184577,22.029993228493687,0
22.67036980790315,93.65168942992663,downpour,small,2017-11-23,108.90870434459008,0.5045481439664941,47.29505074106582,1
28.155025190994927,91.61864535530314,none,none,2015-09-23,10.741138497075758,0.20529544165208163,7.159556305391057,0
22.027602661555957,97.30062862492291,none,none,2016-08-20,7.036219538544222,0.08474115440808264,21.918566827579284,0
27.32283650373385,97.42040203996294,downpour,medium,2018-07-27,161.67522787824336,0.6112983528175675,37.774752165115615,1
25.884343012339276,91.03969739924925,none,none,2020-03-24,7.187221563264725,0.1946808184940931,18.521696810962442,0
21.23193381864036,96.48529046843036,earthquake,medium,2012-07-08,16.058191633837996,0.5810677107861233,41.119610067869736,1
24.778636741209937,96.71738335452909,none,none,2022-02-26,5.641079126719082,0.28874166582406346,15.839020342125817,0
26.022785588465645,92.51640798087386,none,none,2010-09-23,12.800170455172498,0.18191166248492646,28.249379605733232,0
,97.21034709420275,monsoon,small,2015-01-18,164.15872512727793,0.7274018934143469,63.950922929062465,1
27.511585055461367,89.18058548363277,continuous_rain,small,2012-05-30,119.92289955280464,0.681223853521601,48.76304302595135,1
24.958500772065705,92.32409581994304,continuous_rain,small,2022-03-02,63.06334832537045,0.5827916985253059,63.190635262332385,1
22.736309516578793,91.80336366067517,none,none,2015-03-07,0.2634175357884033,0.18518761035896888,20.062165495902686,0
26.054906685175958,97.86470242765554,none,none,2016-05-04,14.572104314791105,0.3224808558118555,22.436972335857757,0
28.565552033960344,93.77993048794384,downpour,large,2020-01-23,104.63812959275619,0.6837674824520796,62.92283250688042,1
27.725613337448664,95.9872745852712,downpour,small,2016-03-08,136.66875984075398,0.6078081001199243,26.980358904128934,1
,92.9166725458785,downpour,small,2021-07-24,32.19922306758195,0.9530885111122509,36.81466945375379,1
21.204492126687715,92.08755203336203,continuous_rain,medium,2011-05-11,93.29215004553826,0.6876195543465056,26.127623319618714,1
22.877339366599223,90.82055958466928,none,none,2010-07-26,6.46727639185476,0.1346844597544858,2.3449361249714986,0
28.153086445705455,96.5742836458761,none,none,2021-01-15,3.7472726544399277,0.2905709851311649,3.4194935691666872,0
27.13504101833544,96.22862680343302,none,none,2010-06-03,1.355329397862552,0.02772363448357238,28.510583745587805,0
24.966216620295743,96.09333882573785,earthquake,medium,2010-05-09,29.414506358806275,0.379687959381649,29.083795128507433,1
23.96404711186917,92.9701796455876,continuous_rain,small,2012-10-14,125.81265479596524,0.9254891312190276,62.62342199718557,1
25.094241878499012,90.58180625313275,downpour,large,2017-08-01,165.34988959907503,0.8280415036048843,50.23434061247289,1
28.667633143402384,97.13123125429266,continuous_rain,small,2016-12-05,189.5959991573257,0.914708142825204,26.695167636096237,1
26.653146334464253,93.34240286748259,none,none,2022-05-05,7.4061966408116024,0.3361252357736988,3.306945947373837,0
26.76847380194771,96.42865979845185,downpour,medium,2012-09-04,170.8743450071711,0.5500876897112199,67.34660931679906,1
22.798665530940077,97.73525357657927,none,none,2015-09-17,7.07594911726993,0.3900268804462948,0.004105680816544055,0
28.531056615630845,92.61008566111396,none,none,2015-04-04,12.217800453148898,0.2180362288779402,22.700693642421225,0
22.221959636741754,93.62860195755994,downpour,small,2015-12-02,123.3396689594071,0.7965451454080685,32.530096403432665,1
25.433448418075805,91.9732705132288,none,none,2020-03-12,5.889739162632756,0.11622241095993804,5.980735507287719,0
25.121510583295148,96.43392240459167,none,none,2019-06-16,9.155830160325106,0.2619571818185819,3.2537254065337526,0
21.475037423881695,96.47785210404223,downpour,large,2010-04-07,189.167572059829,0.5561691577375923,63.16555216360942,1
25.731083534544076,92.55817186433163,continuous_rain,small,2011-06-20,92.64535242957555,0.6406538608102852,66.10928428343105,1
26.333300385190515,90.7613076238481,downpour,medium,2010-12-20,108.51224252154252,0.6770776559729959,36.9939303169108,1
25.092829649426132,92.98822941792875,none,none,2021-05-24,14.965763188738194,0.346153575404106,2.8480766291569957,0
28.180140939180667,95.52506450986577,continuous_rain,medium,2017-08-21,147.8573173164726,0.5124533036701695,67.75861805703215,1
,96.9996739928951,monsoon,small,2011-12-26,150.88237739790816,0.6165856458441894,40.38145852736147,1
21.613848043571092,92.32344711874029,none,none,2011-01-02,9.02514061523957,0.04869279400070914,22.29863237562252,0
22.614383068865518,92.16089236054557,none,none,2022-11-12,5.652633949457896,0.23703774138602718,29.778281129958188,0
24.22181643600775,92.13485122506145,none,none,2023-06-29,8.003261435949092,0.04624265476598835,15.864220578012073,0
26.96534890638428,94.60545477025649,none,none,2018-09-12,3.7200511894362016,0.22151024347574466,5.036752980809869,0
29.61940753177841,92.1547365869698,downpour,small,2015-11-19,99.38163237813865,0.6764634700871875,49.463456463313136,1
26.525155211035162,89.21563682122297,continuous_rain,small,2018-12-05,70.06066232852794,0.6099283280065738,35.41566213722138,1
26.68156924821512,95.86597898971725,none,none,2013-07-19,6.944486349172786,0.2740855235252386,14.35717014124691,0
27.475780302008125,94.22300875665759,continuous_rain,medium,2016-01-17,167.99284005971793,0.7940771100714145,46.228348909207625,1
27.525039999986856,93.12337970219944,continuous_rain,large,2017-02-21,189.97389423149386,0.9965262828115431,53.731889834558785,1
26.70085860855523,93.37922015746854,continuous_rain,medium,2011-03-31,24.436926458643107,0.859573171175358,40.95085083148342,1
29.442200936085648,93.45868538676578,none,none,2018-12-17,2.0261269984124866,0.11322623964420951,29.71911311989356,0
25.235239884476403,94.80576145617367,none,none,2012-04-13,11.427785990464987,0.10824093718617869,7.506880851790134,0
28.460545842692994,90.10868624940592,monsoon,small,2012-04-21,174.09804777525957,0.5513991191172456,48.062476475591886,1
29.59265044815628,91.32386450116658,none,none,2014-10-28,8.700587485330646,0.0799256294737404,13.594329043040062,0
21.892489248389005,95.58391297416972,none,none,2018-03-31,7.509232836178425,0.36576947967575046,2.0938555620241295,0
,89.75478513128591,continuous_rain,small,2018-12-10,163.24775746797962,0.7047997909618038,27.78680799579378,1
25.146431256769564,97.73985613410426,none,none,2010-12-31,3.7996401367812154,0.24656295164152353,7.562732314576715,0
27.392615220353584,89.75162050351415,continuous_rain,small,2019-11-16,52.841214217633194,0.7654197547853038,44.77986897229684,1
23.99489559131215,89.4587868735474,none,none,2013-06-08,0.6199801705620217,0.02703249483474686,11.119611673657205,0
28.869220347806092,91.50313128295427,downpour,small,2018-02-05,65.99730487469465,0.8869263849296041,63.048826689229415,1
24.355781356985425,93.84151986704593,none,none,2021-05-11,8.618102835864928,0.013184312847012693,9.064357348457865,0
24.97360067435382,97.08620513107648,none,none,2023-01-15,10.383001676297294,0.3553693247357642,16.673588171173893,0
23.56309047404006,90.94513919851313,none,none,2015-12-20,0.5083769781424446,0.2963321645381764,15.908325484209508,0
25.74442584166642,90.15015594836291,downpour,medium,2018-01-28,141.2136795205244,0.7299946011154015,69.84738082285475,1
29.49766357793937,90.88126823366036,none,none,2022-05-22,8.288285072421033,0.021819772348661504,1.1846363689231265,0
26.551574486772285,95.40669219420415,none,none,2022-10-25,11.734729778656405,0.05244770170880551,11.236762952362412,0
,92.40804713974553,unknown,medium,2019-06-24,16.62551181616232,0.33679737293697615,46.3480722676406,1
25.307666206872277,96.28498302890684,monsoon,large,2011-04-07,182.83961157184507,0.7314592967170762,34.499099913955135,1
26.55009304902258,94.23676542987235,none,none,2011-12-20,2.1709176242207495,0.38258684171112756,25.442596242291717,0
23.90068425079952,91.28172261547252,none,none,2021-11-07,0.49242216416799434,0.0217835227589525,12.591776141216519,0
24.48380327335215,96.31669239963402,downpour,medium,2021-08-06,91.97836600131747,0.7724694452527009,34.78203050786203,1
21.317587300241684,90.24093095579286,none,none,2021-06-26,2.7924686959873384,0.3226283570594489,23.634937632463938,0
24.86508464344563,91.8039840040816,none,none,2013-10-19,7.226892648993694,0.021647048277431538,2.5782015016898563,0
21.905931511797903,89.41985189685388,none,none,2014-06-25,9.669529401281457,0.3938280427133702,5.108644475026869,0
28.10987832117229,89.76232719920337,none,none,2012-09-18,14.831766959835967,0.2262729558467632,20.73121045045588,0
21.15445233890652,97.99894550943594,continuous_rain,small,2023-05-12,85.93485866855951,0.7548040700464675,37.69836991543942,1
24.240265603233166,89.63769845072166,none,none,2019-08-23,3.738310744048867,0.06386209369641548,28.744062332760382,0
27.112721314757326,90.20980093584545,continuous_rain,medium,2016-10-03,75.60102244181715,0.7386104094941544,34.19362059733083,1
21.07493402909295,91.6737833738788,monsoon,small,2023-01-22,89.83768045563872,0.5277919101527997,58.68253261408379,1
25.865006079098716,93.38497700471623,none,none,2010-10-06,10.043888499406657,0.34381456753439466,14.739689758594812,0
23.99371161272412,92.18615192444611,none,none,2013-08-05,4.659754322586948,0.22936616603079504,13.668838257759212,0
27.903541109522738,94.3820012744653,none,none,2011-03-07,5.561328547430583,0.09189825929175816,25.891194273308137,0
28.882924647853415,92.38443756207519,none,none,2021-01-13,5.992333044601855,0.09158636336557846,22.89531951161767,0
21.42811275332303,93.35523989723728,none,none,2011-01-15,3.9643397818601245,0.20890362417605304,15.682151203980318,0
24.68911546066276,91.64486079097946,downpour,large,2022-07-27,60.095631126386536,0.6343284949483905,39.636023406014765,1
22.126136213643033,90.8833966950743,downpour,large,2013-08-27,125.48149055462704,0.889922843269509,47.639244386162524,1
26.36595458904033,96.34904701590037,continuous_rain,small,2020-04-18,66.02898740841705,0.9880346864120585,45.98129407942429,1
29.29689773776779,94.02704284733476,downpour,small,2017-03-22,78.1041642893905,0.748697018699464,35.33742962331878,1
24.03222012838215,89.86145351474694,continuous_rain,small,2014-04-28,44.68744640004359,0.5487278141126704,59.07042068117402,1
28.18036335348179,97.52420859670553,none,none,2019-03-19,8.426834859360051,0.2527281053210387,0.6691068957314661,0
28.457222893186678,97.79583950421124,downpour,small,2018-09-06,87.46174102032532,0.9604377305754388,28.01827933610382,1
25.08714670913656,92.87874167892144,none,none,2014-05-05,3.425833936875601,0.1148486242932219,23.912516292993622,0
22.18569708647432,97.53451980268571,monsoon,large,2017-05-03,149.40196242668907,0.9480869853416989,27.91694899372431,1
26.503854435868483,95.18931521756625,monsoon,small,2010-10-29,141.5039047983868,0.871058289707735,37.52568323705793,1
21.18019213456087,89.3853847243735,downpour,medium,2020-05-02,29.526953651631402,0.9992952404571895,66.91142254376366,1
29.337248527126732,97.35495088121019,earthquake,medium,2019-04-25,16.84892862161715,0.24107665132465572,69.54810053903282,1
25.567317594678194,95.42135681905711,downpour,medium,2011-11-17,164.4343440282683,0.5371456789669171,61.852640501867654,1
25.22162203395495,91.29970694825396,continuous_rain,small,2011-03-06,158.33181540724556,0.6254662920878606,49.39149473026609,1
22.581472893333803,93.33184771758721,none,none,2017-08-28,3.86128891243541,0.3734996482770808,24.54542030249135,0
26.75301477962293,95.31416634191649,none,none,2010-02-22,7.109128775009471,0.2500806814437352,0.6730815228920428,0
26.845074813049507,96.30768041147674,none,none,2017-04-20,4.2207364308320825,0.03985744845034631,9.163792998555284,0
26.2109011258348,94.14547426896563,none,none,2011-11-01,9.7778877282008,0.10182070007894893,27.07527292443425,0
26.524230768599026,96.34775041033063,none,none,2023-08-14,8.39162896504773,0.2798802718863689,22.429033071194485,0
22.470896549833807,94.50285033082663,continuous_rain,small,2018-11-09,25.91097981676749,0.8870396017427142,43.586737600610526,1
26.323412155470784,91.87941408780996,none,none,2019-02-15,0.598416312100965,0.124354174243478,15.427097501722026,0
22.739696344261066,90.85140355435779,continuous_rain,large,2022-12-29,120.7026641102862,0.6602292133243167,53.71351534484765,1
27.61269956112627,97.37435811358903,none,none,2015-11-19,2.2152361612953717,0.07418784541492496,5.426129990639198,0
27.815428492285292,94.09643604256544,none,none,2010-12-14,12.691568402662979,0.22459239756165672,2.5321173907440397,0
22.231718346535505,92.8155720044357,downpour,small,2012-05-04,164.01514158595026,0.751967234954575,38.83946030384047,1
29.418227985385265,96.00161184430594,continuous_rain,medium,2015-12-15,92.85308868694247,0.9636799892923197,57.327632734813676,1
26.145045634769332,96.70087547128178,none,none,2022-04-13,2.2368671236036692,0.04935386544797247,29.892013953443442,0
29.616801663959393,95.24941801900965,continuous_rain,small,2023-06-08,65.397882316716,0.912474768259671,51.533400216876245,1
22.221576335323828,93.57872871158872,continuous_rain,small,2021-07-30,166.72636311494023,0.5281864474311988,32.67314343801293,1
29.920540178492594,92.50378908892446,none,none,2018-09-05,2.3928933610640812,0.25263579157549326,8.877198494178328,0
21.19421885628508,96.11116409399767,none,none,2021-06-03,13.764173540450619,0.38859721258128155,22.428340942841345,0
29.032122863216745,92.66192447707495,continuous_rain,small,2023-02-03,151.79035021475931,0.69906327132673,25.124514724585058,1
21.490622078481948,95.47200588529755,none,none,2013-07-23,12.043073481151922,0.08524886580386389,10.395534039671812,0
23.770713559180187,95.91258211672132,earthquake,medium,2013-10-19,10.377125761354746,0.36160786815121637,27.97173781832886,1
24.909803481831762,90.00107464018232,none,none,2013-07-01,7.194371451559246,0.14547668562048474,19.438835060118453,0
27.860518214879352,91.89022450075011,continuous_rain,medium,2014-03-28,20.14662015286218,0.9250416032215062,57.67493489204744,1
21.444380869297326,94.62834792636289,none,none,2014-05-01,2.7594990133365083,0.05364946307989356,3.4481188051893765,0
25.424937779175316,91.55044151121805,continuous_rain,medium,2013-10-27,133.16571236849757,0.5033880295436319,50.29249200450156,1
25.175409578926843,94.09637028674233,continuous_rain,small,2020-02-13,33.40093019509235,0.7324049468872749,30.592685303253376,1
29.633723364641504,94.1419940154176,none,none,2010-09-08,1.5534817908674903,0.07467124587842373,5.532977063156349,0
26.178735693526093,92.9884419624726,none,none,2011-04-10,11.100443720028094,0.04564865324545502,6.409616530531944,0
27.219198250898433,96.89497600344617,continuous_rain,very_large,2022-11-15,26.061500791916252,0.5591430117451124,38.4501494408661,1
29.703425054915822,91.66220002167933,none,none,2016-10-05,5.6208781859734795,0.1531067773175405,5.6514088024595175,0
28.24324900694431,93.07556675872141,downpour,medium,2021-11-06,196.15980262318146,0.5793128978981479,28.714557458381854,1
26.0318105136079,89.26974540546338,none,none,2020-11-05,2.870415083968792,0.10638859675045671,26.268428954852777,0
28.424469184461955,92.46583302993909,continuous_rain,medium,2013-06-22,171.9705000796784,0.6072538580086211,27.734040335396724,1
26.728812570066342,96.65907822681983,none,none,2023-08-19,1.9007494332803194,0.32013384526634825,26.513112463416498,0
22.802204293677704,96.95432281566333,none,none,2015-02-06,8.046186625028668,0.2561449664064516,29.279288754522117,0
24.970829639014937,95.43821015314779,downpour,medium,2018-12-17,98.719001797267,0.8822595029821874,57.5736428203105,1
22.56592210895159,90.69896275466708,none,none,2014-12-02,7.121036103914956,0.387539662842421,18.460149052301986,0
23.884564112372964,96.65343182338594,construction,small,2018-11-30,14.570109174555347,0.45428231094692206,52.35558549341843,1
27.15795655023445,94.6809462597941,none,none,2022-02-02,9.818749578484292,0.30851428058465424,8.774770244552405,0
21.00898291767377,91.33920934783485,downpour,large,2016-06-23,181.31993224335213,0.7577705950311948,61.274935845335506,1
29.27690332465703,93.01449257642777,none,none,2019-07-26,0.6406821105431482,0.2522716065117634,18.5721833137626,0
27.868616052825946,92.6252140335023,downpour,very_large,2011-06-09,42.23479730697566,0.8998146698915993,26.343406864798155,1
26.704169570002843,90.71751739740141,none,none,2015-10-22,8.96277842174025,0.19221717049715262,4.444684787992255,0
27.458927179292804,90.01350020347122,none,none,2019-07-24,7.772849966649826,0.12632831917781995,0.7816070641445505,0
29.22526475414564,97.50579251946115,downpour,large,2018-10-13,176.55188445137668,0.6122547455150948,37.28211612933408,1
25.895467385560718,93.02915650351916,continuous_rain,small,2015-09-08,123.13094543876836,0.6669222723756156,52.127937149492055,1
26.443014188718166,94.16299926638807,earthquake,small,2015-09-26,7.405365869244185,0.33720887870424554,57.1883087721903,1
29.898910741596055,90.76796724645678,earthquake,small,2011-03-06,13.980602452629633,0.3893003097695761,37.27315774715235,1
25.71229500878482,92.19309919046977,downpour,small,2022-07-13,144.6783590553855,0.8490167971080576,43.786768946875,1
26.817477870290553,94.90822183912263,downpour,small,2017-04-18,115.9972126766867,0.8863976278798018,47.38356832417156,1
21.752629391892967,95.69947890339793,continuous_rain,medium,2012-07-26,164.41867329481911,0.6666392571571994,25.172855123557976,1
26.402524902136967,92.04547057282281,none,none,2015-09-16,9.557111915792113,0.18554295259827214,28.899351946461053,0
29.372338329860895,93.92953355887944,monsoon,small,2015-05-19,158.47048949110118,0.9397233750333562,64.07145216219718,1
25.25352025052367,94.24438615454093,earthquake,small,2012-02-03,8.011790777818444,0.4142570144529686,38.3173771092585,1
27.38580082508988,97.21581106388163,monsoon,large,2015-08-02,74.43455389375082,0.7598736954989915,40.400398999848974,1
28.665746819115213,90.30248337927014,none,none,2017-04-07,10.578681616488732,0.237292096379419,4.071197494121871,0
29.479979137723852,92.62149802574007,downpour,large,2023-06-10,193.74883739359237,0.9332165915087673,32.393850664358865,1
29.799713221455036,94.97999809177038,none,none,2019-08-17,10.348731798659877,0.14629924178650508,16.573820175799355,0
26.577859374489087,91.94454251827047,none,none,2018-02-14,2.73329552061847,0.07740874817106042,4.710395180499195,0
27.070216069031574,92.3806985584507,continuous_rain,medium,2019-10-22,131.9385816675825,0.5760842493829266,58.32905188124036,1
25.813146634423592,93.13957118658504,none,none,2018-08-26,8.299633902536828,0.15692499893064418,23.118294743998543,0
29.74954184653683,97.497342717854,none,none,2018-09-12,6.034859281399686,0.12654595800534185,10.873316387908186,0
27.205381742275335,90.81371226381883,downpour,small,2018-04-19,152.973495183773,0.5224068118930278,64.56035554903278,1
23.16134880745687,93.66389192422365,downpour,small,2019-10-27,20.029450535280255,0.5264880300605195,68.90900488861033,1
22.105811443152255,96.00214724688249,none,none,2020-06-09,10.159540675291318,0.1314309867578338,9.456385884757452,0
29.449702020058645,96.97645283188565,none,none,2012-08-03,5.961750573491566,0.3456000182751444,11.88193515087272,0
22.617463880634013,94.84676053841558,monsoon,small,2015-10-25,59.38116190603078,0.8939515785837332,38.053691273239465,1
23.13873886797374,91.07515985093981,none,none,2014-08-22,0.7653609316657156,0.3000691161967174,3.3327601177237565,0
26.23396405043302,95.78479807616732,none,none,2015-09-02,13.726599492907871,0.21051179737770995,28.724499494956042,0
28.359794811278626,95.45213420125087,none,none,2018-05-18,13.861118754083776,0.25168526675800884,28.06501106286471,0
21.448230977176664,94.22965005838614,none,none,2016-10-16,6.423576736702747,0.04953310044483401,21.73192873315716,0
26.30787252517017,96.71365249463793,none,none,2019-05-07,8.719184535177302,0.22021533074726146,2.7639274996840046,0
21.5030454116271,93.43785509156466,downpour,small,2021-10-13,95.17208861353969,0.8248168407590885,50.42414708217275,1
28.344631154313625,95.11453057118626,earthquake,small,2014-09-17,27.474571417398757,0.41985811860977,53.037991228320976,1
23.71401331370394,96.28226912582906,monsoon,medium,2014-01-12,53.397528981807085,0.8046026926731075,26.357651830242872,1
28.679361672365587,90.21646857365249,continuous_rain,large,2023-08-20,152.73913089097692,0.8509104104915037,54.80919598157577,1
27.095184355132588,97.5567885775053,none,none,2010-02-02,9.5866772887622,0.2927400402667687,18.336735342887405,0
26.43332779182167,92.12333058937905,none,none,2019-01-06,2.659577306703887,0.11155966475276893,28.690114877977503,0
27.624256539057733,92.35379696562968,downpour,large,2021-09-21,115.26012965497274,0.7656056547547281,42.14649703409144,1
25.438496970399783,94.17425635351752,none,none,2011-06-16,9.361437104041421,0.31976460312150584,20.122953382973893,0
27.23735569219563,95.60655008587034,none,none,2011-03-28,2.9346860573935754,0.08111603885875357,24.937586113078098,0
28.039382077006966,93.92345134017869,none,none,2013-04-12,12.865525367585935,0.3825333222987013,15.031797779015626,0
22.59527654826196,92.7762508302495,none,none,2017-06-30,1.4198506992976405,0.12599972792398048,11.690400150617323,0
28.565456942899026,95.30397019356998,downpour,small,2010-05-01,87.06170597970254,0.5249274529215444,39.868051317930174,1
28.414598791082057,90.99645103180049,continuous_rain,small,2016-08-10,186.99570464283286,0.9829739387948075,44.28242048833834,1
28.683799493726507,96.17925139644602,downpour,medium,2013-02-03,103.98837128321955,0.7815690380324949,55.943858232331394,1
22.452053690274035,97.14326145359915,none,none,2018-04-05,1.9017097242610514,0.31246674062638724,26.71823565847367,0
29.20835611499747,94.77454911449445,earthquake,medium,2013-02-19,3.2556938995691818,0.25525230505597385,39.26038256678117,1
27.629002958697548,95.64336687122882,none,none,2012-05-20,4.396734557110638,0.3850633821295375,3.4554000719729228,0
21.14578199369527,94.6230494194919,downpour,small,2022-02-17,60.65509671593417,0.7643130595836325,64.16772845398785,1
21.720283915737937,93.21256699034414,continuous_rain,small,2010-12-08,53.64835385724138,0.7921998283941782,65.49807416338159,1
27.02176127428171,97.23541480784327,downpour,large,2013-08-03,180.1878846410464,0.580646067730288,37.43759018574993,1
23.970299196960088,92.49644941955985,none,none,2016-04-16,4.966157506545074,0.19189549508186154,16.310363611503007,0
25.442589201859107,93.75378843000101,none,none,2010-09-23,14.370637661692484,0.21049001784845067,3.0090334332575375,0
22.031428686260078,94.99227706719257,none,none,2013-05-03,7.802388890760474,0.002184827762026309,14.677442597497025,0
26.91584616720201,97.91550445023927,downpour,small,2019-04-19,117.4105826071111,0.5812428567186739,42.578902529309715,1
21.005285402298224,90.64848773351878,none,none,2010-02-20,1.9611485372985282,0.2500505894068385,25.904803393696913,0
29.711169821455506,90.79882712104066,none,none,2022-11-18,10.079351530846113,0.038319081636842035,14.405693891252133,0
24.67842528133309,89.66289498314059,continuous_rain,medium,2011-12-01,37.59992065826661,0.8546499725378249,45.46559199397191,1
24.584186669543087,93.1804276046908,none,none,2016-12-22,9.370878203893913,0.10944550523747686,27.582057705156426,0
23.063205058307137,89.94856925606098,continuous_rain,medium,2011-09-16,98.08388392709732,0.7509575687094792,59.39420107024085,1
,93.04786642698771,monsoon,medium,2020-07-19,129.98280896922384,0.5390885638328694,62.70844066485712,1
26.52510740113842,94.80986125306171,downpour,large,2012-03-30,147.47654542608822,0.968002066172011,29.0759715896593,1
27.965965522913336,94.43888621235301,unknown,small,2018-10-13,17.93575487707066,0.5552898722032562,27.843915975955095,1
28.423938965297115,90.60798760333658,monsoon,small,2019-03-10,88.31290447086475,0.6503560230566938,57.72198412373089,1
27.720963299792963,91.51966366042058,downpour,medium,2012-10-15,75.80015399037286,0.5968037913379116,65.8062736760939,1
26.129629871460576,97.85876348334173,none,none,2017-06-24,0.20722928491986592,0.2481267401907708,21.947805536951705,0
22.284913866476582,90.63002937155713,none,none,2019-06-05,13.870350107181753,0.13487114218240698,16.24500426698702,0
26.914540616976794,89.01266497277683,none,none,2017-09-17,12.141954650206358,0.026296536419804808,14.218094371837207,0
,92.39355561914466,monsoon,small,2020-08-01,72.16378041740147,0.8133163677151446,45.97718854476044,1
24.216433109388657,93.43481370920722,none,none,2013-05-14,8.28448668030029,0.23348497514894817,0.9013400131916693,0
25.19020244832146,95.29070560306825,downpour,small,2014-01-19,140.95729075496203,0.8183911521511837,67.31308478371957,1
23.409699683275168,95.08327289886526,downpour,medium,2018-12-24,48.390151100209806,0.9204530935201372,43.050227993267285,1
25.898908516472584,91.98974896819146,none,none,2015-10-19,7.721528267788807,0.026905742327191187,15.392054666371353,0
24.641600869476807,95.4250108441591,continuous_rain,small,2015-01-04,124.79647434901378,0.6232192679179469,52.74780359673471,1
23.3871269765501,97.01739915383364,downpour,medium,2011-09-10,199.12785301519492,0.9649688231541838,27.937578772799228,1
26.824021021450285,97.26589849241874,none,none,2014-05-05,0.041890448800027125,0.17735712292018607,0.95492396397723,0
25.431723380043806,93.46083437972037,downpour,small,2021-10-30,56.77263829422101,0.9368911174320846,57.866658578664115,1
27.62413904409596,94.22879734108976,downpour,medium,2019-12-25,118.58121735594516,0.5321013505066101,31.25640672044426,1
22.098455989663044,95.0513353099617,downpour,medium,2011-12-14,147.59472308075806,0.8737264202513774,65.74547074405547,1
24.15844198047013,92.08815814913466,none,none,2012-07-17,7.673973789797454,0.37491446966820213,19.510119812304765,0
22.101477692606114,91.18551302086738,none,none,2016-10-04,2.7764666397011206,0.32746067958739095,6.900979296395741,0
23.06206462949948,95.51112611352863,continuous_rain,small,2022-07-10,184.54366840034146,0.7625394215570211,34.92671170806307,1
24.692792787560105,90.43383101664367,downpour,medium,2019-10-09,87.82242010755664,0.9087776910059273,65.01920287253422,1
21.58319152564204,89.54715604075902,continuous_rain,small,2017-03-22,113.20659042900786,0.9756356580770242,64.115599408697,1
26.541437651182783,89.43557302663989,none,none,2017-05-20,11.523595400275275,0.011910357587235154,12.795137872330383,0
25.71868880946549,93.46871316439953,earthquake,small,2011-09-20,6.106019944609028,0.39173206884619927,42.234801953220824,1
29.604525374274694,96.79312919895382,none,none,2016-03-17,6.841408945878938,0.05644775419072312,19.467373643051715,0
28.653928265463907,89.73794984729925,downpour,medium,2022-07-12,147.24543102116473,0.5589634529028101,44.02088113367384,1
29.865876767152727,91.38809439367846,none,none,2021-01-11,4.79323661237607,0.31959039520602894,14.59904148394967,0
22.55931842846385,96.23071186109038,continuous_rain,small,2020-09-11,78.77954116937288,0.7023891511343876,35.72098887365462,1
22.770551283672006,95.68447971576822,none,none,2016-07-31,14.4528031314062,0.0804414817941665,9.064186077127921,0
25.46321283686701,93.35580622363206,none,none,2022-07-12,2.1423182357938275,0.21672732159135466,15.268766962075034,0
23.055132347086953,89.5474657609655,none,none,2015-09-28,10.234290733825242,0.022950518804067246,28.724522312486766,0
28.55359830353274,95.43628718619298,downpour,large,2022-10-24,83.6140450691678,0.950639157910407,36.60594756823978,1
22.32223982488594,92.5683493098886,none,none,2019-10-03,12.803127895792231,0.060335565582729345,8.223001707596925,0
26.905240631347908,90.36870262838333,none,none,2018-11-12,7.206490116912929,0.37992272640188385,12.974145621170685,0
24.867353568599523,90.88111222043756,none,none,2019-02-07,9.074167475457399,0.04181311734890003,8.517016745641907,0
24.59840568534647,96.16263190615898,none,none,2018-12-10,13.287834501590433,0.16399886968935262,0.5560770999847553,0
,92.73283233056623,continuous_rain,small,2014-08-04,196.65239974811132,0.6482481585837722,39.35770384794075,1
23.377280897498476,96.74743336374968,none,none,2012-01-31,12.900009623636569,0.036601538640611775,5.80389248066659,0
25.745590736576595,89.72195239791317,continuous_rain,very_large,2015-05-01,117.5670474249431,0.9793628030518295,53.64128465369038,1
24.970267357158917,90.76661343506836,downpour,small,2016-02-25,117.03227110981835,0.5738075476152467,53.73784107663671,1
24.44048596644789,91.44534313054743,none,none,2012-05-17,4.389723118595946,0.22339723204057946,5.315775263057149,0
22.951349441092393,89.02153289414329,continuous_rain,medium,2017-02-09,45.00572052682263,0.836159715127762,39.640856024368304,1
24.34053465225062,92.32567240617456,downpour,large,2022-06-30,79.96164221362935,0.5394044978083272,31.19358714630461,1
24.474178715347776,93.5433346466184,monsoon,large,2016-08-14,65.09173295246129,0.8648550139169114,50.95903218720959,1
25.457797741611092,93.8226768728241,earthquake,small,2010-12-31,27.27335033962101,0.4779223691315612,25.66627255419089,1
25.64174420273605,97.99645683701465,none,none,2021-05-11,1.4653455518184244,0.018949614403084337,4.640394923786902,0
26.24202351772106,90.43849367751999,none,none,2015-04-13,8.938578807516178,0.13817922779093905,21.271864782350374,0
26.555070715264726,90.51986300646469,continuous_rain,small,2014-03-07,113.86156763898411,0.5372997250973401,39.10531132689056,1
25.700156119351824,96.21513956433184,none,none,2013-07-17,11.372654666599221,0.3702720357266218,5.113105689103792,0
26.410577379730977,93.67626894674414,continuous_rain,small,2018-04-15,197.8766275024324,0.6068926981206845,58.300848887509225,1
27.90051484033077,94.28641319499314,downpour,large,2011-03-05,21.170981501476007,0.5553946071321127,40.79996183873943,1
23.7073515244913,93.60932611811606,none,none,2010-11-20,5.3116489110094465,0.16690390735504776,17.992133412253494,0
25.225124766780006,90.58877221381722,downpour,medium,2015-01-05,48.46243465868749,0.6666337941539243,27.110041525461504,1
25.240091733525666,90.46473499311895,monsoon,small,2020-02-22,63.76909974253558,0.8563936559693105,50.659358493391544,1
22.615019016806517,93.55345455844704,none,none,2019-01-29,6.957129683455408,0.3487378923248574,7.045814275635839,0
,93.57177486963585,downpour,small,2020-02-08,77.30291968780841,0.9047638400232696,46.157377062030534,1
25.253835428439842,91.04406241786792,downpour,large,2017-12-14,53.36018891034715,0.9091777942873361,50.72554394820223,1
28.427442413262884,97.53066985418704,none,none,2017-06-08,11.753375985407363,0.223549873737019,14.465089911771061,0
23.21730277700188,96.79236546510707,downpour,small,2013-02-02,23.89767745442019,0.9833078255635248,68.80317653415852,1
27.057069361941092,93.01630211033621,none,none,2018-08-05,8.758642208475374,0.2761434990671667,17.785661857860262,0
25.288366503242674,95.37546865398328,none,none,2011-10-21,2.350059830659108,0.08963878805955994,10.387290224833535,0
24.881471274062022,92.460145559834,continuous_rain,medium,2014-01-28,79.7171008136149,0.9945349204209564,65.36964136181263,1
25.815260343941013,96.2303838080367,monsoon,small,2023-04-21,173.34044676360327,0.9632190670113586,65.27977021949351,1
28.76994827182794,89.48436875712534,downpour,medium,2010-09-13,59.663276889251016,0.8671680313747392,29.835187845402864,1
22.77090940705425,91.67544396130825,monsoon,medium,2013-12-15,186.1604428962893,0.9439204324142739,62.68836471135033,1
22.9530700983741,89.66956889016544,downpour,small,2017-06-16,159.48798446766307,0.8609324799607454,43.66657941425349,1
27.319801260182338,94.12912061040278,continuous_rain,small,2014-08-28,123.72023974487578,0.9458910190477485,49.878468795215085,1
23.32368110648458,91.55718597973548,downpour,medium,2022-03-25,85.82025275830877,0.6496977322845737,33.66173950765497,1
24.55954785974088,95.06808244116995,downpour,small,2020-07-11,118.96124209479777,0.9598571602666985,68.60730947297982,1
28.721479233731017,97.14900397880382,none,none,2022-12-16,12.076069907299374,0.019886297524773958,3.706098910562482,0
28.66925596937746,93.9628302541606,none,none,2015-07-01,14.424351477290335,0.3934603109531432,5.103105860471446,0
26.677033937371178,92.54784675469199,none,none,2019-10-17,5.621007499502654,0.15342933173314446,1.7777315335506028,0
22.39371620131501,96.16771971115888,none,none,2022-10-09,10.728694088200411,0.10607515889372934,21.772729316397452,0
23.264234370890176,95.557209903007,continuous_rain,medium,2010-05-14,184.4830474322348,0.537703722673122,58.7627401162947,1
27.151022078318935,93.07853735378595,continuous_rain,medium,2017-02-26,181.4331715029259,0.6170803639354474,65.10607173280852,1
22.383455955157668,96.86529490065175,none,none,2022-07-06,9.005175980392991,0.05512550732670816,24.054054276758478,0
26.809012166369286,95.07205492954515,none,none,2018-01-20,11.65142447002917,0.03618360577960487,14.276006965327927,0
29.71394841029887,96.75057966511332,none,none,2011-01-03,13.003602997593337,0.22835104961052136,6.846865959744787,0
21.74373049537829,91.67083864182597,none,none,2011-10-17,14.5063388768055,0.2639990109499827,4.913508238978158,0
28.254897310763685,96.91721250858343,downpour,small,2019-01-10,175.547129983836,0.7972217797264666,60.71575033996484,1
21.425726062926984,95.17658212961385,downpour,small,2022-09-20,171.32542123536615,0.9762306331432986,26.49040867763294,1
23.69584994809129,93.1786065502921,none,none,2017-05-01,11.469394220475865,0.308079702044681,6.795001212457955,0
23.396736557505367,89.37194714194678,downpour,small,2020-12-23,55.46872211600038,0.7410817985139408,51.02897478032172,1
23.76083845920435,92.60185665529278,continuous_rain,small,2015-06-08,196.6532389145863,0.8507527578159213,46.977272309432124,1
21.780570365916077,96.11871028679101,none,none,2017-03-30,9.464253946428995,0.05224313337277864,19.578864742766797,0
24.90084785050502,90.86807825762858,downpour,small,2018-01-06,57.55141518731531,0.8553321266382032,32.67773381041917,1
24.32283621866398,91.4042147588516,monsoon,large,2016-10-22,48.78326896403398,0.6958341912794216,59.252769202329226,1
26.115334328552237,95.068585775882,monsoon,medium,2020-11-11,68.09248007223404,0.7924320647463655,30.449040713004333,1
22.067747897853053,95.32291169133303,none,none,2010-04-03,13.928175809758514,0.38463552681362856,19.928370999091154,0
26.876741592300366,89.31500046291131,continuous_rain,small,2019-01-23,180.23751570390635,0.7736791201826551,33.524274768614056,1
28.820087639951247,94.54659395758021,continuous_rain,small,2020-03-03,152.93605722261614,0.588771394507192,25.792407988845152,1
23.766286388582937,93.73902236625148,none,none,2010-10-26,7.359591000894371,0.1388924920145361,19.58583590202293,0
25.513426044269053,91.02689964408182,downpour,medium,2017-09-14,71.78848975762496,0.9874978593572128,35.130958731718735,1
24.601006618370437,90.47694316809394,none,none,2021-05-16,12.10676266105177,0.26246842840637985,4.457021236575423,0
21.8522833485122,91.70279112413182,none,none,2019-04-27,0.4098066480659396,0.23142331442255015,19.57459710344157,0
22.45293109546733,90.33323894493104,none,none,2014-05-07,8.867997581862399,0.3353776377124682,14.259590237184536,0
25.226656936261755,90.2045211158562,none,none,2010-06-05,3.531856123353629,0.18182352905601482,20.552220745874855,0
29.607071023999627,95.38092872754119,none,none,2017-10-20,10.90904452212701,0.010249833906110074,7.1404854137188405,0
24.470821171751428,96.7905713673602,continuous_rain,medium,2011-01-09,129.50147209704528,0.5236766924294081,57.133067955990896,1
24.844095380585884,96.57940082814255,none,none,2021-09-28,9.80210855363032,0.23705864728622364,4.714648880908352,0
22.6091303362579,96.06821592447294,continuous_rain,small,2014-03-22,27.671563512777773,0.8591727248873857,25.42601992719791,1
24.85714786734915,95.15474915902888,continuous_rain,medium,2020-05-24,53.81236912104034,0.7560010675413174,55.1956649896197,1
24.755387149608374,95.88060721007574,none,none,2014-12-12,1.5492575081194737,0.32870882231214493,9.32625792515358,0
22.440552114588826,96.77640613410192,unknown,large,2013-03-21,23.409127860363608,0.5519754476120957,32.046407214872886,1
26.03043365725857,96.58505251427445,none,none,2021-05-11,14.506180224461021,0.09547104290452109,20.184969468225834,0
29.056275751721497,93.96608023188249,none,none,2017-12-12,3.1294201128957484,0.11952876765325655,28.65410909018161,0
21.441603872788694,94.19703121758795,none,none,2012-11-05,7.81725103566156,0.11130203055592239,21.21411059747605,0
26.272894552159983,94.13011089543313,continuous_rain,large,2019-05-18,136.8366405220425,0.8288251347324387,61.779929515314755,1
24.179359335217388,90.43676855966991,none,none,2020-07-12,0.1855556379301293,0.09491783524549069,13.20916846539994,0
21.615299188211864,94.31901510798274,none,none,2020-08-20,12.461603112322734,0.12721205509939218,13.946826090503773,0
26.152890213868726,93.3200762418572,downpour,large,2021-03-29,44.45813332532376,0.9292256108355845,69.47099166217133,1
25.582846800170962,92.87493159862079,monsoon,very_large,2010-10-21,81.32898187683008,0.7935859765563498,31.98609053184351,1
22.36062786429919,96.62290695466065,earthquake,small,2011-02-05,24.41515643656395,0.581221326752696,30.87903187897005,1
22.332117774255664,95.69942251661753,downpour,small,2014-04-19,21.678087268382242,0.55781478689004,35.055379584952654,1
29.389381699278317,90.59257336018362,downpour,small,2015-04-27,171.5930055770441,0.6924473665813722,64.8102506578439,1
28.181544962211238,89.54860744708033,downpour,large,2015-01-06,147.9341882334685,0.8232750024638191,47.236850963970056,1
22.114989572589387,95.23757225067222,continuous_rain,small,2018-11-13,24.69066839229602,0.8818215570528929,35.36062249144985,1
25.67133533439199,97.37752222301778,continuous_rain,small,2022-11-06,144.87197832100205,0.5579618861592621,51.68441023905817,1
23.204742627878638,91.58783586809237,continuous_rain,medium,2021-05-05,48.527572548656536,0.7828402848282922,32.28811218229538,1
29.87617481326274,93.94117243258019,none,none,2017-03-12,5.313879911451847,0.3164856529171217,14.624340135334682,0
23.29673311404358,96.01915703890478,none,none,2010-08-25,5.180987791541195,0.11629145142869604,14.802562090584768,0
27.825718182888593,89.92913210233768,none,none,2016-06-04,2.2549467302884265,0.2912692960901357,16.020726729511633,0
21.14238334172106,90.38278102181796,downpour,medium,2014-06-22,130.38514958243437,0.795891269416942,54.973567479984624,1
22.424714625813394,92.64159279442605,downpour,small,2016-06-28,117.99600851278458,0.7795291938770059,63.09484681841512,1
23.098086007454604,93.97209349867803,continuous_rain,small,2015-05-20,71.73392142983406,0.9197195627668008,26.09357057022164,1
28.925803277222677,96.85157593105016,downpour,small,2011-08-26,144.47863907427546,0.9945619694241461,39.74016518840723,1
22.79365807137606,93.63308092423988,downpour,medium,2021-07-20,98.14008438123543,0.609212033001057,59.13405342672953,1
22.210116118254287,95.41292902434505,unknown,medium,2017-12-06,27.936281569504924,0.3871199441409917,62.97074362463343,1
22.15321885805524,91.48862122154225,none,none,2021-11-25,14.6118796703811,0.3298011566241424,26.150919188012182,0
21.070591824342515,95.3603658824182,none,none,2011-09-28,14.439183833403328,0.2975020176133632,23.36695251257135,0
23.200145616132367,91.88276009419207,downpour,medium,2013-04-11,180.75011942013694,0.5427317004243125,44.93206021190656,1
24.471802020503105,97.460785777838,downpour,medium,2015-06-21,73.31929730936528,0.6205215702409059,25.706265563965918,1
23.254617549040315,96.19470882507217,none,none,2017-04-08,6.100796905669606,0.017720017890122543,16.1842915211601,0
28.935254676655024,95.03989816724011,none,none,2016-05-23,14.919832313447326,0.058684555290982314,5.516281873531864,0
28.549167011452546,97.16809399120419,downpour,small,2015-12-09,98.62468984983845,0.6317269208425891,27.094303340180495,1
22.02117456390056,96.90367060999364,none,none,2019-07-14,1.2418105306265343,0.24750548817672657,27.88373055124482,0
29.823701903145345,89.83469418017917,continuous_rain,medium,2014-03-24,161.74954460091502,0.9994965671785606,50.314618478577756,1
24.408063386310467,90.06529801080433,none,none,2014-11-22,7.890709706582924,0.29807904697754745,3.5662897738954022,0
27.287996549589938,93.36159300675615,none,none,2015-01-20,12.31069078647238,0.20254200385556898,22.6024314197151,0
24.86804626823586,90.33735687552273,monsoon,small,2016-07-21,78.17607671991725,0.8910805892105755,54.34611579873305,1
24.924853795531234,92.62355132048346,none,none,2020-01-15,6.67284922890598,0.3042443415073765,12.204677810285117,0
22.03970847313972,94.2786694696756,earthquake,small,2020-07-18,11.571498906001619,0.5844597322016751,40.347751896241995,1
23.705098290657723,93.13332384908293,downpour,small,2020-11-26,110.40279617619838,0.9003823841645202,43.51491650794165,1
26.983585395180377,93.61741602398486,continuous_rain,small,2013-10-23,178.29647172073342,0.788693366500085,55.861140255994826,1
24.36853440008461,91.0889107631188,downpour,small,2023-05-03,117.46737562370606,0.531572805410627,56.63225797984987,1
24.051030559316168,95.35743357054952,downpour,small,2022-08-24,126.5365244778232,0.8437677135295181,36.408781794161904,1
25.190936702646454,95.68821831192716,downpour,small,2018-06-03,70.23652382091217,0.9808549942149158,51.390219539526015,1
22.811353461466602,95.25751759491709,none,none,2010-02-08,3.35196966445611,0.23415777217562495,11.515807391749366,0
23.08011091711342,95.03555528802133,continuous_rain,medium,2011-03-11,136.38693981544435,0.5826164593019441,66.88086128217721,1
23.40738968505702,91.7287531854564,downpour,medium,2010-07-01,184.61262365823652,0.7211790358763137,40.10034448398528,1
21.44525853324506,97.22091582908547,none,none,2018-05-28,2.148145755585549,0.2563685682872387,18.54785577240257,0
23.746742056251698,93.42608363622729,monsoon,small,2016-12-08,72.0032190659705,0.6002482562818856,54.46496155781343,1
21.78214546586916,93.033717116272,monsoon,small,2018-09-08,84.07914301215376,0.6064124477815158,31.07913693201428,1
21.115964368334776,96.56211014696088,none,none,2015-11-18,11.2967679350021,0.2511533253351166,21.557920833343978,0
23.5903872137415,96.10541734080309,downpour,medium,2018-11-16,180.01326254397853,0.8553470108937364,47.176327908295946,1
24.98774348665488,93.63106238682326,downpour,small,2012-10-16,95.73148717751316,0.7490465933078163,47.265560614938884,1
22.29640279437165,94.3285321425079,none,none,2014-02-27,14.089679785451098,0.2746333939542839,25.708754230141402,0
23.593181335387975,91.02452294000383,downpour,large,2011-03-13,104.87070661918717,0.5111941861622462,42.64353911173508,1
25.511528693357853,91.11658919887132,none,none,2011-12-07,4.934322067688466,0.3559398426277975,5.303590223903197,0
27.678976001445292,90.92152334675053,none,none,2017-05-02,13.484943706838907,0.06073671043122149,15.790387111807831,0
21.76621014015018,96.06643400070892,none,none,2014-12-17,7.696361075277532,0.3795749831474904,22.687508338553844,0
23.637930299593858,93.52637245023537,none,none,2018-12-05,14.729136232806216,0.32277472540261404,12.0132073283874,0
26.51696029199819,95.48075598197458,none,none,2015-04-26,6.480563700257568,0.09202531365533254,14.074141667560005,0
28.104611517694114,91.83416389803928,none,none,2016-12-06,3.1845640855433146,0.19879767469833332,11.412902053611253,0
23.75049122518622,97.28683285140539,downpour,very_large,2019-06-23,33.70969171345282,0.5015560655297562,30.404341791852886,1
23.6850741558469,93.14832297877311,downpour,medium,2015-10-07,73.53897074763763,0.681163990189254,30.025449747691958,1
28.510054654929963,90.41777349170889,none,none,2010-11-30,7.097299478512078,0.3122876359538542,23.20700526331431,0
28.95579581545121,89.37969388913078,none,none,2010-09-30,0.7076585404344343,0.23491743693233738,16.284139476202206,0
21.7138496444773,94.49085981890053,downpour,very_large,2016-08-18,74.1269380758936,0.6401992807993164,52.11892078690043,1
27.219537441643645,89.40345917054248,none,none,2019-07-20,2.194444247487838,0.009307824898780792,12.221867233458998,0
29.53154916343873,97.79089747356723,none,none,2013-05-20,12.905864590572708,0.016002293507964806,16.566070063205967,0
24.22506903869974,91.94059912509469,none,none,2023-02-15,4.2034010616988695,0.08081501345476534,16.972665416845683,0
26.09955519528091,89.27274136374884,unknown,small,2020-05-29,18.629646212301438,0.4696269616078277,57.67489790320064,1
28.37505704138407,97.27550555301224,none,none,2016-02-29,13.854444537578692,0.07829774637188809,14.26119983606302,0
24.043061862663656,93.81777257261155,none,none,2022-02-08,1.4526294405163536,0.2967139255083843,1.1240509747472727,0
27.191079576737902,96.904808304553,monsoon,small,2021-04-03,42.756016147995794,0.5931468960041457,37.61041761778711,1
27.371539560485772,97.96387160909076,none,none,2011-05-18,13.570920346458495,0.08770984127187936,28.351556401252683,0
24.391440161566454,97.1391378136352,none,none,2021-01-05,0.8809157523653727,0.24741337701884913,3.682762201644251,0
21.565757095730323,95.66345478100354,monsoon,small,2014-12-17,160.385093786684,0.9381970450264848,43.28899625190718,1
29.29135298164261,97.00836468321505,none,none,2016-04-14,14.808127903239876,0.39744327256128975,6.477675724768103,0
21.63271944421785,91.10955761910625,none,none,2023-04-07,12.586480555652384,0.24057600635084647,15.530140536308975,0
26.13989044334659,96.46530641704459,downpour,medium,2018-01-15,41.3605642679933,0.7169015214688792,54.26085480636888,1
27.044666230227065,94.38520017706662,earthquake,small,2019-11-08,8.003289010486114,0.5395652319321147,63.91865624998347,1
26.049513416265413,93.92908837656532,none,none,2014-12-20,5.177573537707153,0.011448032176748547,24.657992337214413,0
24.932461683602803,89.97430877399957,none,none,2010-08-01,4.926699115822942,0.0902702759520404,11.61141889447628,0
23.415522386647424,94.83351485205117,none,none,2023-04-06,6.8727862283771906,0.2052445675697214,6.815690568316556,0
22.13293376648656,89.0523659438105,downpour,small,2022-07-22,161.00202071291045,0.9479702498637288,63.638784050456124,1
29.40745832000797,94.14095408777459,downpour,small,2010-04-18,24.50204904383311,0.6775340985831326,41.007182185216095,1
28.183998165894288,95.96149779094215,none,none,2010-01-25,9.901745886247733,0.0028396619773674472,19.293857493532222,0
27.822216283586705,89.90553438600138,none,none,2022-12-05,3.6575520534657096,0.036625704565697914,16.8077060439264,0
21.723617100269443,95.08936799328097,none,none,2013-01-23,14.82994024739004,0.1808258456098466,29.72323067312126,0
21.64711067988321,94.1527231854811,none,none,2023-02-20,14.486039382948064,0.0612161702032104,14.243221729725178,0
21.22526128090203,94.40464809562702,monsoon,medium,2014-11-03,145.49607328895834,0.7987035282784279,31.730296632911834,1
24.908733355332508,93.784171258177,continuous_rain,small,2012-01-24,165.71554688393275,0.6220744712918902,27.581445854846656,1
22.59436482290555,96.65891998889782,none,none,2019-01-05,4.198391398671494,0.3242156103044651,10.113091485433085,0
29.971899967063568,89.06554961977008,monsoon,medium,2015-01-11,33.647426938375204,0.6232137142668744,31.975105929760463,1
26.17228240838876,94.87052893707357,none,none,2014-02-10,12.072411164353738,0.16017864797068576,13.654516431375466,0
22.105180071033043,97.1577494855592,none,none,2012-11-26,4.678278530819831,0.22696832104376205,5.418207375318813,0
22.82142826922201,90.02891990889488,none,none,2021-01-03,7.0062567624772125,0.29888851298896174,27.744507351565517,0
29.545670271781628,93.5252257508451,continuous_rain,large,2018-06-16,149.570226535148,0.9624890488586326,52.89602452994647,1
26.629498793412367,96.78870299972121,monsoon,small,2023-05-08,20.70122653691946,0.5524854466520597,39.76000570467157,1
24.663589192404288,90.07200968841745,monsoon,medium,2017-08-28,97.81856380198073,0.6536026977479978,44.315174726340544,1
29.2330046970419,94.68247991842632,none,none,2016-04-17,1.0449161536417502,0.3288667750525044,26.42300136691056,0
26.222332867255375,95.19379450477241,none,none,2015-05-21,2.8753250712823855,0.2398857165152043,28.662750167036926,0
26.380288243789362,91.30729940065663,monsoon,small,2012-10-17,121.97467993654233,0.8755219612682599,63.37899086699649,1
26.641365954888418,94.66637854576236,continuous_rain,large,2017-10-29,163.27886751567593,0.9546427101913837,48.84470713236063,1
26.844522925827917,93.88513657526502,monsoon,small,2019-09-28,91.99581657959718,0.6460787293524988,35.23327166196359,1
21.481207717103803,94.44811030658819,none,none,2017-12-08,0.030989841937270612,0.22025752128333648,11.16561879487291,0
28.435364446161124,90.48678995881501,none,none,2022-03-10,2.189622779232268,0.22563023821663797,1.2672413711885,0
24.151508206111355,95.706191743583,monsoon,medium,2017-03-02,77.71785156427042,0.9407157707101266,43.75866681652002,1
24.165868258099493,92.58954926954681,none,none,2015-01-14,1.2716619488129566,0.3948710552331766,11.911842655799838,0
27.059347351365204,90.02156004873596,continuous_rain,medium,2011-09-22,112.74565898453864,0.8483318879272036,47.6403661711349,1
29.536795311600642,90.77177075554044,earthquake,small,2013-11-19,10.733070351325782,0.44525472694858614,37.66037388883592,1
22.394355450925474,95.19998213611514,continuous_rain,large,2020-03-12,101.21125174315488,0.5467432151844291,63.821704748777876,1
24.60222413992881,93.01938752252887,continuous_rain,small,2020-11-07,46.931995988891494,0.5027771948173678,61.294760104070036,1
21.773884279105637,96.78832174443205,none,none,2016-03-19,0.4446076762077661,0.10605210098083742,2.7085238956702473,0
21.399153010966177,89.95138630079876,none,none,2023-01-20,11.622487093057133,0.34315338464923395,8.187058930320704,0
24.196352871190804,96.90753721776095,continuous_rain,very_large,2023-02-08,129.13683412043014,0.5159215182449486,42.2365327730625,1
25.659905606815876,93.95335882260397,downpour,medium,2015-02-28,32.7115930783137,0.5620273090290075,61.765999953611804,1
28.870174112084907,94.23273313081104,none,none,2015-06-17,8.131207046051392,0.07002700489101166,16.70761335946327,0
28.71647622446928,92.08796052025849,none,none,2022-03-12,14.143763841717952,0.0926890457765298,0.8939370398765767,0
26.111121684523233,97.86265918124926,monsoon,very_large,2014-11-14,89.12030349585501,0.5343047487071544,48.54096609894819,1
28.38985626541737,91.61036373455194,continuous_rain,small,2020-02-28,182.8215818889688,0.7078449485961382,28.397091713046706,1
24.689500710378937,91.8938875549474,none,none,2022-05-11,0.9583804166537108,0.3237701176194584,2.7376495573602746,0
27.404646879351464,91.34969972039515,monsoon,medium,2022-01-01,182.9962883996691,0.7537535996997566,60.5765162474491,1
29.534240915919504,91.80697424182529,monsoon,small,2018-06-01,180.52632408283162,0.7803301494530144,36.13242611181785,1
25.00805769275188,89.66099472691974,continuous_rain,medium,2013-02-02,103.27161111542037,0.5482530866347018,61.8532151159523,1
27.29954246603927,96.06899500761794,earthquake,small,2019-08-04,25.384676185089972,0.2395224261590786,25.263114170277476,1
21.463118119279077,97.30036960584988,none,none,2015-08-21,8.94427670462987,0.2972355361709331,28.21318186916586,0
21.438171993575978,91.87582556231361,earthquake,very_large,2019-11-06,26.851694762391418,0.465164010646418,48.27549722195229,1
25.193618489575556,93.50066836456679,continuous_rain,medium,2014-08-08,169.4233552490156,0.9290696605540232,51.79226448080682,1
28.10296556416362,94.07820561011398,none,none,2017-09-13,13.184915098930023,0.13916839091581212,20.610007291624026,0
23.708870440269106,93.35638867945966,downpour,medium,2017-09-08,137.51549159167206,0.9305275016926926,50.95355992897049,1
21.26105265965291,96.98149861861634,none,none,2014-08-06,4.998404784469044,0.13399825026219184,19.80248184521289,0
23.951351112670846,89.88567673541341,continuous_rain,small,2017-08-19,185.88721142870415,0.7604357397677775,38.41927916238116,1
28.28352514223892,89.53406901849284,downpour,small,2019-03-05,56.88554223590409,0.9188530348677066,43.82300116450155,1
29.968192243422685,94.67095683658587,monsoon,small,2018-05-09,151.92724198302972,0.6100347928998846,37.575662748338765,1
25.946275435777316,90.96899651573031,none,none,2017-03-16,13.038310940074359,0.16043844240280764,3.2373757673689707,0
29.049171056444443,93.14914227438848,downpour,small,2023-04-18,158.88802829317916,0.6946335652680928,63.52504324669266,1
27.76534260385003,95.40494396715027,downpour,very_large,2018-10-24,141.8126126248281,0.7565902464473184,52.40452693732682,1
21.451708062351884,97.82754863192028,downpour,small,2022-06-09,30.622243725536556,0.6295747162111325,47.82957497204049,1
28.57319362965616,92.35151436407388,continuous_rain,medium,2022-11-19,36.248630131289815,0.9648417492215089,41.87491506760806,1
25.50381670643653,96.23674438667575,none,none,2020-12-28,5.076788416101261,0.26697733682461683,13.126197413006494,0
26.234926854013473,91.2369769274221,earthquake,medium,2013-10-30,26.420167840673557,0.5780749260231373,56.615094265606345,1
27.052873649391596,92.76947340352736,unknown,small,2011-07-15,15.353170470906129,0.537693735891236,46.93220417041748,1
22.570544594225456,90.4315997001176,none,none,2016-06-16,12.827792856158668,0.16521451450554384,22.917413590341408,0
27.99310718149397,89.66705327039638,none,none,2019-09-28,5.767500234084679,0.3346076302997383,28.64447035105043,0
22.335472288058885,92.02503181007424,downpour,large,2013-02-17,144.87114013945077,0.5287460740177519,45.13572150621263,1
27.920095123723144,97.33588336959498,continuous_rain,large,2020-10-15,56.08225588735861,0.5261395873730941,35.16846572103192,1
29.962759232978527,91.12334647755554,downpour,small,2023-04-22,145.65058360885845,0.9156410090585447,27.457365216605137,1
26.35379317702649,90.47494358851219,none,none,2014-10-21,11.178015998126497,0.315067142256618,10.319947138687063,0
26.021508655268573,92.64576649361294,downpour,small,2021-11-04,54.56698480071421,0.8285727153000481,54.75810067978772,1
23.33242721234852,95.03915809171576,none,none,2010-07-04,5.0732625417698936,0.13496304795207092,23.27671857277416,0
23.12612758058918,93.14118769260475,none,none,2015-03-05,6.382837697872505,0.18015456867288904,7.079918948049508,0
22.970735380257757,95.82465418890986,none,none,2021-03-16,8.195460162428835,0.2868718464640627,0.17901374069203446,0
27.843785822109233,97.79189415344149,none,none,2012-10-21,3.353024888091485,0.29978109995270863,3.2114996230690296,0
27.651370760786254,96.72113902538997,none,none,2017-01-23,11.779727763406976,0.16386410869604706,27.32577475728831,0
27.351275705573507,89.99043559670694,none,none,2010-01-01,12.94268083174743,0.07093958448732222,16.266930881179785,0
21.12510137563416,89.45609964917476,none,none,2022-01-21,4.36234445695098,0.1849191038057994,8.42056723561148,0
27.05574008846423,95.11259950508448,monsoon,very_large,2013-02-17,135.3562948347432,0.7426932863872064,29.026860231239468,1
23.379824801394836,94.55865190622404,continuous_rain,large,2014-02-26,86.30897083527492,0.9134151904658683,58.66876500602864,1
26.307190886676867,92.34293214711275,none,none,2013-09-18,13.092753624951534,0.2380666783267083,2.0545025946502014,0
28.001177043234122,90.88566399952275,none,none,2015-06-05,14.28094910476837,0.2955934610303223,0.36262008483782693,0
28.02483819087129,89.26899963880271,none,none,2015-01-15,7.422606865437171,0.03989868289002292,16.535771017986253,0
26.471444303436723,91.10135374842834,none,none,2014-11-01,5.4267930799321835,0.07522781154804292,11.009774092509053,0
26.889506970733255,92.05996061935154,continuous_rain,small,2019-07-16,122.60038487404233,0.8317690412307065,39.15248232382704,1
27.338095257397953,90.2596538740205,none,none,2021-01-18,0.7942908768061041,0.24779636647454148,27.675266860593737,0
26.967561429678877,93.553277654321,continuous_rain,medium,2012-07-13,144.74634221782657,0.7123152489290583,32.701646688523184,1
29.757479787396406,94.28690384713325,downpour,small,2019-07-27,91.16584533053843,0.767143143389921,56.947029249723215,1
27.13761029126823,91.66731639310746,monsoon,small,2022-10-11,65.0145848951424,0.6336116224206501,44.96933704206637,1
27.181646291331194,92.88825654334066,none,none,2011-05-18,4.011022504198677,0.3206831905272993,6.721261393759407,0
23.766952256816392,93.89441768926262,none,none,2016-08-15,12.774203443420447,0.24736222172149286,3.061234102553405,0
24.70535194406005,95.1313475941949,continuous_rain,small,2012-01-05,87.8459726056539,0.9912577825201379,59.65127115503022,1
27.524170805628422,93.50671633852461,downpour,small,2012-01-06,153.96715192738895,0.7542487139821671,65.7762526684975,1
21.143094777116545,95.77302172648237,none,none,2020-08-10,3.9539346013111616,0.061948983351278075,29.916727569467266,0
28.446793366603025,93.28560480614495,none,none,2015-06-13,2.72423694028352,0.19964250840462605,16.589286327341682,0
22.88435299820601,97.0473681321093,none,none,2020-03-04,4.352638161010708,0.34023574383376193,4.436630944744851,0
22.01093638249189,93.26913796250513,downpour,medium,2018-08-20,23.327945013862717,0.8343617701113246,43.332922951635894,1
26.83190476612672,95.20975848959085,continuous_rain,small,2016-02-03,175.05187767634663,0.7092033675525109,37.025898171507166,1
25.781395007248747,97.27902697483844,none,none,2019-07-11,8.45779519562625,0.2736793164890232,13.319290859762477,0
24.418948691051398,95.70602406937259,continuous_rain,small,2010-07-19,64.53952376158179,0.5329822273811871,59.56169818383258,1
26.09201726089794,91.95095762378782,none,none,2011-06-09,3.2771835082536382,0.3539066235948913,5.202204989110486,0
27.09803134873949,96.62001948477717,continuous_rain,medium,2020-08-01,58.25917098745014,0.7636205504083807,35.930908486616616,1
23.005625397667913,93.97705125993883,continuous_rain,small,2021-04-24,60.888455513945964,0.6808915038538386,47.983828199892734,1
25.94740424359512,92.989065518646,downpour,small,2019-09-08,145.43122900882116,0.9279632727289462,36.27097438212293,1
27.564227498756637,89.42033598949408,earthquake,small,2015-04-18,20.240929951469322,0.5351776670530712,68.59157982750293,1
22.302281190777315,92.82778592251742,downpour,large,2010-06-15,182.51190686111244,0.868986661926555,55.124975095870205,1
21.8662411282262,92.40607160797889,none,none,2012-01-22,3.584336528882834,0.0567059883754379,8.864807619147065,0
21.951626547420513,90.81915764753651,continuous_rain,small,2013-11-20,110.15563860466251,0.9966089456769509,46.657618098101075,1
26.477362073956918,93.83255307106634,downpour,medium,2013-08-20,190.58467257711152,0.6573291215782093,69.69219117749947,1
24.77879134306981,92.51171240508786,none,none,2014-02-11,8.402960412650671,0.18753355857753518,17.42430703040428,0
23.872619947567564,95.95578364921035,none,none,2020-03-15,2.055423715910848,0.20352898932286664,13.916501615521087,0
24.094381154332325,89.7793478890833,none,none,2019-01-05,8.997947639353622,0.3236083296474251,5.914500664930841,0
24.23702776187133,96.57760001949359,none,none,2018-01-29,3.711496760579451,0.2894182209711205,1.1796823777336218,0
26.72607249391802,95.29887110654914,earthquake,small,2018-01-03,18.577983695103057,0.5537820215235252,65.48915819076947,1
28.298468918693818,95.18283570449856,none,none,2019-03-11,14.690686944610565,0.25689280976622036,29.234265972851794,0
29.52050239338797,97.66812811625073,none,none,2018-02-23,2.713598065440997,0.1725782451902152,24.141900798109116,0
21.67424962033037,97.38969218816138,none,none,2022-06-25,10.570268303250845,0.1355490836158499,4.154241146882905,0
21.712540390275123,89.45804148572941,none,none,2015-10-03,5.935836236393396,0.20170210973327052,21.388936059720926,0
28.93973976651954,95.57958640627214,none,none,2017-10-15,7.9735838690660366,0.3328570814229364,2.3853146734558095,0
27.313550066467734,94.12630025911923,none,none,2010-01-08,12.51212988763145,0.381151529089832,16.46294083348516,0
22.579676495301705,92.99525817262979,earthquake,medium,2012-02-15,12.32156343457704,0.5059006027540582,53.17597316869352,1
28.924523416373617,89.7343986984584,none,none,2020-01-27,5.824470457297852,0.1843389026158959,9.805891943896807,0
27.08243391667551,97.41599377490309,none,none,2012-08-31,9.209269047832754,0.3656763848535144,11.648752072467309,0
22.147080965779075,95.2157279340621,none,none,2017-06-20,11.613179098448667,0.07069805520239374,21.777054030586864,0
23.974293733839364,93.24841971615294,none,none,2020-05-07,6.239404490945118,0.08741588436719319,25.6951261630842,0
24.100088344159026,93.8466459948273,none,none,2011-10-02,12.85027718551813,0.24266916645304445,9.735769234487934,0
27.324008439562594,97.21027938130213,continuous_rain,small,2021-06-13,126.09140025748943,0.8178148577056759,28.897285583997906,1
25.360349943718113,97.1754548534938,none,none,2014-10-16,3.7339205503275723,0.36534213408380534,28.439668293840686,0
22.269798398976928,90.59301935400191,none,none,2017-12-15,8.785253502813122,0.24367494130610964,20.943179113257774,0
25.70917659969028,93.82249011118893,downpour,small,2012-10-11,81.21719442921233,0.5508542913871884,47.92631330192219,1
22.989057700557126,93.08389747963935,none,none,2012-04-23,5.475650426401933,0.2569354734912558,27.6296534751094,0
22.33995843842222,97.2794196138253,downpour,small,2021-12-05,185.8249615727514,0.6136662608305211,44.740229519121314,1
25.25580374117127,97.69935735469674,none,none,2015-05-31,11.149841665844088,0.3964694576790117,12.362730797354718,0
22.386793045163724,95.5969323930034,none,none,2014-05-13,3.795175906462896,0.20805124191814475,17.692899739854585,0
29.444217430229436,91.81003092217148,none,none,2023-02-20,1.029442522402415,0.36544977646253685,16.590886066658296,0
21.09944798041627,89.59553157369557,earthquake,medium,2015-04-14,9.628680450954562,0.21793136640110738,43.29762108346057,1
23.848848013185112,95.18087943512941,downpour,large,2019-02-09,174.35639011010701,0.5461271506048154,69.20028028909374,1
29.020710280940623,91.52355640767809,continuous_rain,small,2012-02-02,191.3584107115706,0.6228569604427082,41.746420551363286,1
29.94803900522476,93.63270528030456,downpour,small,2012-06-22,189.963217073756,0.7070379442633156,55.30396299843635,1
22.449895273788048,92.44936374498488,none,none,2020-09-30,10.090481805386538,0.0020659868630014343,8.169037076594174,0
28.548575848164887,89.08545457271326,none,none,2016-07-22,6.82116400046285,0.17049265329140623,25.35767162968653,0
23.857208475973398,92.4833858944517,none,none,2016-06-11,6.64299581257999,0.05933154347590493,28.689869065465402,0
24.270354301132052,96.94882116539112,downpour,small,2023-06-09,179.29790508128394,0.6602684751981716,68.82790199545289,1
22.128854093411643,90.02606504299725,continuous_rain,small,2020-08-10,177.5057027241225,0.8757190050084815,42.24218875664515,1
26.15626513435063,92.84711988013653,downpour,large,2010-02-04,188.35320211405454,0.6664687984600979,25.639804524368504,1
24.29771822688618,96.00551197306328,continuous_rain,large,2018-12-19,166.2347328808688,0.7083624827483196,60.76952562530765,1
21.344893957759815,93.07224138612048,none,none,2020-03-19,5.177421983225071,0.31620825677058434,15.678314250721124,0
27.4158201065002,97.02619420428086,none,none,2020-07-13,5.7675777425744,0.04430525363307152,29.535919396583203,0
28.82721644001503,91.73166905117587,downpour,very_large,2011-05-26,74.67069944708126,0.5013132433019427,47.143908790023076,1
21.262005354107217,92.09877104862616,continuous_rain,small,2010-08-16,172.02406281073038,0.725492847148606,26.43849664369063,1
26.573096934202482,92.00408391087731,continuous_rain,medium,2019-07-22,129.32414763494074,0.8749137797285964,32.38032739397422,1
25.669331550107014,93.00689084602098,none,none,2011-06-11,0.595998306714639,0.24635392110816445,10.790213253478916,0
25.206730329211407,89.35612119880109,none,none,2012-02-05,0.8760200522745359,0.21376116775273155,7.260164984676024,0
27.685670896441366,91.28849393323706,downpour,small,2023-04-04,26.05821147916634,0.6744335524882976,48.45669873597488,1
29.568364565426343,95.65924281824302,none,none,2013-01-27,14.771453015309303,0.34470265047212145,23.596870662271854,0
27.516251083768804,97.3631367499439,downpour,small,2014-09-06,58.030884932639246,0.8316255744162594,69.1276977294637,1
22.65910739343353,91.89847011570322,downpour,small,2011-12-26,88.54864207266823,0.6002175415694071,56.016407052218526,1
27.186025274339798,89.77886587737957,monsoon,large,2018-05-26,152.6874882904374,0.6821891464455141,53.98313143117273,1
27.303273714503444,93.97808411068497,none,none,2016-04-26,11.100502332390622,0.1121166965537094,0.5159546865051601,0
29.115797748724432,91.00480375835942,continuous_rain,small,2013-09-30,59.580676468127955,0.599652761725557,38.48237487843789,1
26.49830174177278,97.3746399699356,none,none,2023-05-02,5.614581295221141,0.0033975629108280447,29.300120980928842,0
24.24875040639669,89.02639108668873,continuous_rain,small,2018-08-11,169.9746770314225,0.8131228392213745,59.82814936137498,1
22.119573741312777,93.45693533436977,none,none,2022-09-13,14.50840233217969,0.0915931121792331,7.545896873023963,0
22.4110298917391,89.37096008671622,monsoon,medium,2018-05-09,140.79036507083075,0.511001465108594,57.82875807496578,1
28.600192512595868,95.54266350017353,continuous_rain,medium,2020-07-15,90.81146616153767,0.6349852428002795,63.881584134984266,1
27.481396868735484,95.35991077932852,none,none,2011-11-02,11.840013270325311,0.04924904485988382,2.3548935060304075,0
27.72076005283071,91.80847338428318,downpour,very_large,2015-02-28,130.27381903054044,0.6113625158595106,48.66012011858282,1
26.087731377478725,90.39057397321345,continuous_rain,small,2020-03-29,37.68911700646929,0.7672850606880306,58.49811699237184,1
21.857359464753255,96.01902907349398,downpour,medium,2016-09-25,146.4410032389963,0.9977961132743439,32.706786408924444,1
25.307081866966016,89.10537068899735,downpour,small,2021-01-10,142.1124097133347,0.9833075666791096,66.40137512829594,1
25.374930263211766,91.79220362430142,none,none,2016-05-04,10.11691295222185,0.23703391700792006,27.702967032946734,0
28.43936017504692,96.33319634740651,none,none,2016-12-10,1.1745622896628949,0.32448235309473283,16.591439118396046,0
25.71611456383831,95.66848480310186,none,none,2015-05-13,5.986809563046672,0.28049973170719106,8.01659600562117,0
27.1284893263222,94.832656704371,none,none,2010-12-03,11.878375100789585,0.06277445016893708,13.359284912320138,0
29.392681751617204,95.53932989175516,none,none,2015-01-24,10.131662312720882,0.03543022382160599,9.63114985787992,0
21.619450520208062,96.95571925588993,downpour,small,2014-12-06,122.85126673776635,0.7563429029310397,62.43302575678654,1
24.754213668623446,89.72453069869562,none,none,2015-09-22,2.8559849946849547,0.1262664683304311,11.26526437604485,0
29.41446135145283,91.49464291653393,none,none,2022-06-03,2.4351757571548966,0.1684782074672515,19.524746649939633,0
24.952892740465053,89.26392171075207,downpour,small,2012-08-20,104.75429112458946,0.6340983486493441,48.20188977202217,1
27.2299359293505,93.78115905558066,none,none,2019-08-13,10.329029649225998,0.017628038617498554,5.494173963534939,0
23.984896719779513,90.82920066050131,downpour,small,2020-08-15,122.52049807169954,0.8471138677003522,26.956086348391388,1
29.525080450765195,89.30853561861284,none,none,2015-01-09,12.584787237676423,0.27557656733518515,17.482108023170525,0
25.43766678545319,93.59721269287206,monsoon,small,2020-12-27,91.59492345996108,0.8816846974546633,27.704662289342213,1
29.404734562135587,90.72818078081046,downpour,small,2021-10-25,166.3694890251767,0.5488724098550783,68.6487050514109,1
25.900545525361903,96.48755195388627,none,none,2011-05-11,9.151087739249007,0.2676857873168729,8.542828294410288,0
22.20750332993085,93.8777931226089,downpour,large,2011-10-04,112.0478366822263,0.9364034550085205,46.37322757298221,1
21.64374420129854,97.47352013327685,none,none,2021-10-23,6.947454768458667,0.35636323838518086,18.478486390548397,0
26.33405250821675,89.00548368390227,none,none,2022-06-07,2.4962922114560837,0.38214414748239284,13.344713762724497,0
28.402833894571486,97.48839259457232,none,none,2010-11-25,4.040566679100085,0.25520330596445023,22.7153002347343,0
25.381732211079267,92.85273332837839,monsoon,medium,2011-08-20,154.40267860584228,0.9376721948506411,56.262316193336446,1
29.263058842004426,90.01504256730775,monsoon,medium,2011-11-07,130.95165002085218,0.6769985166752446,66.52296705742586,1
23.21379839346005,96.23087067700196,none,none,2016-12-29,10.681639363321136,0.17757552241173055,2.353278103952544,0
26.84734580337006,90.55403304725732,none,none,2017-12-28,12.675563827734244,0.08400233395813612,13.782131409187619,0
29.447881145016844,90.4628078364347,none,none,2021-05-17,5.870745669448306,0.14403312783380412,19.569677266222058,0
21.105998378204426,92.98040228037273,continuous_rain,medium,2013-07-12,80.6077911223428,0.6144304796339111,38.153337614335484,1
27.213338998884666,93.35811343330492,downpour,medium,2012-03-30,173.12750062866883,0.5664432608520791,67.10876809007021,1
23.36288101902538,91.3001723928857,monsoon,small,2017-06-10,112.79547681908798,0.6242806105172106,34.79703587176364,1
22.795021339847846,89.45485356316956,none,none,2010-03-06,5.21695767363389,0.12634202005341622,5.520905997041721,0
26.22758036524292,97.2196260988412,unknown,medium,2020-12-12,11.799732456539024,0.5542543516462908,29.40039584533421,1
22.778781685999764,93.83309790863643,none,none,2011-03-21,2.076956100670866,0.06734773230356476,2.725766080327957,0
27.55142208677903,93.47099317072764,monsoon,medium,2011-04-20,113.04604393557835,0.5008047230193319,51.01353682235093,1
24.8653433120368,95.96808536611861,none,none,2020-04-14,7.262202470927749,0.11872218911541639,16.08136201663192,0
25.147676416517704,97.76026512777402,none,none,2011-02-23,11.609512782814525,0.252519051501546,20.031434344473784,0
29.237705170239494,94.53922684582317,none,none,2020-01-11,8.585658123368553,0.16626567073178977,20.849124430418247,0
27.853220750847548,95.30922756078688,unknown,medium,2019-05-05,28.964714783346395,0.2589743917070507,50.8096285517035,1
27.13402687823021,94.2785663358164,none,none,2012-08-31,0.44085421182537887,0.1020629818703856,6.762428489742992,0
23.13219911005524,97.30279741599031,downpour,small,2017-04-27,116.0221817240993,0.7348982008283413,45.66135035679871,1
21.85619014561828,97.70194359188005,continuous_rain,small,2019-07-18,109.2416167693172,0.6885116953593362,69.78266491290876,1
26.574603116288113,89.44571944022717,none,none,2012-09-06,1.812523262257557,0.21786514875706905,24.852368673752938,0
28.124309343801038,91.83525177691493,unknown,small,2010-05-21,13.920912254102207,0.28361074422495175,38.68774553435663,1
22.68977905318446,94.98179666692286,none,none,2019-10-07,13.60710081908683,0.20761639260384213,6.169888004432576,0
23.665575540634343,90.69411731298702,none,none,2021-06-01,10.421820018660032,0.05614162570181254,25.18167123938126,0
23.928258749835358,92.13001437677472,none,none,2020-05-09,1.0426278083683789,0.061456017397639465,18.555687976621467,0
21.329153088633653,93.05108473797523,none,none,2010-01-24,2.2830527523368502,0.28549165835681056,21.150985877985406,0
27.08312913211759,94.65046946983443,none,none,2021-09-27,2.444347014411145,0.010391187773531298,23.356162853532012,0
29.71337802373656,97.31698161314775,none,none,2013-01-17,1.0347012180672293,0.1211390142416609,29.44395043140148,0
22.46552325946668,92.07083462046015,none,none,2021-10-15,8.974235670226761,0.14829650938663574,19.79449762918846,0
28.495718519754092,91.40824992679734,none,none,2021-12-15,5.3335775975276905,0.17379790611040846,13.321546033270828,0
22.60388427496628,92.55791254652287,none,none,2010-12-10,8.538010559110958,0.2036706168598369,3.1195292364793605,0
22.958172254600246,91.04458725634255,downpour,medium,2021-02-24,28.925202019927205,0.8962395231239686,41.635667112855984,1
26.672156057607623,91.69393740007699,downpour,very_large,2021-06-14,47.14073315119553,0.572081281676851,38.257587609523014,1
21.455045429647463,89.32049835274935,downpour,large,2012-06-02,168.0953916590834,0.9576634015299447,29.84503806588358,1
25.807779651907822,91.51480697116419,none,none,2018-10-16,13.78495022464035,0.3502050549010167,19.802180500761647,0
22.82485775562055,89.53453472447747,none,none,2014-03-16,3.987085437830568,0.15322075871836033,24.724476459532347,0
23.76014900051297,91.62692239280099,downpour,large,2022-04-13,37.72300292909391,0.8001612698550509,52.12607729850942,1
23.25983150483436,95.01241809964502,earthquake,small,2018-09-30,13.492860657373988,0.22904895349542667,39.26764851999259,1
27.00071481887705,90.43665566792075,downpour,small,2019-03-29,131.10265534062628,0.8199574497010476,30.9022045506332,1
24.61078357344014,97.32993527017199,none,none,2015-12-15,14.844455554868757,0.15504885064838336,15.692477071044074,0
29.10302290779407,96.70320940993568,none,none,2013-09-12,3.2225232518761775,0.3365777782041396,2.646073072337546,0
25.01271017742326,96.2737486288726,none,none,2018-03-25,14.97788955240952,0.034895323889545575,12.92754786729067,0
28.451857893645567,91.55526568309068,none,none,2020-10-04,2.8908529712111806,0.11965329991716081,25.583276135179688,0
27.34194310392607,93.82234140570493,monsoon,small,2010-12-17,45.83289541817227,0.6355551943686959,26.234523934054753,1
25.669774759364813,92.31101290605459,downpour,medium,2014-01-04,152.5432419969134,0.7191509077919075,42.700672644074686,1
28.853899155789343,92.31682387005918,unknown,small,2022-05-28,8.73741136387244,0.5017373554636728,54.924327690288784,1
22.310930831862233,89.97916912219672,none,none,2016-08-09,7.959761214939328,0.02417292580141002,2.3305454601002373,0
23.425423044234428,92.01967136361257,none,none,2013-07-07,8.644384415152484,0.06931005259485339,24.41161807590924,0
24.908251264217203,92.87937397294561,downpour,small,2014-05-04,192.3071242827283,0.6744740140762516,53.898862929686004,1
21.342496447351667,93.48725363382093,monsoon,small,2020-04-10,140.3436855206923,0.5831913774798906,66.40115391215991,1
29.365421759317982,90.39972369547401,none,none,2019-08-06,13.049457793508562,0.04857315312039545,10.093852381901655,0
24.653752880751956,90.5658792256551,downpour,small,2016-01-14,68.4744134402691,0.9544082651195707,63.56450477350243,1
26.222739372357537,89.76510476513423,monsoon,small,2021-04-16,27.4646011641458,0.6242489152107631,37.934408325674575,1
27.11094329307525,97.22511605125824,continuous_rain,small,2018-04-19,51.402890347425256,0.7804507940481993,28.489554156540347,1
27.962041429768355,92.53393235088163,monsoon,large,2022-04-27,108.96812482452889,0.9175363302426642,36.64836507152539,1
26.75019570644282,93.21349363953479,downpour,medium,2012-11-15,62.27927524191268,0.8393913018825923,48.34997589971489,1
26.62126239380781,89.0832126587427,monsoon,medium,2016-10-04,177.4113131689113,0.9572829165699677,37.1784544904271,1
21.888481756906703,97.86846780929497,continuous_rain,large,2010-04-22,104.35885497399791,0.748018647974948,50.567353621883825,1
21.84703053249306,91.06633085218918,continuous_rain,small,2023-09-05,141.59861813518467,0.5976335428744517,52.349362171306566,1
23.088776599807847,95.59252157286545,none,none,2012-02-11,14.008637168505691,0.2401471539071423,9.555008677142489,0
24.876270183136533,92.49132741915804,monsoon,small,2016-09-02,37.999321983323455,0.6150502812360761,39.25184646712104,1
28.11036892553728,90.81319106294661,none,none,2019-09-16,13.93677831689633,0.2750250540031688,23.070527857444514,0
26.651093776166338,95.20801978467566,monsoon,small,2018-11-17,22.648999825087582,0.7654485307379215,63.80285882726283,1
21.730152429473232,89.70168574651491,none,none,2016-12-02,7.284221405776822,0.041709122019488065,3.4941407953868744,0
23.89541657827056,96.98955856739131,none,none,2017-04-13,1.1609203652303952,0.1773482761800178,6.231430927595357,0
25.94559348903466,92.01846328878435,downpour,small,2014-06-25,148.98316146454886,0.644402186932429,54.65765825078776,1
22.579876006037587,97.3170861522352,none,none,2023-02-11,5.1465593075452905,0.39800839186961623,24.983821242705265,0
26.226031094006988,97.28328561775136,none,none,2021-02-06,3.1861006556800566,0.21423714135684813,5.156988180718821,0
24.413508300648594,90.62120493419143,none,none,2020-03-31,11.628331850314147,0.2979083368793976,5.404990787801093,0
21.612949131910675,95.23126276364304,downpour,medium,2016-01-17,52.50160550037805,0.9760209875996744,61.0042816065402,1
,94.53191244042027,downpour,large,2010-11-21,123.1090574876187,0.5835100621474847,32.05973311389315,1
22.591784061102167,90.40409366345845,monsoon,very_large,2015-03-06,195.62197336656354,0.9604287880387118,44.71228029294303,1
21.072322637083726,89.16357735025247,monsoon,medium,2014-03-12,105.20940865941246,0.8834929078757114,48.23908452581212,1
25.102625945304595,89.98717838684317,downpour,very_large,2018-04-18,111.55119736259243,0.7874057615319251,57.94430508306738,1
22.094281950619852,92.57711618599997,monsoon,medium,2013-02-05,138.48802783944328,0.6370813829356385,58.71016366815108,1
22.957666346639556,95.98213052735375,none,none,2016-02-25,6.42396988489993,0.07887314593047856,11.507626217505699,0
28.000425633599367,91.99942578245701,none,none,2011-11-05,14.06159347534962,0.11487475284124007,8.72951560849335,0
21.566808578422517,97.49758812226113,none,none,2023-05-12,3.7885920576777847,0.07695640791983616,4.8712594795892645,0
22.401935620055617,96.07750921296298,none,none,2018-07-02,10.532099012776117,0.023270893994092393,18.68785792203431,0
27.26339156581497,93.77943176870447,none,none,2016-10-02,11.400057910942262,0.10622080328143518,11.668687057236685,0
23.538217867163393,89.68901295730404,none,none,2010-12-13,4.211323844608725,0.31576359665008114,1.8119843792947676,0
27.460873194937584,94.60872260511343,none,none,2022-09-05,2.540876651721607,0.043580614167494015,29.525238809708434,0
24.575050467415622,95.22563586841984,monsoon,medium,2013-10-24,74.89359817965477,0.8301302665261032,54.90068120755704,1
25.576924409055337,90.1966372569051,downpour,small,2013-02-09,48.1226025780464,0.5948411420548184,38.42778571398953,1
,91.47665929117551,downpour,very_large,2012-09-06,155.96122314086514,0.7843871147292425,65.87867144126245,1
28.49083753111718,95.25686334330811,continuous_rain,large,2017-02-04,26.601595777148653,0.8491136987370103,52.492670794907326,1
22.357283000910446,93.57668029904136,none,none,2017-06-04,2.598523693478984,0.3900585978877222,14.21525169367618,0
29.13142724561765,94.56350095961116,none,none,2020-07-01,9.110052408837175,0.27907741207897424,25.476556027888975,0
28.52249712466647,89.60926545596443,none,none,2012-11-15,2.02522786560906,0.3633519390178305,0.5948999882762651,0
23.794390464622644,89.3133044848118,monsoon,very_large,2015-10-21,170.16323852647488,0.55359418394524,41.8045553534501,1
23.300365226562214,94.97920372861722,none,none,2012-09-29,4.458185738594488,0.09527619708265817,13.09245308609949,0
22.157492554013103,92.13032708862154,downpour,medium,2014-02-11,128.0106327407629,0.5275768717880324,50.209969600162665,1
22.76765765884511,96.63105367244167,none,none,2014-12-12,6.099876682315865,0.27124719058494623,18.177484241746118,0
21.05275884824168,89.15074215211482,downpour,large,2018-12-08,58.38551491521783,0.9420090771059904,31.300338984621803,1
27.649920465745048,92.13686883725272,none,none,2020-09-26,13.315038816294479,0.04016057555313335,2.4700442727999903,0
26.410268542046293,89.07661082793,none,none,2018-01-01,0.3207085686534894,0.3408421512992427,27.91470027801584,0
25.14772809694363,91.89243140870117,continuous_rain,very_large,2022-10-08,71.70898504062154,0.9182280562965544,63.22227193972204,1
26.54283245313819,93.81580066483642,downpour,small,2023-06-09,138.16565271136696,0.7684054689049594,60.598570464656284,1
27.79812450020561,90.18324508471625,none,none,2018-04-03,8.208088921354706,0.11751369282981852,21.083547032540547,0
26.03440219855718,97.43187807919462,continuous_rain,medium,2017-12-14,139.03613392192693,0.7148584487369218,43.90996328636084,1
23.077300431600978,93.41271924439043,downpour,medium,2023-03-27,137.48428086140592,0.7953059744508446,50.54596100368716,1
27.73731431900366,90.50980008604866,continuous_rain,small,2023-07-04,167.1733553892074,0.5860568541427966,65.72835550243481,1
22.6722462590717,91.10899868300359,earthquake,small,2019-03-09,9.152438839737844,0.5205792341116361,48.05127745379471,1
27.81441196907884,92.64120417485806,unknown,medium,2011-02-02,9.387194277156134,0.42235645185162274,45.75755384299172,1
22.389577669494038,94.030013110032,continuous_rain,medium,2015-02-08,148.97737392840574,0.8827278591731456,43.71549064850609,1
28.835860790909994,94.41545778555135,continuous_rain,medium,2019-09-06,149.8547827307842,0.7490555946887486,25.219409213678944,1
23.911986442679286,89.75639980926165,none,none,2013-10-17,8.504573265753146,0.17270668266590988,22.812194717385974,0
28.923401609896317,95.72368501227729,monsoon,small,2014-09-30,22.145970801324133,0.7729429401243426,42.18957984169249,1
22.21206680696182,96.86203336227712,downpour,small,2015-06-16,31.172206475827025,0.5484120011006601,32.1400691513888,1
29.01185699892246,96.25891305367443,continuous_rain,large,2023-07-26,135.1687160394742,0.8808554384526659,41.032101942553524,1
22.519239073480488,95.84898102671472,none,none,2018-11-18,6.801638218535228,0.3994672916477482,12.259541925394924,0
21.035928778090195,95.5723630847718,continuous_rain,small,2023-09-07,134.27454809993054,0.7206034012348067,35.54023505690174,1
22.039318538246082,94.81680055592584,continuous_rain,small,2016-07-28,37.186299474310474,0.9704453228718852,56.75351446861121,1
22.758057216134127,95.42614803518089,none,none,2020-10-31,7.46283938350992,0.3474417962832461,22.113689881286074,0
21.424552632138425,89.43571808938025,monsoon,medium,2013-08-08,58.397811210070785,0.9510569841449042,33.754809169666885,1
27.5778264237499,95.17036512770288,none,none,2013-12-18,9.35590434444699,0.05230895690525142,7.66171102953415,0
25.695380692329362,96.81539443492106,none,none,2010-05-03,2.465771247677682,0.2527777750174076,6.4949458121382095,0
27.86042400039436,96.72447776453293,none,none,2022-08-18,0.15868340880976384,0.360636660512355,9.762555848703716,0
24.207067660063824,90.98952045570206,monsoon,small,2021-10-30,45.92033232502834,0.6423939027402173,39.33263969230486,1
27.627472933274575,91.83335862352872,none,none,2010-12-09,13.750260700842784,0.38313239587707737,24.300974367870538,0
22.25946040526715,89.02404070802491,none,none,2014-12-22,1.9066172574780653,0.1916592387832441,18.060597643505645,0
28.302617151387587,95.29020460377734,none,none,2020-06-12,7.6047329145271885,0.3567166429952138,4.476588157514925,0
24.13508814999919,89.79617083739711,none,none,2022-02-04,4.264059477744223,0.3605169850455674,29.37564821684157,0
26.644640100189747,94.32861386114855,none,none,2014-05-31,8.283956340248817,0.20086292710330045,3.8405752542323954,0
24.748350111376038,94.05775781567888,none,none,2013-03-16,13.193987951975995,0.11059330283529341,6.620601669210101,0
21.216798323682507,94.03448781216841,none,none,2010-11-12,12.933571667451824,0.14261835096279815,28.43061858175578,0
27.549925299019193,93.13972205239594,none,none,2020-12-21,10.292980628197352,0.048866468340076,0.6155443491561963,0
26.99117248999606,94.23729942853988,continuous_rain,small,2011-07-22,77.0327995766539,0.557002058639859,31.80527597310313,1
22.26647730454959,97.1190854700772,none,none,2015-11-06,4.404278858325772,0.299205354273009,5.78937004982671,0
24.904196310493855,97.60112283038669,none,none,2012-02-21,14.605471268559478,0.042927165760196444,1.093603181355276,0
24.52506355067038,94.57143772949689,none,none,2023-05-02,11.600177176764314,0.20006875182594738,20.487267566422464,0
22.26275318885446,96.11224889252159,none,none,2015-06-28,8.595242545778701,0.3963890299826875,26.384872281146514,0
24.613108884767556,93.9853381246898,none,none,2015-07-15,11.993571644772643,0.18456839154952262,18.572767495412158,0
25.26030447660125,95.19806794971932,none,none,2014-09-06,5.9586046509742365,0.28486288543700483,17.94003657758554,0
27.37963462995215,96.45677714149264,continuous_rain,medium,2017-04-21,169.4970559461088,0.6462133217720706,34.93206555574616,1
22.01309410177501,94.06694807856114,none,none,2014-08-27,0.4960229464153565,0.08748809812091395,6.017502483393894,0
22.229155917327645,89.82208922362254,none,none,2011-08-29,9.339567310197625,0.3354256554629087,18.397234626947846,0
24.894165644568055,93.14678308435685,downpour,small,2013-04-30,27.863440000090733,0.9644186018856162,65.49441136749945,1
26.633245380643665,96.38890959153585,none,none,2016-01-04,6.8016071417200745,0.2511893765908541,7.9973392941964105,0
22.960537412676786,95.42128108897512,none,none,2014-07-17,1.0823712687194202,0.19091461200635132,18.15402808823257,0
21.50079052845182,91.35915348984454,downpour,small,2012-07-04,65.60805398777367,0.5717266805542658,52.321859072470744,1
21.62899220848541,95.3141196891338,none,none,2018-03-26,3.2107433969613988,0.273354890052016,0.4331402897699399,0
28.88832023377369,97.76216830358848,monsoon,small,2023-01-24,84.23978426173423,0.9165031588808695,56.52630947083448,1
21.94578156735773,91.63031573011396,continuous_rain,small,2011-03-09,191.2138463709513,0.8359630670343167,68.4666256765212,1
23.08425890485627,89.97078745784783,none,none,2023-01-11,10.87269274430588,0.17820871242641081,11.151751316599139,0
24.488375201382876,97.2716301234206,none,none,2013-11-17,11.748399394198351,0.17197400042441677,1.679441894036694,0
27.529243335609216,96.5589207260341,none,none,2010-06-16,2.689452988446294,0.16626056902305875,19.805252262455074,0
21.009678157699177,95.28842972803989,none,none,2012-11-12,0.4750632276722988,0.3446436148420458,25.017491182089366,0
29.90837248299301,92.95160373690628,none,none,2020-05-06,4.557178301907722,0.11273375070392273,13.44315578910948,0
22.20680802058082,89.31581359995158,none,none,2013-08-31,13.212891753993393,0.34274897068435717,25.623428544170782,0
26.728359910679476,96.44494196398124,downpour,medium,2019-05-01,172.60331741159885,0.746302430549731,58.44721327249464,1
24.16725316649264,91.84280940911584,monsoon,medium,2010-05-07,76.22374166762023,0.7005985810115554,63.12343361455714,1
26.02533208117228,94.7743007961613,none,none,2013-05-30,14.841226337272712,0.24700208948187474,18.277404357698817,0
24.03044245469437,95.80773638983482,downpour,small,2019-03-27,66.81679092350412,0.6764302224339407,38.9013228939628,1
21.39704816603993,97.78314983175132,none,none,2012-01-06,0.774909098747128,0.1173768868581588,28.929691241828007,0
28.46868265645793,91.7036621084328,monsoon,small,2023-05-23,137.29492757090924,0.9314712009826378,38.767248830516756,1
25.66847408254758,96.5401987902403,downpour,large,2010-04-30,41.46555379725775,0.6752355473490468,48.9601543860891,1
25.588652725219028,96.41305360460773,downpour,medium,2016-01-20,28.19502388374643,0.6479218800071809,58.45336904424001,1
22.79301485071794,96.6875633178231,downpour,very_large,2019-07-18,39.47366564541758,0.5136191838133228,27.791500985712226,1
22.608799552298716,97.75473576895835,monsoon,medium,2018-03-14,160.81568489579834,0.7015390835196461,65.17363398879469,1
29.423115405549076,97.9275084065947,continuous_rain,medium,2021-08-12,24.943484342525693,0.5909969062578613,60.592383683432956,1
21.57980802525698,91.23390824778875,none,none,2017-03-02,6.924197968749986,0.26607152170432785,17.634465710144166,0
26.53881900234581,92.0605320218021,downpour,medium,2018-03-20,91.01247732579546,0.959483709755327,58.99119004215852,1
27.008868922039103,95.47211470379466,none,none,2016-08-31,3.0999120483377633,0.20309510448511836,28.488246495498068,0
27.05823535263069,92.26955306874841,unknown,small,2010-07-05,15.738086337456336,0.48726975222176017,46.67579109788616,1
21.370336883867793,97.19774851223939,none,none,2021-01-19,0.6280205052427312,0.183484790024267,16.577696186391034,0
23.99938743056079,92.02818344268552,none,none,2020-01-04,1.3975614051925684,0.10981384536006385,10.225399657474258,0
27.132328848811113,96.80154883531117,monsoon,small,2018-03-13,160.74735594475402,0.6223604585482273,66.78816841739008,1
24.837834708879612,90.46949121412474,continuous_rain,medium,2019-11-01,45.064098132262544,0.5670271993336072,43.474639582255776,1
25.74190973824748,97.17546662050347,continuous_rain,large,2022-07-31,169.83502999708463,0.8399630295362213,66.97886148059338,1
25.76859845203542,95.77344129903229,downpour,small,2010-09-12,157.49159096122628,0.571444875049081,56.230996555757685,1
26.824756137653562,95.5779189143778,none,none,2015-02-04,8.096579879194595,0.016797225205804622,8.098803795342963,0
21.88531037028637,97.37911574446831,none,none,2018-04-28,0.17906504553768632,0.18711932100062378,22.264999018389137,0
26.813349973623538,92.27887603925238,earthquake,small,2014-03-20,27.742124282913917,0.312079326905571,60.7087624203851,1
27.340145446117567,90.60322574404215,none,none,2018-01-07,4.410281657471172,0.31420844557948757,20.027483444524556,0
22.979858090542777,91.98542343762287,none,none,2021-08-24,9.137489951917942,0.06560459270057742,9.286449168930966,0
23.165288978497404,95.18450315669823,none,none,2010-03-19,7.98691323435163,0.37916946703494675,6.737213792349808,0
21.2733358593999,89.46550271771785,none,none,2019-11-29,2.4633057020391047,0.031000425689183465,16.298864481241186,0
28.005684278332563,93.03497991591364,none,none,2011-02-13,9.375835571854562,0.31676819106024157,6.0418748515476395,0
23.725197405620193,91.29422182956947,none,none,2013-09-30,0.40170396734952596,0.002939038014429896,28.221122190765016,0
29.826781350373555,97.82949893542386,none,none,2011-06-13,3.546448938251418,0.2578987817575485,0.5412176016947368,0
21.602739180736748,92.17394276669151,continuous_rain,small,2019-04-17,124.77320044935453,0.814831399891984,58.99177334476711,1
26.299891224594777,92.35008897144857,none,none,2014-04-21,7.787885094629122,0.020815757198159493,12.590550778815913,0
28.992106651216833,97.4828624671401,none,none,2013-08-22,9.254232351189852,0.3123328079095863,8.323610061790191,0
26.471493938130916,89.21880749809475,none,none,2023-02-11,13.478275487420833,0.07094429484830492,28.18347247522757,0
22.73035931555014,95.38886331392884,continuous_rain,small,2010-01-19,142.8730987291355,0.8645271253271278,60.110746741931806,1
24.393529304706146,97.45516767332181,downpour,small,2013-01-13,39.032413167076356,0.7491408807634916,63.37941144325528,1
22.398911728512015,94.61388736064526,monsoon,large,2016-11-12,81.35819429756418,0.8173641146388537,31.557529188352845,1
22.02159678299098,92.48325292532161,none,none,2015-01-11,14.24938583589013,0.3184093546011227,8.512297747517204,0
23.443619222155082,95.06762780843783,continuous_rain,small,2019-08-29,72.76238484927148,0.7756026123902372,56.778447258790194,1
26.830277397708336,96.18193593426197,none,none,2016-08-20,0.7474854953546795,0.37857270068992815,22.481134799679115,0
22.528625516191006,92.15616163156767,none,none,2015-12-23,4.41198798673051,0.3959847841257029,11.258869266615118,0
29.14122985551216,89.80552091726574,continuous_rain,small,2023-08-02,183.36275117913277,0.9658048189361035,27.991166665950622,1
28.75548381516696,94.50301129840852,downpour,medium,2022-11-13,72.32855485898574,0.7774308424814051,45.85758479089937,1
21.91908321644088,94.85401272725858,none,none,2020-03-25,13.024071141549022,0.03422832919320613,15.84859354172649,0
26.530943768670205,91.0298871583786,downpour,small,2010-04-20,123.57530341894372,0.5385652633517548,29.652149587053643,1
29.869945266631547,93.5132044305337,none,none,2014-08-27,0.5542458599779454,0.3394319374098861,5.634027148035992,0
29.445420542218894,93.62321143081385,continuous_rain,large,2013-04-09,60.37261385221096,0.984953452646175,67.70962909335776,1
28.424633327746744,91.57750992243226,none,none,2023-07-29,8.1262089567108,0.33391223584855584,27.683548776955906,0
28.26778034465263,94.48802569766103,none,none,2022-02-28,10.195966267998152,0.1282951028937851,23.66433552505067,0
27.519916519961498,91.23671433430896,none,none,2011-06-29,12.89787869867838,0.32401532683057355,6.939585795561084,0
27.861234505684166,95.76835171910506,none,none,2013-12-30,8.431163841907528,0.17282112345970738,17.07319413661596,0
24.159986060133175,97.13894288213747,continuous_rain,small,2015-11-14,59.299569955018285,0.5550701996360965,59.03263483833534,1
24.07140766405146,97.14814827166175,downpour,medium,2010-02-04,36.73227674395382,0.5091494754225789,52.901955131036445,1
29.77522297797536,95.33267691857323,earthquake,small,2019-11-13,0.22320373387766046,0.3262066038654875,29.63526336265022,1
28.881611812662456,96.23395598942693,monsoon,small,2013-09-14,175.4438723819967,0.5267267894615506,63.73977930681824,1
28.809620979162737,95.10575466076097,continuous_rain,medium,2011-09-02,100.03005721383609,0.5085110308729857,30.318541101576066,1
22.39074718483525,93.2164617946189,none,none,2014-11-30,3.649933525550158,0.39886557469600903,0.7212198292118877,0
28.697796415256768,94.18457486080737,monsoon,medium,2021-05-21,27.93224438789069,0.5002387641038666,44.11590936290742,1
23.255832839733703,94.03117419317002,downpour,medium,2018-05-03,96.36718913906063,0.9916802556300917,31.99723361640059,1
25.193271331490365,89.96969341194256,none,none,2010-05-23,2.1000724895934013,0.2954734606565108,26.48681756494887,0
21.39936589718433,93.17509905476476,none,none,2015-06-10,6.5077593437839925,0.14642056755308253,14.636486074045012,0
28.260954644245324,92.50666083796521,downpour,large,2014-11-13,68.63252221451384,0.6704569097992092,46.02145081252146,1
28.519371245540086,96.54800844631752,none,none,2015-01-07,5.139580074355017,0.10028798666305581,28.82621254633082,0
27.66595745112578,91.7477607164996,none,none,2017-09-16,3.524478377076976,0.34482695297030963,19.216536907914758,0
29.14974599661751,92.4644958082434,downpour,small,2016-03-10,34.4085576194286,0.6739837627673326,69.42569102253654,1
21.157403238784685,90.18077544527806,none,none,2019-01-25,6.3531755362375355,0.05976006465542945,20.144259077764037,0
23.44915548859878,97.20080412481309,none,none,2018-11-05,11.833143356666705,0.19398253356302508,5.360055689007398,0
23.331720479839298,91.8476570566327,monsoon,small,2019-12-15,192.1233934861949,0.623080286437832,66.31560225729478,1
26.808521405331625,92.31332324597729,none,none,2011-08-20,14.079036989319862,0.027098513180212083,21.126512267563744,0
23.867002318336386,93.43738878954237,downpour,small,2017-02-02,187.2544698744116,0.7096236187685903,64.36350272185982,1
21.019168874204798,96.26782593890499,continuous_rain,medium,2023-03-30,112.69927591038609,0.773204216894821,29.62099996502468,1
,93.33731234051149,downpour,small,2015-10-06,62.858624165461535,0.7911792394692081,61.33648969272833,1
25.424384978225042,90.41796345105223,none,none,2018-11-07,6.154843690322868,0.34398389123044876,10.566714114216749,0
26.04717763045285,94.8677163117328,continuous_rain,small,2018-10-17,82.52819901323859,0.9757394210586017,28.48532183388008,1
22.984312470766604,96.63061680588312,none,none,2020-11-25,8.999017749623754,0.18901962923358498,19.215678963863187,0
23.09954350790795,92.13875527623712,continuous_rain,medium,2010-08-01,127.68206362793858,0.8827094104897332,55.296957624805266,1
25.263917526413262,91.02953012307509,none,none,2018-01-25,1.7954932340045715,0.09248673275171751,22.480710796250087,0
,97.3187554907303,downpour,small,2020-01-08,167.93316496641037,0.8370585927574716,62.26411122816984,1
26.011400490477627,97.79088149531447,none,none,2017-08-02,5.948825094514285,0.34555262815470233,19.14609719131532,0
29.759431653457664,95.74888657601467,unknown,medium,2013-04-13,7.358731690348859,0.3574250978859609,34.1163227925003,1
21.130203912759185,95.8885794748247,none,none,2011-06-07,2.8514688501447623,0.18057203773644437,11.02519985797595,0
27.688692092254428,91.03506109011676,none,none,2018-01-28,13.95481178833065,0.2214021257674746,6.919424620757799,0
24.331484275674136,89.69994433342762,monsoon,small,2016-06-29,125.9999092976807,0.5412451839690473,44.361242396681305,1
28.788567105726656,92.13485257751023,none,none,2016-05-01,1.6275042982262007,0.22226835505458192,21.832258891877462,0
22.333685133567528,94.0035756826402,monsoon,small,2019-02-26,184.62988422222807,0.6803407548658874,61.744035248681946,1
29.488008022672787,95.95283136797498,none,none,2012-02-29,12.200397410027632,0.021018125549308223,18.307523192830587,0
28.56207001020563,90.08319060347131,none,none,2023-06-10,14.621951310860332,0.3599916164518665,18.151622032180896,0
27.49133644684504,95.31711433464291,unknown,small,2023-07-01,24.05824875573573,0.3404254109334224,29.183513456050164,1
28.896884901899263,93.25568216231346,none,none,2011-04-27,1.6702473931473438,0.14330338714070376,13.955659624387023,0
24.887371362404394,93.13653768425883,none,none,2020-04-19,11.70450195058503,0.3596032105744177,2.953236270764151,0
28.03842236928447,97.51113723439747,downpour,medium,2015-08-09,112.08351687114958,0.5809997257388045,32.72200558381461,1
22.4766180349221,96.27420267321331,none,none,2015-11-17,4.69390067934798,0.2753135674363089,0.9616125959829847,0
28.472812217977115,91.26065286148531,none,none,2017-09-21,5.860490047969708,0.1660420685490861,16.808684896496466,0
26.97101340920462,91.52430463007698,none,none,2014-04-21,8.5297902956059,0.026027243332063677,12.90877256792209,0
29.90798368854255,91.5161969853365,none,none,2013-09-12,12.675445511980579,0.24446456399079242,13.513090714973137,0
22.384716160432856,91.01056923170694,none,none,2010-10-29,14.048127051048871,0.06992217980194662,0.07361892846017182,0
24.819257545706954,90.56432099578245,downpour,small,2017-07-02,138.92189498018803,0.5306965919478241,63.71019345117706,1
26.62031557772575,89.78208365718065,none,none,2023-07-02,11.612274475052834,0.3708402166716503,16.327332450290925,0
22.28664308981214,96.17790250734247,none,none,2021-01-08,0.8207666689671111,0.10064485233145648,11.915355471329196,0
27.524830101127556,95.39450539747578,downpour,very_large,2013-05-27,130.07610427806335,0.767818543792478,37.92113979332787,1
28.246193721053704,94.41558311097945,continuous_rain,large,2014-06-27,188.83995857108496,0.8249741354180187,31.857948294301373,1
26.26535839820645,89.93575242135698,none,none,2018-07-31,3.0223305393140416,0.07178916222909097,22.89771145253596,0
22.46827502174939,95.59171079528822,downpour,small,2022-06-28,196.48146732443027,0.8583057217139984,67.0765012401931,1
27.305501265404967,95.63411706088178,downpour,small,2019-11-21,24.908512731301734,0.7903808323905339,34.94707707551041,1
26.062780551656644,95.6822567307171,none,none,2012-09-14,8.760492557437962,0.2754888627189375,22.753483895275252,0
21.552615996173692,91.24666904117242,none,none,2022-08-09,12.59178628582841,0.35946091241205635,12.511301603797625,0
29.813438160162193,90.44585415648363,none,none,2011-07-28,3.9815158635442476,0.3190103093089265,14.195043604033007,0
25.875942666328456,90.75003365880329,none,none,2011-06-09,5.0934845882734505,0.004309585380700032,10.935917156131216,0
21.8204529624129,97.11433370290791,continuous_rain,small,2022-01-25,75.23130961824887,0.7219635162554155,25.719270506999006,1
23.80770149643211,97.23177793394855,downpour,small,2015-06-16,42.279792776776134,0.6634976973982449,65.23043442490888,1
29.8084529883416,97.55241672001799,downpour,very_large,2017-10-31,79.13047646864084,0.5441066794200995,58.22657021410977,1
28.470018355338983,95.98194158124774,downpour,large,2015-12-10,36.55248627423474,0.6979434427322093,48.638656325908244,1
23.956623967899784,95.66191974240274,none,none,2017-07-16,11.638430837092498,0.07195572906055668,12.560056394229369,0
22.06877832464234,92.14220346316168,downpour,small,2012-03-17,179.0760578554506,0.7512708664504133,33.95912587546378,1
27.16858197611315,96.37620687357821,none,none,2019-07-18,1.191205126493493,0.06493107120252484,16.68083313132861,0
25.695785143725658,93.74116672293339,none,none,2016-05-27,8.38206085591445,0.027187184178123047,13.478985157490499,0
29.149696292131708,92.4970140378707,none,none,2020-10-24,6.3734986678259515,0.09734534776412135,14.111950744269853,0
28.620249166691217,91.25840634252245,none,none,2010-04-16,5.865087573035056,0.3134841900148348,11.075907646536646,0
21.193593528405604,93.93320402842922,continuous_rain,small,2011-12-01,107.92401948274659,0.9150640574508402,52.25761365940959,1
21.383191338819593,92.96614310194639,monsoon,small,2020-03-25,151.2028060507917,0.6641816088628552,62.88528604328158,1
22.55096396431798,91.93341027642839,none,none,2021-05-20,10.788077986253455,0.3453155268769246,22.027650904722446,0
25.966613806852003,96.36916676825133,construction,small,2014-02-23,16.53466318345629,0.5408635309185958,31.226298214155005,1
26.15631595354152,95.32838590474297,downpour,small,2013-03-25,75.60451617367409,0.6751388686615936,31.348383614157516,1
27.88626429269293,89.86826381320725,none,none,2016-12-18,1.7446406644427066,0.2818016040159494,27.8458397999037,0
27.09951675088962,93.0138379742041,monsoon,medium,2022-03-29,35.02431774236566,0.7017663515213299,37.95016738466993,1
25.274035378847827,97.74796501262128,monsoon,small,2022-03-28,137.2563510098941,0.9643264222739811,43.29904839471241,1
24.029384132032725,97.90326272160453,none,none,2020-10-23,9.16708643151454,0.15386066121453967,25.80816358354988,0
26.95350061413916,94.2207801420435,none,none,2013-11-13,13.141255019209943,0.2806407252556835,2.9739857374965375,0
24.08211524759059,91.16461453301204,continuous_rain,small,2019-04-27,95.0057528951811,0.8383405359954968,56.941203450787484,1
25.24339112752462,92.58513427010283,none,none,2018-10-21,4.565584044067296,0.21592840517255701,15.718065098808264,0
26.32287302601462,95.98805571052156,downpour,large,2013-05-11,183.9440172067556,0.674388862887475,53.11022929596974,1
23.570145286078173,90.56107019865733,none,none,2014-08-08,14.688741316500227,0.20903976580730463,17.436779809543495,0
27.428480946916793,90.00209781160157,none,none,2016-07-10,0.6040734099943518,0.23175489225667079,11.523427859037144,0
28.313291827436174,89.2751998044832,none,none,2010-01-14,4.5189113066636,0.09902317715507683,3.6916455466782097,0
25.804446793721212,94.28048970757094,unknown,very_large,2014-10-14,25.93608935126931,0.4258338291977183,29.608523433499272,1
22.24357572927672,92.06226390239654,none,none,2023-02-05,8.57923542522967,0.37720667428482935,3.263708075623075,0
25.782667008664827,94.83307328923205,none,none,2016-05-31,6.8727616646088965,0.21662641569234659,27.08490678023558,0
22.844763243507032,92.56673713635828,downpour,small,2019-07-26,25.000983302938995,0.6605175873213969,49.441367423629885,1
24.376283005094155,96.37840848037511,none,none,2016-08-18,0.9306103327232418,0.27708394456649427,6.8990186828378235,0
23.489707649923524,91.85849418002053,none,none,2013-02-16,11.501129203266252,0.16798182079768642,5.382747450425996,0
25.356759061297296,94.1260704692568,unknown,small,2019-08-14,22.52863373561532,0.4178489275624986,36.75468597732206,1
23.008880939394782,93.41577358842027,none,none,2016-05-01,9.761481182101452,0.1875109885813575,10.413503234142606,0
22.863088556402506,95.6169049166478,downpour,medium,2016-10-22,182.45129909332644,0.8266422039993159,59.28651081717122,1
24.28282501302157,89.45602869794858,monsoon,medium,2021-09-13,79.84209030061776,0.777900782981946,64.87882434503257,1
29.648350712518877,94.94914184924858,continuous_rain,small,2011-01-10,180.8174027239765,0.7234151918748876,36.23949496045858,1
22.656813950441087,90.77994589193948,none,none,2023-03-25,2.7772648001670492,0.15450864616186408,4.970927301796459,0
26.156486648283824,95.3246500563415,monsoon,very_large,2021-09-24,98.38104058538813,0.9730895379314479,46.32229122355035,1
29.980650592745633,91.6512629925611,none,none,2015-02-10,13.030284897373829,0.1855137954176288,26.351539638756957,0
25.61298315489915,89.76642318609053,none,none,2012-12-11,5.448535741673743,0.27847425878197724,29.97945970424408,0
21.26985472563065,90.24811129816466,downpour,medium,2011-01-18,188.26713933249087,0.562016056230512,62.497688456508946,1
28.693450439256107,90.99155693379463,none,none,2010-10-01,13.856861858683656,0.1339860790236936,4.554913231410641,0
21.332973980603725,94.8539991916195,unknown,small,2010-07-23,15.61225764650548,0.32904028301119836,41.17831269916026,1
25.52352407255623,97.9461758369177,monsoon,medium,2010-04-28,54.34407949172122,0.5376652314389889,54.64252518799029,1
24.487602095993644,89.23666494490581,monsoon,small,2012-03-09,102.52379342604407,0.710759877844451,48.644687837528934,1
21.515006249797732,95.1194083499524,monsoon,very_large,2019-10-25,77.69839987310812,0.6525850750038631,37.27096984872958,1
26.831343241399956,95.7076460868525,continuous_rain,small,2021-03-27,119.16839645036009,0.7758109174096094,48.3631890346976,1
27.679160596801104,92.13805477693634,downpour,small,2021-09-27,199.9176551317896,0.5861422909929301,30.077081967243224,1
25.49544335443995,89.1047118846966,none,none,2013-11-27,3.8590025526940277,0.3027090142774885,29.798551973848703,0
28.457950800194755,92.67462546250879,continuous_rain,small,2021-04-13,192.06288998314506,0.9172558208145087,68.32677187916181,1
22.681686176218925,97.893420199291,none,none,2019-02-02,5.067392804545959,0.19708546523733939,8.604972588431819,0
29.311799285362028,92.86199076259669,none,none,2021-10-01,14.192053453382709,0.21117814218419048,13.7881331941647,0
22.97201176291543,96.26587264080712,monsoon,small,2020-10-08,32.42735082421726,0.9053378496843023,28.597200653155625,1
26.124287143415746,93.6147106147165,monsoon,large,2020-12-03,157.9123342493836,0.9186765165575427,68.56680738139838,1
28.12833256791166,89.55334042648002,none,none,2020-04-06,5.864729344372963,0.2605314597228277,27.632246728249754,0
24.01690702549898,93.93503642900937,monsoon,medium,2021-04-10,84.21278198377236,0.7712336634110823,30.012744817733797,1
22.64749184626112,89.32102682102938,monsoon,medium,2015-09-03,97.09206933379701,0.76258537909469,57.7114371204308,1
24.191836150713147,89.0481439399774,none,none,2012-02-20,8.013202829266039,0.3474535593740114,11.498734544146531,0
25.18388716742773,92.2391266646514,none,none,2015-10-03,13.115709654534072,0.07880395712484196,0.6547014240867843,0
29.37089323577612,95.34133485884134,none,none,2014-01-02,10.784826284688933,0.15791207295596188,16.953306496260637,0
29.488162947440234,93.13665232111775,none,none,2018-12-02,13.05574767082983,0.25386471642833436,1.2146564010914807,0
22.13885866101733,92.88509157558545,none,none,2021-03-14,6.887238004804314,0.38564919339802833,10.270903759836889,0
21.754937164796885,95.23786477334984,monsoon,small,2012-08-02,49.617033662656446,0.9637362432890499,62.520369664556235,1
28.97405379464468,95.50587825913281,continuous_rain,large,2016-11-23,186.42320247465898,0.5160546904774319,61.51174004038577,1
21.953600729302245,91.7621330623388,continuous_rain,large,2017-01-10,38.5792656588895,0.5741774447125454,49.3476212998152,1
27.2342573814638,96.48958261024787,continuous_rain,very_large,2012-10-11,134.7794061054533,0.5381918682875628,33.84520920900445,1
25.882428381929657,96.22123623558815,none,none,2016-03-18,0.21300333004918126,0.27796118683587684,25.48543941972208,0
22.24616308518989,94.7207558738942,continuous_rain,small,2023-04-08,184.91297434987493,0.7216705436766973,60.567580873646094,1
26.611710419952523,89.68507064960187,none,none,2021-01-16,3.4366184518725817,0.08136791205309729,20.87445696267273,0
28.101664483493963,94.92907084115285,monsoon,large,2016-01-15,150.75473021296818,0.9865091943780246,57.167889154664834,1
27.978804558712476,90.00699494276756,downpour,large,2021-07-12,173.94191750226761,0.632528076195837,37.13133339437836,1
29.554255901235894,97.74140259694175,earthquake,small,2012-02-28,4.233713083317864,0.44592967413995954,64.99815319219363,1
29.530303780752718,97.12676056028249,none,none,2020-03-01,9.475858025572494,0.04310109773766224,26.830184963314547,0
27.099109954593086,93.2743700981543,earthquake,medium,2019-03-16,13.109161617248105,0.22609004782231473,43.71399733331993,1
24.484828993175796,92.16273839252148,continuous_rain,small,2023-02-26,87.81010627145261,0.5689091356582403,46.188853702980126,1
24.985137740433235,95.43483122406452,none,none,2010-01-05,12.34285587894713,0.27834023289551063,25.478853012908782,0
27.61820635451284,96.15984760458227,none,none,2014-06-13,2.439017058837056,0.2841444356426897,26.125428075118524,0
23.34932082205208,96.05118498885115,none,none,2010-06-27,13.209595365390406,0.034784200515671194,7.696271599755407,0
26.5754000743499,93.61195835740078,construction,small,2016-11-19,19.79100221276195,0.23441814949759798,43.357921220572265,1
23.84638689713964,92.13594419796128,none,none,2013-01-07,11.722793028066482,0.24358569037142208,6.421917250505755,0
24.46539016005652,92.71980218657043,none,none,2020-12-21,0.09530674402137451,0.11069374691194832,26.992651964370417,0
28.590137973047437,91.07918564459935,downpour,small,2014-05-18,94.56371746262042,0.6703853659231678,39.6365862465389,1
27.378132555985054,89.16496267922739,none,none,2016-09-18,4.674163882810437,0.36580666062014927,19.21221774255823,0
26.170580667459507,96.32637949426393,downpour,small,2010-10-15,157.23269163963772,0.6834051904492775,46.844011493439226,1
23.7226965745584,93.6975481829315,downpour,small,2015-03-30,82.42007245290282,0.8932397214547819,40.55594940131072,1
28.856497504111974,90.10282589798206,none,none,2018-06-29,4.550064056170783,0.00982252172647109,13.651428203409608,0
26.924323703962745,89.95660282772911,none,none,2018-04-11,14.519770691655182,0.05371555662334884,16.951781300876203,0
25.86042427173139,93.93018350357654,none,none,2012-05-24,3.2192154745555266,0.044440763648549236,2.182929931611841,0
26.240400706095357,97.59185384365591,none,none,2022-02-10,14.624852186456598,0.009769619262650454,4.9980875763437655,0
28.493666732652528,91.51783323552372,downpour,small,2013-06-30,146.89311274477802,0.7877001497083014,53.221944471512614,1
26.80573575643992,94.4992611087907,earthquake,medium,2012-01-11,14.202710369526091,0.2957679858149137,31.303809066679023,1
27.325374373172295,97.3271808692729,none,none,2010-06-22,1.3278274145685725,0.20182297829406656,5.622169107480346,0
27.8170930849373,92.65847191399402,downpour,medium,2019-06-27,153.44749896957956,0.5298366711529385,48.89133552684841,1
29.68082292292782,91.74138924677106,monsoon,small,2012-09-24,193.89397319179858,0.8491303983712959,63.713793771520166,1
29.26158728403346,93.83960798916425,monsoon,large,2016-11-02,157.32594688506052,0.5804012073613691,40.13712253890429,1
27.06934027099092,94.80402228183075,none,none,2021-10-26,10.67827517279125,0.1909758628780283,16.541677926732234,0
27.680506185757135,91.27740185839956,none,none,2016-12-13,11.925368962930742,0.027329403126328124,17.901898051724153,0
26.694210397285683,95.9246819563148,none,none,2019-01-11,12.350333118841021,0.23318545050894246,6.599482112074186,0
24.390283261733508,89.52205149043475,downpour,small,2018-05-18,54.45040075430903,0.7069252704641785,47.86477451710502,1
27.680411034880112,90.18119642339046,continuous_rain,small,2011-06-15,32.7893634227091,0.8982508770217006,31.192388069692033,1
26.76839896387234,90.98606664140837,none,none,2011-07-24,2.267853300618671,0.19963337384021307,28.918154293774556,0
27.87839854679365,93.4979596849896,monsoon,small,2018-10-22,68.4443600650896,0.5731008533674673,69.1955204052201,1
24.295977245127432,94.56878613151376,downpour,small,2015-11-20,66.88584225605746,0.6026123147618111,32.3732462668446,1
28.80918687434118,92.14042810304986,none,none,2016-04-04,12.143117568713327,0.3050369449021714,6.624226281341664,0
28.2183077874769,92.41208464482989,downpour,medium,2019-01-05,110.90752529633791,0.6196310008879593,42.26962258158888,1
25.048495080885285,90.59709390167278,none,none,2022-07-17,10.934646006629405,0.32608724250374527,6.956759496452353,0
25.33380047172784,97.83215645299416,continuous_rain,large,2019-02-24,49.661192530791595,0.5597365612619071,55.798799197199116,1
29.559962243610748,97.095535990419,none,none,2021-12-04,4.172152922728514,0.008217752517171429,18.103640630363014,0
22.068131349875266,95.25110019674659,downpour,small,2011-07-18,165.76178656506698,0.5855962483047086,28.542977040328235,1
29.952379119202092,94.9564965300298,earthquake,small,2020-04-30,2.7193707682289325,0.536190082906342,44.17926583984463,1
23.592340097882705,92.45419181988697,continuous_rain,small,2017-05-16,92.0395647622272,0.855662453097454,52.369333303016575,1
24.14473817658363,97.31363573869781,continuous_rain,small,2019-07-11,50.02301063247123,0.6985609366231413,52.636991854973424,1
27.7665845298805,91.96521734797913,monsoon,small,2022-11-04,191.54124629003124,0.9028631380117478,31.114780583322776,1
21.256479918097448,89.3277815454751,downpour,large,2013-09-15,34.49792227555923,0.9227216905181177,48.694389695429884,1
21.38651464628088,95.21411006204528,downpour,medium,2019-07-17,103.18263486297268,0.7255763007764473,39.93575877532135,1
28.525772425228972,97.9394237759936,downpour,large,2019-01-09,147.14670246178372,0.6016274310748477,48.177923262897124,1
25.498670137606673,95.85846110131129,none,none,2014-03-15,3.1245452207144817,0.04726193070274967,9.503035447322956,0
21.75079117017334,94.61065547268865,continuous_rain,small,2015-05-17,100.78356952017674,0.6530555750275011,67.4299994276679,1
26.131396130781035,97.38357343316878,continuous_rain,medium,2013-03-13,134.83700115463705,0.9648058048909567,56.2176642324758,1
23.889343228317863,91.55025463340982,none,none,2017-03-05,4.577898378179425,0.31884563878802546,20.969861385364613,0
22.796767565392013,92.45008107500772,none,none,2015-10-23,9.889938814640375,0.34741001765794316,6.751425749883531,0
23.0049450224441,95.760308082759,continuous_rain,small,2018-08-11,48.23070341682138,0.7422107393441373,67.42129804775618,1
24.92342821963604,89.72307698065904,none,none,2018-10-18,4.0027376670133235,0.2507297386197637,9.743740928656212,0
27.0906510949493,94.9295398644496,downpour,medium,2013-04-17,74.18847478492032,0.8085853352335961,57.413176404903744,1
22.395872258826344,95.92849172798815,none,none,2018-01-08,0.7301772672752432,0.23646261102893995,17.57966959200732,0
28.737562887602493,92.8856201656751,none,none,2011-05-15,4.971776095252488,0.3420847626381348,6.66307824974779,0
22.116267777193887,95.32928399223483,none,none,2015-08-18,4.031531040485273,0.367523283674017,24.77968252920034,0
27.6884742710177,94.46484039567417,monsoon,very_large,2014-09-06,147.77865961750533,0.8177005100113002,45.768712750691805,1
25.649083333985722,96.21287038291622,continuous_rain,small,2018-03-25,163.66078282160936,0.6569033847576494,27.5138190257319,1
21.740215135654985,95.85149699725535,none,none,2014-11-03,2.378488534348743,0.3452476819094124,0.4214869724602366,0
24.823903920608362,93.72045404184895,none,none,2014-06-10,12.034459266602738,0.21544306832915058,29.326561587259324,0
22.203241478510343,96.35031169491748,monsoon,medium,2016-01-30,116.70261010886222,0.6801724237455855,32.19164047600353,1
29.174028953517862,91.19039469210915,none,none,2017-12-16,11.939110585114085,0.059347213451129435,2.194234352682398,0
29.141433011525635,90.27060218749617,none,none,2022-07-17,13.281713529591007,0.3587939527350558,22.8081540167292,0
26.31381390468978,97.07685938688431,none,none,2014-06-13,13.597201924589351,0.0360020568672808,24.821706632518676,0
,96.88057807135553,downpour,small,2016-10-10,188.05662322616945,0.5407961468892288,64.73464917481947,1
29.65418821420073,91.65620914758772,monsoon,small,2011-10-15,104.76539706313841,0.8661717791432384,66.63684307544469,1
24.334888100801276,93.42166660041876,construction,small,2012-11-22,17.319746580982606,0.5493830045241526,47.06495810398512,1
28.7726703036518,95.37863466008537,downpour,medium,2016-09-07,164.07549658608198,0.7470706231845041,54.307591287728265,1
28.547283432045234,94.06689191676413,none,none,2020-07-19,2.4436450493760757,0.048285746225494246,28.970993755924425,0
24.697831885256054,91.42145104519479,none,none,2012-02-27,6.035573666202784,0.2718446027950003,29.742947832145838,0
28.4120664296581,95.15707187145107,none,none,2017-01-03,4.4305373418632765,0.36109220891031724,2.923792639281225,0
26.48887055304756,94.84281115171292,continuous_rain,very_large,2019-04-21,65.38933163940521,0.927848320049565,56.403801426602016,1
23.678321718838056,94.25722134925425,downpour,medium,2013-09-30,104.32861680710478,0.5300541489576276,43.828067003626245,1
26.80700593102567,93.38277942731683,none,none,2017-01-24,6.709656617745528,0.21918514228599728,22.94859197994715,0
28.02208883769161,96.40513797684336,downpour,very_large,2015-02-23,133.3499421687486,0.7848749449922019,62.48168778591002,1
29.316848592742595,97.34442913955614,downpour,medium,2020-03-03,170.52888665189147,0.6253080045890025,32.106411300439554,1
25.94360076085229,96.91247359295397,none,none,2022-12-01,5.465952137908357,0.048508096724857896,8.394766035307734,0
21.3651339175146,97.5866678836096,none,none,2014-12-11,14.357780336107517,0.27198318489250484,4.451787720692771,0
22.672150940977897,95.4748454341026,none,none,2023-04-02,7.8365878982812545,0.26685550771581873,1.8903061031364965,0
23.492448706921603,95.10900106034151,none,none,2020-01-31,4.976474669847406,0.1835493738337799,22.617007449774583,0
28.968287704363405,93.98017641806308,downpour,medium,2018-05-31,154.9432031122949,0.7303155030935,65.49399784702325,1
23.17873164598105,96.12859426884947,none,none,2010-04-21,2.096506216458627,0.32692696826004153,27.96640419628581,0
26.588089454961768,96.65489054640808,none,none,2019-10-27,6.597342323165577,0.22948546549759283,26.549510909642596,0
22.753246258896628,90.87812152712787,downpour,medium,2017-01-08,45.072454620051985,0.5688978283654518,29.91636428087509,1
24.375039782754296,96.5544082158768,none,none,2011-04-17,4.512612338864928,0.15130750326950132,27.106679822285468,0
28.277325260998367,91.03374052563737,downpour,large,2012-02-09,84.22004615564607,0.8468705084198408,46.919658233551985,1
21.274076476903343,93.66629649570916,continuous_rain,small,2011-01-25,61.98846021512312,0.9109439368582846,25.47268166608191,1
21.739282192328982,95.16797132415695,none,none,2021-03-24,4.400920138769346,0.3041787539168541,25.91336300022508,0
24.45160202010557,95.02318171598623,none,none,2015-07-15,8.56719560611875,0.34226402323731275,23.865670943311418,0
27.630973742846408,91.0147868617944,none,none,2018-06-10,3.9849867846691014,0.12262166271933737,1.6101933746829156,0
29.68222243258871,91.9388133858112,none,none,2012-01-15,7.401822819997811,0.14614715171938344,19.095945658243565,0
23.770788431571937,97.40060238253756,monsoon,medium,2017-04-11,92.53306100656368,0.6565283559108925,29.232327720801408,1
25.978841479934683,96.0756207628422,none,none,2018-09-29,5.061206214863972,0.19805287334182864,8.217167034592965,0
23.69542093798498,94.06702433091097,none,none,2020-06-08,10.320925338496645,0.31007499592635257,27.658325671756224,0
25.018010415372757,91.86835022268862,none,none,2022-02-10,4.767063244571881,0.23303897406053364,20.63240356717061,0
26.627434032749157,95.32835447794132,none,none,2016-06-20,5.223688684475412,0.14714888579557256,28.347502306428904,0
26.23755131599926,90.21723892612951,downpour,small,2012-03-27,152.0697395031093,0.6260590585431246,46.20656814064634,1
22.687915061893452,94.24382439212549,downpour,small,2021-10-16,171.16446571111817,0.8515685878619041,62.75391644478955,1
22.373370797187945,95.21963213456117,none,none,2021-01-24,6.186972395143732,0.22753231502053178,11.115949648776635,0
25.93017368916513,92.73289145607927,monsoon,large,2021-05-27,26.222490561328254,0.5983788202976583,26.007711322450575,1
28.67940150491603,89.63114214802692,downpour,large,2020-08-30,112.35549456366832,0.6771342100846071,69.40262442242587,1
29.308722896890284,94.88660959836477,earthquake,small,2019-02-22,9.821858886354775,0.2506238069745839,62.13072607111003,1
24.194345624227214,92.1386839422202,none,none,2021-06-15,14.886640681934502,0.13213542225025451,9.329390017181998,0
24.190060228508422,97.2118948815002,none,none,2014-03-27,14.386535386591595,0.3018940485271357,13.259368302368825,0
23.65082200421159,92.65358644662732,none,none,2012-10-09,10.634214727037502,0.2786264769141873,28.159040657513458,0
29.963813236708344,91.79363296378696,none,none,2012-09-10,9.942953666459285,0.23768829797593505,17.303678233154724,0
25.24134022764271,93.08659877504418,none,none,2014-10-22,13.451460851463597,0.3892528337945149,7.466062332537059,0
21.594633321388486,91.38556728607048,none,none,2018-08-18,8.889795634382608,0.14787183706919804,25.096311044226578,0
24.384797979421894,93.9882613324237,continuous_rain,medium,2020-02-12,119.7029600404293,0.5303211076508928,60.27888118078009,1
25.505968831397293,89.86799199236185,continuous_rain,small,2011-07-26,150.25674188730412,0.6769416596022149,68.98498911404005,1
23.62268499664509,96.22408501933695,continuous_rain,medium,2019-03-22,169.8511610536805,0.9545404345312589,26.73688757765418,1
25.652897390204465,94.45076592773961,downpour,small,2010-05-14,46.41195950348123,0.8106014148502461,46.70671941421003,1
29.461013493947522,93.65624261023225,none,none,2015-09-29,13.668926775152332,0.39385212960981225,2.143482258834034,0
27.207754672099306,97.54014194827187,none,none,2014-02-24,5.942192025545966,0.04668034209732968,25.104165126233625,0
23.50508991821709,95.53806930563088,downpour,medium,2021-12-18,50.128686568437736,0.8074272689533122,53.78698433929192,1
24.898658022508446,97.14396917811844,continuous_rain,small,2014-11-14,64.96680321887592,0.5973667727563104,45.42011993388195,1
25.341804655183967,93.24888198133242,downpour,small,2016-12-13,55.211660908697766,0.684173241616957,31.450797967704474,1
26.527125332364978,90.88286734736126,none,none,2019-10-05,7.004133422951736,0.05932124809010611,29.935672982968534,0
22.730058168668226,93.6150710079696,monsoon,large,2018-07-14,187.75881797245884,0.6022730939295486,56.23220425539808,1
27.167586930918805,96.26355631440471,none,none,2018-01-16,8.936374704228541,0.10488618506794088,1.3734357822764398,0
27.44959290862098,97.1968014625463,monsoon,small,2017-10-26,27.11949944422833,0.660855021943795,64.56785030259684,1
25.200137836762895,92.42567805852212,downpour,medium,2017-03-15,194.50575662133977,0.9729754104556314,27.27214142788564,1
21.160619662737936,95.84520388028115,downpour,large,2022-09-01,175.95217229962532,0.502869117193754,37.24443698202319,1
28.284013408951353,97.68045807560827,none,none,2016-01-04,2.0308840062949103,0.2954875360474055,9.233652418088369,0
24.73338962701572,93.06793147570842,downpour,small,2018-08-10,86.83480391167969,0.6581370647478268,52.92676078426088,1
21.06296442906867,90.38786054741627,downpour,very_large,2020-03-17,32.602158659144266,0.8517209469396432,54.889688748458056,1
28.905638757792882,91.45799652974513,downpour,small,2020-07-08,21.988591888073866,0.5162698369226298,35.04433338982333,1
29.817724986087818,94.35190637305848,downpour,small,2022-03-29,28.525453531492435,0.5535044257953203,55.68767092296066,1
25.905272639621252,93.91008324658888,none,none,2011-08-01,4.547359543939465,0.3520012310885671,11.352389018162576,0
27.78898346503216,93.70531585583366,continuous_rain,small,2014-06-26,178.72186497779703,0.8052107904978729,31.58173201669664,1
24.289531722558493,91.12203625690208,none,none,2011-11-21,3.2328600292686813,0.18706403429453086,27.978188096425672,0
21.041652048465316,93.37591022665563,none,none,2020-12-24,5.946149117836111,0.04107198819999063,8.11448532759179,0
27.334171910279046,96.2603826332836,none,none,2015-04-29,11.80103660181925,0.1982824364498247,23.672096722998972,0
27.517638850747907,94.78064486483026,downpour,small,2019-12-08,83.30850364887729,0.8457350658700076,28.51998362611972,1
21.433727265762997,96.07485574510889,continuous_rain,medium,2014-06-29,145.72268672007098,0.5867157809111031,50.451958601644534,1
25.248707847813936,95.67141253401658,downpour,small,2022-08-13,117.85031236020731,0.5789596042238405,49.457179652452396,1
22.315066286303768,96.15592476599322,continuous_rain,small,2022-01-01,73.60221466482231,0.7480523660566496,65.58421489504428,1
28.861673261118135,89.2751735957551,none,none,2015-06-16,5.376772903234541,0.13004319454394175,24.433198726078334,0
29.655353190752265,91.23409657746544,none,none,2015-09-24,0.9316146488989285,0.0159414598226721,9.530028874565255,0
,91.71776626589666,downpour,small,2012-03-30,63.589537310008154,0.872271068480472,50.03495860627379,1
27.7398987600471,94.64817868251544,downpour,medium,2021-03-01,161.86767519018895,0.9292206116466472,57.66925745957106,1
29.186621200093725,97.76165554036277,none,none,2016-02-05,11.340123912469922,0.00023398840730903814,24.77777750979705,0
23.40270935909388,94.83662298402618,downpour,small,2019-08-01,160.49017315962385,0.6444631571820935,54.88397305324123,1
23.034318818732277,97.06104536639806,none,none,2023-08-06,8.135118303642413,0.37290193224584883,25.76578083733929,0
24.480553286565375,95.12814614929661,none,none,2022-01-13,9.934275139080741,0.3770331405665816,17.640962890823758,0
21.622641655120383,92.85904403091101,downpour,medium,2022-01-24,173.07666148647573,0.5195935677166967,38.1734447130735,1
21.810433196162666,93.94111744778202,none,none,2014-11-04,2.6189867783644667,0.3941697613282563,4.381010261994155,0
27.562524479751232,93.16346268347874,none,none,2010-06-29,2.850908736965108,0.19581620220441465,29.25085336966683,0
23.250271820013033,89.37835811854342,downpour,small,2011-06-28,81.79817322523975,0.5284029461250985,48.89771395794319,1
22.098686028429427,89.0810932613178,none,none,2014-09-26,2.814212313243716,0.336293371156303,23.927410922929266,0
24.28507798529738,90.97445265440723,none,none,2015-04-03,3.680889462289891,0.17058187902753297,2.1186763109088593,0
26.35852643857162,89.85969223339772,downpour,small,2011-10-23,180.62013230064483,0.6255097851170818,39.48667791373978,1
29.182871671559493,91.81040178821043,none,none,2014-02-22,1.8327490400222408,0.25968792150935627,11.22254752885355,0
23.85363071958178,92.4538434203944,continuous_rain,small,2015-07-25,128.52955013354588,0.5244854602022657,33.10913110981711,1
25.83852103595359,94.10196005937219,downpour,small,2020-03-02,64.0271422427115,0.578538843318955,58.63101352405109,1
24.205819232012175,91.47621673604105,none,none,2013-05-27,5.485152878390587,0.010753096090648118,27.61556889681543,0
,95.86785717469877,monsoon,large,2022-05-21,189.0094072504277,0.7741533654571264,42.711343034296746,1
25.17360901552314,90.53892142275622,continuous_rain,small,2019-07-12,112.01961187757776,0.8204376511255774,58.018602880263465,1
26.6878316174529,97.3655882980103,monsoon,medium,2013-09-10,134.29389285436602,0.5893456132877366,29.394460268472294,1
25.242947793083427,93.14448919185871,monsoon,small,2014-12-05,129.15588656931203,0.5613996111238154,39.270510373114796,1
28.428581542459312,94.09762589277184,continuous_rain,large,2011-06-24,153.73753509182654,0.5469711333857814,63.21363725843054,1
27.518392326114967,90.31885239352842,downpour,small,2020-12-16,147.8298602351798,0.8126761347487237,32.85274114332842,1
26.639250056134856,93.13009770962769,downpour,small,2012-05-31,135.771744500746,0.6521171005243398,64.62083196446369,1
25.474341892446862,97.3482793013708,monsoon,medium,2013-07-14,81.52128651132986,0.7672442448452226,35.0094677959549,1
25.017138181818915,90.44128460448952,none,none,2011-06-21,12.749615173043459,0.07117141971678796,14.472922647708144,0
26.29916590202081,91.27912663064734,none,none,2017-02-05,2.1781137426996837,0.25076894529117316,10.770702450915422,0
25.652475112890755,92.69565816922004,downpour,small,2019-11-23,98.08300826472941,0.8944846363527634,56.12891330149568,1
24.977041935158038,95.34474107718638,continuous_rain,small,2016-07-19,134.41566152626655,0.8075050159643922,30.54984970879226,1
24.180684063255125,90.0285699104211,monsoon,medium,2011-06-28,41.2536299730581,0.9510382322491139,66.8345620562202,1
22.8098087556857,96.78496808274402,monsoon,medium,2015-07-29,197.13220809106542,0.899515891040952,44.14260914933831,1
26.835419722349585,95.68594685605129,continuous_rain,large,2021-09-24,45.41274262721893,0.5207723443436885,49.35256068129155,1
28.786973640304385,96.81453061469267,none,none,2022-09-05,2.258493331171658,0.232181305586438,11.767561008165492,0
29.26024482029286,93.02230678511715,none,none,2016-09-29,4.459191385640066,0.2574137761397134,14.851252472458965,0
29.714109594341082,93.7848339788374,continuous_rain,large,2013-11-26,120.62827193703595,0.5202063764098273,31.902743547429786,1
24.69714639580757,92.7351858980736,monsoon,small,2013-08-24,90.70876782192852,0.5633331114821607,51.86953537803731,1
21.921464747760258,96.1609365636786,none,none,2014-02-08,5.459973016507504,0.16754125987111476,3.668392474912472,0
,92.05017388068316,continuous_rain,medium,2022-07-20,191.07518251779558,0.5570425751508816,28.129927026201443,1
29.560104080684734,94.08842718954591,none,none,2014-06-06,8.539694562733782,0.22237516660616077,2.216876842251753,0
21.440103781698706,92.78416862060665,none,none,2021-05-21,12.851764000791247,0.2286476522232771,27.968307328876755,0
21.277735375013844,96.12790974080427,construction,medium,2023-08-23,24.40404638267927,0.5031772075778176,66.14552523314379,1
28.697025575464643,91.28708095025313,monsoon,large,2017-10-21,143.93855372162852,0.9524918768594293,51.841837085636584,1
21.05835425098645,93.6454119251016,continuous_rain,small,2011-08-19,152.8945280319803,0.8287977688263954,33.07713042526781,1
22.650628621937756,90.77680895710047,none,none,2014-07-21,1.1114461615416094,0.2299667649900226,9.581770143580782,0
27.896023134804032,93.30062069962258,downpour,small,2020-12-11,38.45615841298405,0.5769021728392396,48.19572488379801,1
22.4404374564457,94.18138184465518,continuous_rain,medium,2014-05-05,188.22131058490766,0.7225584106488804,44.13323278250139,1
27.437594998602382,93.47383170829931,continuous_rain,small,2010-06-25,66.36682644524495,0.8251695857267907,56.70790259226774,1
26.201500793132336,91.85768173798068,monsoon,small,2013-03-29,62.85544868092827,0.9349364795785962,37.38100520603575,1
28.160389678949393,96.84026978404174,continuous_rain,large,2010-10-09,62.07204881482662,0.9053507704008158,39.46729002782311,1
21.108198232482916,96.97970368222906,downpour,small,2013-09-26,199.62339935740403,0.5568317175104966,63.424364797486916,1
29.10537278944876,92.42737188923566,continuous_rain,small,2017-02-20,21.102666063340386,0.7015222911915879,27.143383919645576,1
22.369942207208904,93.47613538225048,none,none,2022-04-12,6.373855025479395,0.33281600275844786,15.427964572147875,0
26.39776660903949,95.0271692755666,monsoon,large,2013-04-12,71.67027003464536,0.928223022759738,56.84851678227457,1
27.608137800013367,89.57746849493917,downpour,medium,2017-08-15,71.97981745004057,0.6406009841196796,59.701568632302255,1
27.0233904621973,93.09790470866339,none,none,2013-01-02,7.685524800072311,0.2336587822556171,29.027904368702767,0
21.024735796952765,96.67013350092462,none,none,2019-01-20,2.8871780695224625,0.23270224914517756,19.88846618039912,0
27.76313614247019,95.24060344131928,none,none,2018-04-01,9.603098123528381,0.16117996288518477,20.411420123120145,0
28.901168141577315,97.88346754162716,none,none,2020-01-31,6.180674897702076,0.3618859837589462,11.910572317254985,0
26.60245123422751,94.90927818863904,earthquake,small,2023-03-10,24.281462107186456,0.2746893416115015,50.165918402584026,1
24.779060905105403,96.51958154673758,downpour,small,2016-03-14,28.212849021473748,0.6946019273644906,64.57949139921291,1
24.922673188950526,95.24676712989472,none,none,2018-10-23,7.809728559232097,0.054922149168352835,4.509419094334213,0
28.256127160352968,90.33046016179902,none,none,2015-10-31,0.3589630692689755,0.13087489266642635,15.605202832731187,0
26.280390343403234,96.61542093814734,none,none,2018-10-03,11.630754412818003,0.3501314649931825,17.417770300821395,0
26.025182902205458,96.66680589564979,continuous_rain,large,2022-02-06,65.13206894643021,0.6535870980534662,45.320643256841066,1
21.201621254305444,96.1318079194667,monsoon,medium,2010-11-18,48.90006952918157,0.9047366931238645,45.581796416982314,1
23.790446825309925,89.94317041364329,none,none,2014-01-12,1.7615206785175257,0.2461472705346974,26.183888304928644,0
21.50928549027261,90.272877757368,none,none,2018-01-19,4.205792935131955,0.09712432719742932,4.217634386323664,0
26.49725541484652,89.67719441096254,unknown,small,2014-08-20,5.634273983693712,0.5537850195774381,49.361851219308896,1
22.079018114738105,89.50442702963946,none,none,2012-02-14,7.962604454156884,0.31592395098682735,12.374173073117111,0
25.083356662159314,95.52715851135636,continuous_rain,medium,2017-04-27,141.87232323332415,0.9464429859369434,54.86513105557853,1
25.930702289508073,95.5523191800913,monsoon,small,2020-01-30,105.88875374994454,0.9245041723999592,34.933298024626794,1
28.940549625932345,96.00374070088003,none,none,2016-02-06,2.436127405091783,0.042768280322738585,28.686783964970196,0
21.760640084253406,95.86484053848015,unknown,small,2017-08-07,0.9463072216081192,0.5338447174291919,53.40955000012168,1
24.414283964119427,96.30959988328352,none,none,2023-08-26,7.955657670048552,0.06894692721632155,20.02440620959792,0
29.34772111654139,91.3346631458223,none,none,2021-01-28,7.696177119647527,0.27506101723764853,19.821411232110414,0
25.917006182500895,90.90760058676628,none,none,2021-07-10,1.3872268360952011,0.017136356822652576,28.188017572874593,0
22.510595400525574,93.13963011383669,none,none,2015-08-15,14.59687272624272,0.23439371182287402,29.02909505849483,0
23.86681669419956,94.7467170189092,downpour,medium,2012-07-08,104.08065157849033,0.8599990324821053,45.02305309632831,1
24.942532476298393,93.7652355078475,downpour,small,2018-07-31,186.97249879379996,0.7205134742882718,52.05903940151654,1
22.08384224435698,89.65928656835636,none,none,2019-12-03,8.712407770535753,0.14182588718175673,11.632061126121375,0
29.469737817596645,91.7666469634088,earthquake,small,2016-03-17,15.74209690330197,0.5666313460470991,28.754029876347317,1
27.794100982665967,91.75751552773578,none,none,2018-02-04,10.721183554778296,0.09368363371310684,3.442042128936457,0
24.686888174307338,94.97099756796842,none,none,2014-10-14,0.33339610872782477,0.03089228844938994,23.640435694264387,0
28.51686133389009,96.73734810230664,none,none,2015-01-31,4.416533066976881,0.29751241523682576,7.430251872880547,0
24.96251059472799,91.20372999239132,none,none,2015-06-20,14.40638643018475,0.2301675666862397,5.475814378913052,0
27.73114927461074,90.93183663659319,monsoon,large,2014-10-07,167.58063349753226,0.5254025987987663,35.38676605358485,1
25.07089703803505,96.63992523609747,none,none,2012-05-29,1.7509892953109736,0.11847575940880582,27.14418913537222,0
27.31855085893438,97.00323533126668,continuous_rain,small,2011-05-22,177.12523229955463,0.5167445999774861,46.21178284096859,1
28.81447218602728,96.15576365918966,none,none,2013-02-24,10.490486261339665,0.0661096805596607,8.106451133288372,0
21.349259830435923,89.78867537556773,none,none,2015-08-17,3.8324290015067946,0.24282997755048946,19.604595626240304,0
25.78384035399363,89.78342857755857,none,none,2016-05-07,5.634162284128509,0.12044720279743437,15.996359931521344,0
22.050178531075275,90.64007884612204,none,none,2016-11-03,8.19836110634126,0.14866796638166538,2.4485712545460405,0
28.000546612295,95.4999229560975,none,none,2017-10-30,5.000235845516858,0.2719389115628192,0.4081597382015245,0
27.548361989734865,89.85264853874759,continuous_rain,small,2019-08-22,159.99786098066357,0.5443542482292252,57.58402209372809,1
29.25888221476614,95.79447073874017,monsoon,small,2013-09-05,127.21349187269027,0.6399064008246238,42.07746191884716,1
,93.40867695950169,continuous_rain,medium,2022-02-26,124.52472571869039,0.7764612024179001,27.45829736212308,1
29.693529422837805,96.97256856442029,continuous_rain,large,2011-02-25,64.39005123379401,0.8251134338300583,46.904937689983086,1
27.827685840412357,90.25239571666208,none,none,2023-03-21,3.342732573037087,0.30283241748332057,9.875681421721241,0
23.96742259322854,89.54675367410915,none,none,2010-10-06,4.924102918922503,0.2577219834636655,29.922780932981656,0
25.987483972989985,95.42828189935983,none,none,2017-01-31,12.34870954452993,0.010997245850402583,15.863341080020026,0
28.368282457441225,89.28788529165215,none,none,2018-04-30,13.46458022680606,0.31373262385092704,3.0543106638002646,0
27.015031774377448,97.5403900802928,none,none,2010-09-04,6.194551384441789,0.3740106714691187,15.583372851737597,0
29.67330773565815,92.89631916127634,none,none,2013-05-16,13.3990980083857,0.126284669188553,9.110812754141008,0
25.52703607875501,90.38354241799539,continuous_rain,very_large,2011-04-22,125.67357305465387,0.5099227856159456,48.55039133770835,1
27.081578566223882,94.82553490233992,none,none,2010-06-29,13.986001145141934,0.03791569207855954,20.333650583814475,0
26.38283152351845,95.23409323627862,none,none,2023-02-26,3.0204102232092707,0.00029450885603474756,26.93515663768154,0
24.084089548790896,96.54850654658422,none,none,2015-01-02,6.712305504816232,0.1700817478961273,5.152467298842414,0
22.986825431690477,96.55483240306998,none,none,2015-09-09,1.045158302137232,0.3107565635931808,25.85776481531833,0
23.167414824495687,95.83435731259806,none,none,2019-10-25,7.982025191181268,0.05317233979044209,1.080095977013501,0
27.381822936108595,97.93578653181828,none,none,2011-08-16,4.649768002943072,0.06053669992762574,16.48725635601828,0
23.065738994567795,91.20944750949764,continuous_rain,small,2017-10-25,68.77061821683053,0.964840457146465,37.60671439360683,1
21.749977011550754,94.10524659090412,monsoon,large,2019-10-31,30.801791919347217,0.5836434416378409,31.464637469423394,1
28.795008132539575,92.07230136192248,none,none,2023-01-09,0.5509653671483977,0.3328562947206698,3.396910203664185,0
29.887296028745332,91.88129114305161,continuous_rain,small,2017-03-16,109.93597068388806,0.5102409829877448,31.920298633351877,1
27.58108824491883,96.30495462378312,continuous_rain,small,2011-05-25,172.71063397152037,0.8504602766588969,51.52547857032653,1
21.176702066288065,94.90395521629203,downpour,large,2019-05-21,49.938288072167424,0.9582846691113023,35.003742175725776,1
27.19498288531654,96.03975065543474,none,none,2012-03-21,9.057493972651683,0.3349913039491224,8.136094098965946,0
29.51660433379448,89.43641116720357,none,none,2020-10-12,0.37852556280109584,0.0111383262216731,2.871768612576698,0
24.581327040950644,94.63471798049592,none,none,2017-02-05,10.400184366115726,0.05581795146894959,14.267844900306448,0
23.741647638838955,97.81761418190572,none,none,2022-03-07,10.83441041127926,0.25608979190863645,28.68136671433689,0
25.10536725733367,97.2000229934773,downpour,medium,2015-01-27,127.54559352455705,0.5302130088389788,44.88933928835377,1
22.215768957981822,96.46488989800955,none,none,2021-05-06,11.981121482177338,0.18126720737307378,19.54354652932769,0
25.935260109977477,97.94611328988373,none,none,2014-11-19,6.230417022443589,0.24758497484142802,8.938962314872963,0
27.68618660333682,93.36700934163034,none,none,2015-10-26,1.4203150993136497,0.17562173588583396,24.863061957923282,0
21.323406575622226,90.80797287990197,none,none,2014-03-26,5.059815229479644,0.2651644667969463,20.206275117201667,0
26.268471608710552,91.67682737378273,monsoon,small,2018-07-13,151.24008820928557,0.5848227968626305,56.78259179974056,1
24.835456721803915,93.50062119854555,none,none,2021-04-23,6.276888547022008,0.2964136977828766,25.494510643639774,0
22.20697539255082,97.73748646835799,monsoon,medium,2020-09-30,141.6045737110793,0.7848776983113093,62.10499006686597,1
27.041837560197976,95.33473349445241,none,none,2022-05-05,0.5113466439397912,0.1797468896772407,27.13881082656781,0
23.338280755472894,92.24843006298259,none,none,2010-02-18,12.969274496253329,0.3165023349863471,0.1896919851240142,0
25.607597169138607,93.90184385349738,none,none,2020-05-31,5.970187517083205,0.13406453669887544,22.109033172447035,0
25.54030749318056,96.4820088161183,downpour,small,2019-09-22,71.14697375275352,0.7107788884296661,41.309131289411646,1
21.593604313626358,93.85326812891716,continuous_rain,small,2020-01-21,195.5008442979127,0.6291382676167092,52.357093001242205,1
28.217670418169497,89.84649592616245,continuous_rain,large,2017-08-07,61.31291879655326,0.7247579644943218,34.89100915367584,1
27.359413738206925,96.16751893126035,monsoon,small,2017-12-10,63.35688375224721,0.8005422156220505,59.36468887231089,1
23.096235313582582,91.37647760396024,none,none,2018-12-17,3.3755558225150835,0.11331052676313327,0.6199218785907401,0
28.270753739382993,90.74972983541714,continuous_rain,medium,2019-11-08,150.69144845881067,0.5234629163900251,55.90598681019975,1
21.321030688932222,89.02071975273685,none,none,2021-08-01,0.09187139526857735,0.07286814874681365,2.285398078458881,0
24.49602161422455,97.81860200057753,continuous_rain,large,2021-09-14,158.08666903928398,0.7541899160204995,68.4999566238777,1
23.73184074639985,90.07810987835059,continuous_rain,small,2016-08-10,181.2307963565548,0.7654690273846678,42.691966302420994,1
21.640564888690246,92.75036558724284,continuous_rain,medium,2015-05-12,148.17168760031348,0.874966341131297,25.433219730175043,1
23.120087674344322,96.97946005757886,downpour,small,2015-11-20,91.29181867748872,0.8393064054440642,37.971195351658494,1
23.647154880807125,94.09205266604448,none,none,2015-07-01,13.890259517455469,0.0933644758440035,17.716962268163947,0
26.900332431548648,90.01149712474972,continuous_rain,small,2015-08-22,103.11798620185067,0.6540277218726434,49.153732429327256,1
25.63629026431703,89.91184477821149,monsoon,large,2011-07-01,108.68105417041633,0.6973423848793515,50.021850664923136,1
25.08148621350823,94.60424008756641,continuous_rain,small,2018-12-26,134.96822824994018,0.8984356930483592,33.6902052780419,1
27.959535172436087,97.22097325132252,none,none,2021-01-17,2.012484496574263,0.09189687522376776,16.69125139826677,0
26.769362238925254,90.97644085626007,none,none,2010-10-01,13.856579398868035,0.12658266743088104,28.46140349880884,0
23.62017320151863,96.07127321362165,downpour,small,2022-08-02,165.82272186444317,0.6883013686725912,58.661298162399405,1
21.58199113937669,92.10010959591483,monsoon,medium,2010-01-09,38.061166089713296,0.6528293557099941,27.311028308596125,1
,95.72627820815482,downpour,medium,2012-04-19,172.1950606056709,0.5957769601864433,52.791920712788766,1
24.885060585779804,96.86746283354249,continuous_rain,medium,2010-05-09,183.25936003576382,0.6952790214378279,63.97559821274992,1
27.469266921251297,91.73678021688816,monsoon,medium,2015-05-10,146.91337514995791,0.5380059297279425,55.70306231582244,1
23.440350870672944,96.28591435382992,none,none,2012-11-27,9.904407002963278,0.0925611293820297,25.301776546852143,0
28.113051093273242,91.12958392748864,none,none,2017-09-10,3.4810496034694633,0.38777104994063916,11.267057532852476,0
27.65793901389717,89.94758921859132,none,none,2017-08-24,6.876842140422633,0.39711372618249785,20.49508522286322,0
29.57124238185888,91.51439595836175,none,none,2012-04-24,1.8994676713860996,0.28906627538340784,9.541848742189975,0
22.46642998512648,97.16201592807404,none,none,2017-08-09,11.07272296281812,0.11411512568414195,14.173321078500608,0
28.184486544939823,97.06178895957748,continuous_rain,medium,2011-07-30,66.65530980625931,0.8301539113932237,66.84659473436957,1
28.684246939257502,93.90166400567199,none,none,2020-10-21,1.8193411173698752,0.16658875449056465,3.9365931832796655,0
26.279274563710008,93.31604540413134,downpour,medium,2014-06-04,184.74692714628452,0.5676989976938004,53.255835633837236,1
29.03112719037541,96.52377578373742,none,none,2023-03-11,0.7863814309900913,0.11836667463727589,12.765567691203803,0
28.009772641187713,95.92783744196284,continuous_rain,medium,2022-02-05,120.57048328199154,0.5206597185781754,27.378554563677184,1
23.55856949483326,92.11757594173048,none,none,2016-04-12,12.548161541883196,0.07751850961239626,9.996043771541936,0
21.789126992520174,92.56231621728558,none,none,2017-12-02,1.9437553039938815,0.20321660155692328,24.16803229656903,0
27.157982673490146,96.28981093389729,none,none,2014-12-20,0.44274375223597506,0.17671020819465422,22.33923558965581,0
24.34816104633789,97.50696245472497,construction,small,2018-06-04,13.122404983657429,0.33106215524731814,51.33014131461984,1
21.323667630346698,89.66990379546978,none,none,2021-07-31,3.649417307404806,0.32316208492783893,4.202819937590387,0
27.465561855792174,94.60439565056258,none,none,2020-06-23,3.609340621037749,0.12498918822446665,2.3851721407114725,0
25.64235831394087,92.0864553810451,continuous_rain,small,2010-08-27,86.09923577543157,0.922647056297004,31.124740809148378,1
21.55648112189172,90.6686488910154,earthquake,small,2011-02-23,1.7439383487623128,0.31829393095692177,46.84296107060745,1
24.437167260565527,97.2766627878851,downpour,very_large,2022-04-26,183.14180367241457,0.978716553802063,57.98117993412484,1
23.795675220874248,93.70002037529325,none,none,2013-11-06,0.5288557270301092,0.33445960213135595,18.51147613714474,0
28.73874603837838,96.35584804229619,none,none,2011-06-18,5.169931800057197,0.26978228485870126,11.875411787330556,0
29.02735215738945,89.04405563689161,none,none,2010-06-02,1.9303079427973708,0.20471292553404516,16.0462663963382,0
28.909600016992712,93.83141582323823,none,none,2013-01-10,10.332700973176166,0.03867550415230543,27.43464428775899,0
29.13009880671732,93.19352673782919,unknown,medium,2010-04-21,4.124454895459772,0.5887392330119332,45.11913879950595,1
25.409111742893007,95.87277460709404,continuous_rain,small,2013-01-19,158.22830443613427,0.7949457985954644,25.884673537433926,1
22.009872079474093,94.1156720526563,continuous_rain,small,2018-12-10,82.39491523175758,0.7932094593744844,43.373715234641764,1
26.370806210993116,97.46156658876616,continuous_rain,small,2023-07-27,177.58617491419244,0.6065200916274986,51.293635280995844,1
26.06607485240543,97.86063552673491,none,none,2018-11-02,5.938529239127954,0.01269058553882725,22.167231003859218,0
22.587459040840308,92.38099545917744,continuous_rain,medium,2013-06-27,185.22778998187079,0.7056730781438817,56.78696033263478,1
24.211889606014626,96.1314556496183,none,none,2012-02-28,9.710695447964751,0.30749332078731584,2.714279536583888,0
29.041887699286526,92.26846524652129,downpour,medium,2010-02-20,86.3109797169367,0.5462955945108183,60.90528909911037,1
26.1586477787259,89.6906578266389,none,none,2015-07-30,12.797604556516015,0.35632316704208333,28.37974542093337,0
22.674486997949373,96.73726445515649,none,none,2022-08-11,7.074395726672961,0.029686126645422653,21.56410727533738,0
26.999759714230436,93.9553957028105,continuous_rain,medium,2010-03-22,195.54388455848567,0.569784461573746,63.58836080073326,1
27.644098373165015,95.37750144896255,monsoon,medium,2016-10-03,25.35330338687052,0.5409038765779108,68.99745520487568,1
29.932670057517385,95.41922271238948,downpour,small,2019-11-07,21.230042171491025,0.6319044706757068,57.40410726031058,1
27.648245750988746,95.51290073328937,downpour,small,2010-07-16,41.81916129925968,0.8588789151281604,65.83782225079835,1
24.528001425015884,89.19413409895118,none,none,2016-11-11,5.007385488206287,0.09212863402012782,20.433568914947823,0
25.249858949536453,97.31879834376853,none,none,2020-05-13,13.568494419642237,0.24674633462376502,13.80051452860118,0
21.539098894024505,94.40997298838225,none,none,2015-12-05,0.4666130041674438,0.12711527498921754,22.37264401899743,0
28.995211308545603,94.69625724808397,none,none,2015-03-04,7.182018194634493,0.11988889955711933,20.310090108095583,0
27.72470169169283,91.93073099418103,none,none,2023-06-11,9.874458571552646,0.14003450567553366,18.90010351900141,0
28.86680560367607,96.5110546258267,none,none,2021-03-26,8.614080899834054,0.08479013779581823,27.795093199590127,0
23.830335893311318,97.08764754751111,none,none,2020-11-25,8.615916665512076,0.2670165856510166,15.39838716263532,0
24.47954078232477,95.28412025429691,monsoon,small,2013-12-08,175.47580037371714,0.8910177328760922,46.91252557280309,1
24.950532460985993,89.91203078004989,downpour,small,2021-08-12,42.04979576222314,0.6577527509391857,49.7069797734207,1
21.425625028481807,89.37597304814196,none,none,2011-07-11,4.404079953290436,0.18416581901211282,10.875064091065786,0
24.51147324365062,89.62982060121416,none,none,2013-09-04,5.461968022296308,0.35150196743307033,1.1653187490620531,0
26.619414166263837,97.31868305133756,monsoon,medium,2015-04-19,87.02386070833272,0.6980462093017352,53.89128732098315,1
27.29893870465039,94.16694863164201,none,none,2012-10-29,8.462957772145755,0.1587629919807868,13.002701633559981,0
23.201729531071397,94.47254999115965,downpour,large,2011-01-30,198.7209278185514,0.5908047574305978,25.51246176698765,1
28.57463130566814,93.57745942524849,downpour,large,2022-11-20,87.75057729836391,0.7269450361818832,28.28580289435083,1
22.916822798202453,93.33862680647036,downpour,large,2014-08-13,125.40300755316012,0.659517064654645,63.565999681152284,1
25.23585523351661,96.94170006692178,downpour,small,2015-03-18,148.1137753675622,0.553979449417499,65.77228638132647,1
28.631292130383464,97.24415802096162,monsoon,medium,2021-07-28,160.04224636977818,0.6412430815267354,25.88116792255127,1
27.15316410185441,96.39671167720907,continuous_rain,medium,2018-01-03,133.3370982812222,0.9225417884730172,50.22279438853707,1
25.956029599293323,92.7480644572133,continuous_rain,small,2018-02-17,47.32848935201204,0.9390006466514059,33.175434727752695,1
23.966228201059216,90.89195672254428,continuous_rain,small,2013-04-26,38.79403367714613,0.9917318922098446,38.40900888238891,1
22.200692425966828,95.36174742568062,none,none,2010-10-14,7.7305334600456055,0.22408479846833226,1.3236218655793253,0
23.520928113873328,97.21431396773445,monsoon,large,2017-04-04,115.3260585073358,0.9587741060742375,41.723845138030896,1
28.90032713183891,96.55099455755261,continuous_rain,large,2013-05-17,48.383472444463166,0.7145725875892239,61.594562671267,1
28.26416832121786,89.64368343783173,none,none,2012-04-24,11.550729821458791,0.20354179687982274,3.891564293690516,0
27.213042176310065,91.1180486064807,none,none,2023-05-30,6.812646055615336,0.036230980152144814,7.974400536742724,0
22.558939957110187,96.2914475578946,none,none,2010-04-16,14.345950407576375,0.28690274270371935,21.592101078340402,0
28.297724575586578,94.24882524911632,downpour,medium,2017-09-15,56.73535227468963,0.5506868507729554,69.11219225370633,1
,90.87995496659201,monsoon,small,2013-04-08,53.24584944123304,0.821369642085253,34.620777066137144,1
26.621584521343777,93.72799095927533,none,none,2023-06-27,2.4610975481143713,0.07319601286684928,17.057030860910224,0
25.24307328929507,93.18299756719267,none,none,2010-12-01,9.137049401505983,0.35121634758378906,20.995658710362466,0
23.80662123545501,90.05270281850606,none,none,2010-09-03,5.705882847945342,0.0561800620294652,21.041789777653012,0
25.934010550518295,91.52072456891554,continuous_rain,medium,2011-09-08,37.97913714333227,0.8480808086525571,36.52909253071617,1
23.651304689610875,95.30872436860383,none,none,2017-01-13,0.06206268898800715,0.24769325692610586,10.051786722148833,0
25.505772822850332,91.8766275292668,monsoon,small,2015-10-07,61.645021554001985,0.701919236018267,45.76167461200796,1
26.0825585064712,94.3416883430312,none,none,2015-08-18,11.316270787020295,0.03471366064772852,23.44481925724391,0
22.06765369136906,91.16935895421243,none,none,2011-07-22,2.524879499668127,0.19694431207915086,18.426721973679854,0
24.776901349345064,92.2022003714967,none,none,2022-01-17,6.482624850708024,0.022568105481198232,0.7092731687375053,0
28.68848091206852,97.31192880429022,none,none,2017-11-11,1.2205965431970438,0.2656139722005075,9.919421651931033,0
29.264521580212424,96.0093525678156,none,none,2010-03-22,5.485473972902705,0.23799554553210855,6.793140700090783,0
25.05602104877522,95.88079640455224,none,none,2023-02-12,10.020583223891114,0.13360772590172743,19.017677326629013,0
24.202250030385116,92.86901687223258,none,none,2011-04-13,11.747930739219392,0.059795538856388886,21.880116813918537,0
22.429044818834317,94.47066760345356,none,none,2011-10-22,12.224507120914279,0.0740400910850084,9.330353782442593,0
24.607615550568077,91.46805337088611,monsoon,medium,2017-12-16,175.5101288675742,0.5666830058386627,62.84454879262227,1
25.20055672529036,93.12146871240736,downpour,large,2017-07-03,79.43197631120276,0.5175152713200588,45.01299844553961,1
28.321157545560883,93.85236914537329,downpour,small,2010-06-28,71.02445177198291,0.6580337383654888,26.261746901533925,1
29.40667919456444,95.04071404085785,none,none,2011-06-22,12.399357449615884,0.030632429666408802,15.554716972968874,0
24.896948711712675,91.61756394180927,none,none,2013-12-30,3.606804997472182,0.06488124374841352,14.180093313754783,0
25.395398668241402,89.50753080689235,none,none,2017-07-29,5.25529492513119,0.0834714119725243,1.254568361705265,0
28.65908137532375,97.14893486622829,none,none,2016-08-13,0.2111726549710452,0.08468774299882714,13.45897632620732,0
25.004458510140125,97.04527490693965,downpour,medium,2012-01-29,98.88037209481172,0.5774863011087967,63.09187902990348,1
25.609106939773408,92.21768703405752,monsoon,medium,2017-03-03,159.79315430469495,0.9259106944553734,64.83070563100654,1
22.881600769707294,89.92523466805504,none,none,2016-10-23,9.726010337737353,0.2996902107077525,26.94616783799718,0
28.018569057398025,92.68702237839463,none,none,2023-08-16,10.231699397273756,0.2697166248050118,3.473870101047366,0
22.902268781504727,94.96139305514549,none,none,2011-11-08,13.070355188716022,0.17897170022725542,0.8057339815675291,0
21.139577010373095,95.38241148883914,monsoon,large,2020-03-06,94.95401976690742,0.9393709309582627,43.855425183716974,1
27.150157106614817,92.40668453990583,downpour,large,2022-04-02,129.9367450301582,0.5038623381707916,60.345103373598945,1
27.30394729350985,96.96502861852125,construction,small,2012-11-30,24.923303168502464,0.4511113154065108,27.243378864046775,1
26.012548635219236,97.47486769784291,none,none,2021-04-07,6.650830344674061,0.18754504202304967,8.921790563063896,0
23.680778241269664,97.29544376875529,unknown,small,2016-01-09,3.4135367971043173,0.20313770149958255,45.562923606462256,1
21.212765782555422,90.54710757842565,none,none,2015-08-15,3.642115420058751,0.13348162193792895,5.668721299539765,0
22.461213621267348,90.93231768323228,continuous_rain,small,2022-10-21,95.71059383329535,0.9788497953973372,48.181961867353486,1
27.25511999478271,90.60054401925373,downpour,small,2013-01-14,136.8646247778405,0.9911413035627812,37.6474435593895,1
21.816652785646298,96.26871344575176,unknown,large,2010-05-23,2.5082453166210272,0.29022306150481625,66.5473410601664,1
28.164386968531552,92.0432481219588,none,none,2013-06-20,9.338803949794663,0.24219930705673157,2.6296693223877146,0
24.10984374538839,89.52885214468182,monsoon,small,2010-10-14,109.15911858687838,0.9442896926173914,46.383078643934525,1
24.704015693990154,97.54728125468881,none,none,2010-05-07,11.523082658136493,0.06410584139195721,1.6472508715963619,0
26.259124200456192,93.31284783870177,none,none,2022-06-30,1.6312712791490562,0.3462101587825778,15.045062824252112,0
29.48806015457872,93.27788443144402,downpour,small,2014-06-29,112.30503880555034,0.8353565019336862,59.6710358668873,1
29.355602175494795,97.01431607541286,downpour,small,2016-01-03,168.86789136207648,0.6933688724475993,27.20734963613068,1
21.119515301371386,95.73866481174694,downpour,medium,2016-09-15,144.62210155807185,0.5293711046364729,61.02792020275186,1
29.798762680242056,96.10813072804707,none,none,2015-02-20,1.8158804910907662,0.18134583138569044,12.018791002810541,0
28.934984597335344,90.49449866370246,none,none,2018-07-25,11.924733746194692,0.38487792168090346,0.14502315930594034,0
28.504187575345505,96.86695248076225,continuous_rain,medium,2018-07-05,104.40517817084435,0.6940990110404432,39.17944967618838,1
23.883663575470745,91.0031612734332,none,none,2010-08-23,2.5777629193999023,0.14247629844747803,29.76626991525656,0
24.136496160674717,93.21979671848915,none,none,2010-08-26,11.351062322214117,0.2026510039875957,16.130937195781126,0
28.215964719770092,91.16308489939495,none,none,2014-03-27,6.8204610259069485,0.2962803377705663,16.198390937855038,0
22.879109956865094,94.73061793361198,none,none,2018-02-23,13.075914543728835,0.38118296296436416,4.228501850958021,0
29.456713903425925,91.98876304363101,none,none,2018-02-16,2.7691734244949497,0.11223476690645358,24.902881794218366,0
29.64329853448763,89.43942806002704,none,none,2013-02-01,2.4779813421140107,0.1121672173987956,17.314140114588053,0
27.307045613844636,89.91378807488506,none,none,2013-12-22,3.352636921490701,0.3875698396584417,25.331076086930032,0
25.856788612312066,89.40350694241486,continuous_rain,medium,2012-03-02,124.8510034690232,0.6922904434426382,50.81807309510904,1
27.638642545010512,91.77031661733952,monsoon,small,2014-08-27,106.26142716161412,0.8911657730545126,54.660123229773475,1
22.696081418778398,96.15897340498452,continuous_rain,small,2015-03-15,99.26619330800659,0.8294740118341539,34.39134715673458,1
23.32512706797732,92.2186731378198,continuous_rain,large,2010-12-14,120.02882226259057,0.7151407909713696,36.4932094663541,1
21.97087466903571,91.32786125388037,continuous_rain,small,2016-09-20,140.5165619876961,0.906221919271982,50.879239634759415,1
22.703267618865453,93.4673396492275,none,none,2016-12-14,13.763026141811373,0.09749387024249656,11.908977489678996,0
28.162321198569852,89.2443724628663,none,none,2012-06-29,6.921846295075519,0.040671096543193744,15.363768409269337,0
24.253661920508822,96.48760599483603,none,none,2011-05-25,3.7614305298315043,0.28587995373996283,0.49642412551746506,0
29.58510982003328,96.0134525385676,monsoon,medium,2013-07-22,173.21416236096684,0.9230036201694348,39.6782479013457,1
23.670833640103584,91.96664578463357,none,none,2021-10-31,11.908829974241707,0.15424096369857346,24.88722810550315,0
28.283891954210965,95.43635488875124,none,none,2015-10-29,2.880048434646954,0.09064241754954297,24.010805499831424,0
26.32991363765802,91.19267618711453,none,none,2012-07-17,13.654160390307371,0.21446904992336147,10.01591108690008,0
21.68661159473776,93.66880942599528,downpour,medium,2018-08-18,63.82330713630243,0.528482827544664,47.162437046448474,1
26.252761357480832,96.02868792512507,none,none,2019-11-01,11.340640325219733,0.19045926468758234,15.299876252626982,0
28.827722195876028,93.84969326888871,none,none,2023-07-15,12.342066692230242,0.07119885628889891,21.009532243377194,0
21.11471139018544,90.89183022069064,downpour,small,2021-08-28,78.75421029810681,0.6229782568986733,36.80118557204951,1
22.047546493025298,89.75365903811947,continuous_rain,small,2010-08-15,162.62945600921714,0.975526805958502,66.50101486917535,1
25.306301787837622,94.37817816729827,none,none,2022-03-03,13.753496769817332,0.3508746505870202,11.667589184246538,0
26.36331346198495,92.91363354171664,continuous_rain,small,2018-02-18,24.713577878898313,0.822928464556902,32.60759219361505,1
23.774038400228413,91.01349348774515,downpour,large,2022-12-02,113.81008232776156,0.9900992440423937,31.407325351719038,1
25.57612761043556,95.00609109974852,downpour,medium,2018-07-04,138.99233364113127,0.5150190182023714,35.153834864644985,1
26.102304017762503,91.38566166803226,downpour,medium,2021-03-23,141.0987709969396,0.5983408411611109,69.47782888403373,1
29.82719600631888,92.73312076661912,monsoon,large,2011-11-14,60.50341540750105,0.9676364564286362,69.73543027493173,1
24.936447502196966,90.5946263722463,none,none,2022-06-25,4.803717856108815,0.3286915517271385,17.439355428110087,0
26.481218362440618,95.89164697082491,none,none,2015-05-26,10.324960481875916,0.1767364756642844,6.94385586007324,0
28.81977670005792,92.27733621394523,none,none,2011-02-14,3.668928138670162,0.241401682411821,3.8365134178984697,0
25.088052708717562,96.57079112706315,none,none,2018-03-27,6.542830572968917,0.1331411064880217,19.984856410289183,0
29.36540670375771,90.79319689849243,continuous_rain,small,2019-05-07,136.01919561566928,0.5867109650243865,39.63814070701248,1
24.187841798332105,89.01767850903906,none,none,2018-03-06,7.465700275515204,0.22936713269513467,25.824215557938633,0
22.549583224259386,92.57730479705874,none,none,2011-10-16,2.3437185493977744,0.032454100305662384,2.6601589124174185,0
25.018256164639276,96.3300099036998,downpour,large,2012-07-15,24.32399263575384,0.5179921768840652,62.9209845755646,1
25.01658106363464,97.59791750830477,downpour,small,2010-01-22,132.20590756789318,0.8298017315398794,52.63369599632376,1
21.59983635366844,97.48293674611031,none,none,2022-04-03,6.406968180874929,0.2499944794054877,20.261794127299527,0
23.167911412146612,96.97744256723851,downpour,medium,2011-05-17,39.199492229377356,0.6333806162704658,52.77799892845168,1
21.393509790759186,96.81005389594628,downpour,large,2011-10-11,160.93869609310093,0.9074438746352869,29.51525076650711,1
25.625168642469127,91.2940660751429,continuous_rain,large,2017-10-19,72.54854808331623,0.7433305898383893,36.57376283468253,1
25.97770367054637,96.18638256866566,downpour,medium,2010-03-18,158.63646767224648,0.534928837923788,51.01684083286325,1
29.062372095160057,90.11305679258743,monsoon,small,2020-12-05,36.750577205870584,0.5995237757477504,44.415769898064895,1
28.41182421454761,97.79956194747862,none,none,2021-12-21,5.635541638283235,0.32526413211823724,26.521631759353493,0
29.188075665131375,94.66398429161823,downpour,large,2011-03-13,144.0077013976092,0.904844588271994,51.32887221725997,1
25.950889005864806,91.98620959039008,none,none,2021-11-04,14.659666750983167,0.17955385287740386,19.428029617003148,0
22.047420750080107,96.17451143489426,downpour,small,2018-03-19,144.80035289737674,0.576893244180563,62.252109568349105,1
21.321313563478437,92.11764369389755,none,none,2019-01-14,1.4344045927707083,0.18471620008244735,15.178082712564535,0
24.896903076081895,91.22967466739675,none,none,2013-12-11,1.373566970058529,0.34365278012273437,3.4826387914429713,0
29.885190641884865,90.81993225859574,none,none,2014-07-26,11.390515698252267,0.24390082553328876,29.752896121173325,0
29.253469051154326,96.39736910321578,none,none,2013-07-22,13.708624358852754,0.21117103009930444,10.995367317061842,0
27.212118765615237,94.76913407675274,downpour,small,2015-06-28,184.80162682038446,0.895353950547479,25.6912214346492,1
21.35525833275546,95.79033282747878,none,none,2022-06-24,5.905325121852463,0.33188918469763345,16.796616325881313,0
23.60519235151391,94.96427478530245,none,none,2022-04-16,1.5600586015553346,0.1708931944943112,0.5384861033939714,0
26.848549100788293,96.36381575194864,continuous_rain,small,2017-04-25,135.77738198698412,0.79509447343118,38.64021735997484,1
26.318911564584013,96.86195087280078,monsoon,large,2018-02-21,133.15995935675522,0.9044172530459094,36.21727763492295,1
28.72646274126235,90.25815472214924,none,none,2019-11-19,13.026271247471376,0.27050011783787353,15.160740548172353,0
21.56687843782817,91.063142307799,monsoon,medium,2012-12-30,102.16024120481572,0.8480795280310306,64.76513028248782,1
27.775978065155698,92.44422330598204,none,none,2012-08-25,5.438448172426213,0.3516255332539564,28.679379768008342,0
27.38339585215995,92.06883287752036,earthquake,small,2016-06-30,4.858012795650577,0.5532083566827113,60.183298277531776,1
27.871940360255515,94.75286154462363,none,none,2013-11-06,14.616730924263651,0.10989780511107045,22.42208893451003,0
21.390566662503915,89.65700191631765,downpour,small,2015-02-25,199.07577118302544,0.9603696512244657,54.395835414491344,1
28.12866652796488,94.40394802644256,none,none,2019-04-13,4.582283416889159,0.393960422439509,24.973284644013006,0
23.76868677858129,90.7411514204441,none,none,2022-07-18,11.93141110603994,0.0938726285837031,24.700867931071507,0
25.626625468281336,95.24536084608813,continuous_rain,medium,2017-02-26,121.41918742745136,0.515060810184349,55.6253027049396,1
27.749811640735054,96.95248970509459,none,none,2017-05-24,7.664525224858448,0.06932584054622999,10.778784976486111,0
25.87693500881756,92.73837659158535,downpour,small,2015-09-20,32.489331044515346,0.5757225470493923,46.98749502734245,1
29.817486044688195,90.30686235103512,downpour,large,2022-06-09,60.406726205298455,0.7182032185050904,64.72996604549957,1
28.752547641054846,89.1822682223618,monsoon,small,2015-11-15,91.19434233429611,0.6675793707981674,63.534980136457335,1
27.27366767714752,90.00818910159262,none,none,2014-09-08,8.05327588996873,0.1352035714405154,17.81559551682375,0
24.699650211174973,97.74900320226874,downpour,large,2012-02-22,71.93610373957706,0.8972982749499463,46.72689613937495,1
25.63770963704439,92.30298954717823,none,none,2017-06-19,6.001267155802715,0.014262026663652573,18.831905915279382,0
25.51706245713966,89.66625808323792,monsoon,small,2022-03-25,107.79535806327247,0.9252845195762149,33.90046618753374,1
21.670710814117456,90.16415946110818,none,none,2018-09-16,1.972585776956239,0.10689598313195181,8.649745083259907,0
29.013897812713918,90.08123923774224,none,none,2021-11-07,1.8520021601744552,0.2855851489146881,12.211605274802602,0
23.994500096388236,90.33063280801944,monsoon,large,2020-10-17,172.89383902573948,0.7100300602954261,62.93059614793181,1
21.611386153953095,90.88317275841047,none,none,2018-05-31,11.026420202811442,0.2500947426910353,19.264487722178824,0
26.440835044049223,90.89042174325704,none,none,2014-05-18,1.9039932616093331,0.09621021552620133,26.162933505723988,0
24.77395709449166,96.59894890018016,downpour,small,2010-10-28,33.91394547503019,0.6754574810027301,51.893623811305424,1
24.851209533373858,95.50297794353928,none,none,2013-11-25,5.096410539526451,0.2810089699270535,23.676803726376285,0
25.188318983883594,95.34188225322767,none,none,2012-03-13,10.080304922390027,0.29274719213416744,24.739631135498016,0
24.387990169074207,94.34755947811087,none,none,2016-11-13,4.7765116593479755,0.10246381020384972,20.32870311984566,0
26.215413965176438,93.91020818119019,downpour,small,2011-05-14,150.8546471374132,0.7670580480703076,54.88977138101132,1
29.40281631535817,90.00829576889048,none,none,2013-08-09,3.9720507553766122,0.3802473151609506,26.217354337755708,0
28.61596911093384,90.17098422609519,none,none,2021-05-14,4.888003389414347,0.26134697567851084,15.370366504145634,0
25.13644193507671,92.96605630885024,downpour,large,2018-04-07,145.53286894747663,0.8965241820886305,54.583858377735105,1
28.60454634457029,89.15599101131612,downpour,very_large,2023-05-27,50.150198684106144,0.7244081141652104,64.7802147500758,1
26.360881616326235,95.1959305774819,none,none,2010-04-27,13.489314669314576,0.35353590501207377,20.367582925128463,0
25.479317439039985,89.65475664316291,downpour,small,2013-08-19,103.96870930080694,0.5535637899461663,26.638377736114233,1
25.45368921966435,94.77586714993801,downpour,small,2012-05-22,173.11871389758113,0.5883214703137292,39.68915610117402,1
23.818662640586144,94.58110453620301,downpour,small,2012-07-27,151.6739662162228,0.6564000905919594,43.81530583658933,1
25.58472241616046,97.76476033912756,downpour,small,2018-12-02,76.97965894050347,0.9592599819939838,32.077932064953465,1
26.454487957961085,95.52969597252093,continuous_rain,small,2013-01-01,48.602572590347805,0.9676073037006805,31.565288598383304,1
23.861422383324918,90.89599879461639,none,none,2016-09-16,0.6777973867795123,0.13655059040272752,0.014443175242335737,0
26.64193120315434,96.12525203245647,continuous_rain,small,2013-10-18,182.05814300459224,0.979450102676142,48.35726962631505,1
22.23682631339772,93.06398719585768,none,none,2010-10-09,14.523936803503856,0.3800708111814282,12.759184577085563,0
27.95053257067699,97.44937400420885,monsoon,medium,2022-12-28,83.01851162448264,0.6133578042482382,54.42991276832798,1
23.58153957806634,94.39723318107517,earthquake,small,2019-09-08,13.884346123720947,0.2188229699191523,64.39816098842493,1
28.029402223567388,97.82808487355098,continuous_rain,small,2018-05-21,134.6818680926898,0.6255964526412168,47.31990775297445,1
22.444694407477044,93.94167936328355,none,none,2019-09-05,7.604072739379021,0.005915390317615055,22.901443951061324,0
25.52687457507673,94.61676501527927,construction,medium,2012-03-23,8.102565586961841,0.5737373511641293,50.41446534052638,1
25.378454653547806,94.70188551644236,continuous_rain,small,2016-02-10,53.88191230624786,0.8468282044301686,47.47988441033637,1
24.076639548547643,89.17741865238844,none,none,2023-08-01,8.157394230650434,0.10626090341894048,22.37135854274683,0
29.545022192294848,91.91877548897789,none,none,2022-03-08,10.804218566947092,0.10638493650328606,22.36622496773376,0
21.042649188853723,91.37639580050518,none,none,2020-07-01,10.450602834512575,0.26047579527020726,26.34242471058733,0
28.692036946683164,92.36269391537117,none,none,2014-12-10,14.728858828887846,0.16464881909162532,4.71480849264415,0
24.214837516625884,94.56722598735428,continuous_rain,large,2011-06-13,155.49513983750697,0.6204316239577818,56.82836624770073,1
23.676689877857097,95.4588205379959,downpour,small,2016-04-10,179.6713197114697,0.8269519714512568,28.921260920034626,1
29.6734649095604,93.81703713361904,monsoon,small,2017-11-29,166.9616845697171,0.830749249184713,69.9748221065282,1
22.689947679245204,92.68650947743039,none,none,2016-07-26,13.761213751171494,0.2346382604349859,8.13868001430738,0
22.057232104211568,97.62955014964906,downpour,small,2014-05-03,33.11586546842699,0.9232714597545577,31.51848402577258,1
21.22358108876912,95.3008178184634,none,none,2021-08-24,7.4618594997437295,0.37980194143966445,14.77999757674197,0
24.752196358982882,90.11319934611235,downpour,medium,2019-09-21,162.73808262113855,0.9688692252105184,41.09751880515766,1
25.485724120410783,94.74588289785177,none,none,2016-12-19,10.48426326812549,0.318278264126886,21.22868457032193,0
27.953401139805226,96.93194421189396,none,none,2010-07-16,5.1414001941644285,0.30731214583987987,15.8267515155625,0
21.701514379269312,96.01151028383495,none,none,2022-06-11,9.121885163649752,0.1480378799551752,2.876398314484189,0
28.301978681951383,90.54217687394343,monsoon,medium,2014-11-04,86.57236865109327,0.5393884108221008,30.199700481477997,1
22.6206281340949,89.28288152803046,none,none,2020-02-15,8.496067968363487,0.33761306387479484,16.61525938293715,0
22.049774711086346,90.19598605791647,none,none,2012-03-11,3.433476899852605,0.037309631307526785,7.055762922413789,0
26.347474713968168,93.19616511384073,monsoon,large,2010-09-07,168.6185999334101,0.6980471169612862,35.807672922707575,1
23.260547635755465,91.8809267178648,downpour,large,2015-12-14,48.655370623001005,0.8148193520590652,48.07368838044272,1
28.85049387986018,89.18694447822263,none,none,2010-02-21,5.616015388822308,0.3395615862599285,4.491339695738207,0
28.96980714718514,94.67034343930462,none,none,2010-05-04,10.36262522517255,0.2863306422569232,23.25280797792771,0
24.251935142065793,96.309887111563,none,none,2023-05-03,9.339404250806039,0.05443494144278143,14.665703413847016,0
22.11826399710412,89.31585088891588,none,none,2017-05-01,10.696142403542556,0.03716930112050978,0.7294188744754981,0
21.570808679393373,95.70909041615427,none,none,2019-12-30,5.464982780815979,0.09379052434495941,14.3784807250541,0
26.353544952488154,91.08129353953827,none,none,2011-03-16,8.906723858930533,0.16991330585905368,3.769856149608283,0
23.771126168588125,90.0977841164325,none,none,2023-05-13,12.027221979967312,0.2225461036617432,28.542092263182603,0
,93.46424490474351,continuous_rain,small,2020-09-08,198.4915447134587,0.7920777398151733,38.22982864134533,1
29.493214584552902,97.83440774633905,none,none,2020-05-24,1.3212489332679551,0.10564635322971566,24.652769921809693,0
21.120724151797603,93.43669662722715,downpour,large,2011-09-10,132.52660479405773,0.7885976730971,62.93261764042463,1
24.024546451087485,97.98674691268437,continuous_rain,medium,2021-03-25,190.39431009437573,0.9187115205187706,58.67761974961006,1
23.251148583497994,92.82504809156731,construction,small,2015-07-22,19.461428969975398,0.5443878543134113,64.30727705186695,1
26.167872553971087,97.88589607112533,none,none,2016-05-16,11.785254549456988,0.25951907893404186,29.503743940403684,0
28.626689725325527,97.22249341080142,none,none,2012-01-10,3.786001081573312,0.11090867706862646,22.844442720322238,0
23.4591559356603,96.99931576915743,downpour,small,2015-04-08,21.40112816789864,0.5615486042951565,31.399588178747884,1
22.29041287436717,93.99123193786623,downpour,small,2015-12-31,117.44111930417536,0.6728943063112074,31.813979524443955,1
28.79554924413213,95.47965063769556,continuous_rain,large,2019-01-19,49.33549983614863,0.6945535959102166,29.743827068774003,1
22.741807507436327,97.1758385891544,none,none,2022-10-23,0.04783686231249251,0.2822950388756239,19.172935146490023,0
28.287997759290302,91.41199990280899,downpour,medium,2015-11-19,154.68732573947887,0.9066941469080706,66.890760930382,1
25.983575013877648,89.28127722671523,none,none,2011-06-14,12.412363226693655,0.025634489459705458,21.534711180156346,0
21.143854892808047,95.88389247832832,none,none,2022-05-03,6.488608106814105,0.2602768784300669,1.177354719814332,0
26.88908959989976,94.33563109279778,none,none,2016-06-25,4.452283240157702,0.16401771358305983,26.56299064694652,0
28.107549426748264,95.03082518475337,unknown,small,2020-11-22,1.7354325990286312,0.32921122271973946,48.65347319735017,1
25.629043943107728,90.35620560643574,continuous_rain,small,2018-01-07,69.5227093806244,0.9566961978294873,58.155606853790935,1
24.714429012208633,93.854423301181,none,none,2019-05-14,1.1326784504139276,0.36402637338113225,23.01518275069269,0
26.56258370549453,94.11726857932969,none,none,2021-04-13,3.3043165693239276,0.04381566658703258,11.60685936373528,0
25.13204421552462,93.28219145047956,monsoon,small,2019-02-07,140.70996816737667,0.5967038225472472,65.03232005224142,1
21.11158539376736,97.65947384121215,continuous_rain,small,2013-07-06,195.4006554534104,0.6303559373664847,42.55685866616574,1
25.012654642395532,93.55989226136533,none,none,2016-01-02,9.553228794825278,0.16867854404937135,15.976912462400726,0
24.16667222788804,90.6965824417659,none,none,2020-08-14,8.314737633574392,0.08394784759395751,18.30177336245755,0
21.844517662426902,97.42690175282067,downpour,small,2019-02-23,140.29010456863244,0.5232816113806504,66.13739869034714,1
26.214695486658634,97.72421098166795,none,none,2019-01-26,0.655279352641292,0.12378861883974977,23.676718257533782,0
21.87206487747202,96.70139272520106,none,none,2012-08-23,7.8097406381044525,0.02755328643807289,10.048713641243431,0
22.070196819265192,91.40310437529597,none,none,2020-12-05,14.620701898817657,0.14973090272841577,28.91935116837218,0
22.18021582504772,93.66181674256374,monsoon,small,2019-07-09,137.19024537633078,0.5067889670958232,64.44664350130606,1
24.709211892992187,90.40452631576883,earthquake,large,2020-03-22,13.777998456959223,0.5021713892715589,28.869366242536326,1
28.53435807759337,91.40843247423987,none,none,2021-11-19,4.625732656842427,0.07169951009199234,12.632393595385864,0
23.92417335013519,89.18682052842782,none,none,2010-08-15,0.05381855529420221,0.006100084391288752,20.65603835055713,0
29.904046033296027,95.74051942753006,monsoon,small,2015-07-18,103.62385495892663,0.6975912395197768,45.93412033947052,1
21.75364920544484,97.62029270497139,none,none,2022-11-03,8.03451405960368,0.24569896742668537,15.594479747510809,0
22.183709292085098,93.69570126989096,none,none,2023-06-10,14.90455847362018,0.26047332921447963,27.168110340470214,0
26.120512622183842,93.9632235067527,none,none,2011-09-19,7.88012989227762,0.367833282750969,2.437479302174661,0
26.01777618802043,89.92424000951083,none,none,2013-11-06,3.107507458800616,0.23166700131526638,16.909301723665884,0
24.711906982194165,93.62789112822672,none,none,2015-01-01,2.618336123611857,0.15741871914949912,27.3804694464755,0
24.330633502164257,90.01201925395432,continuous_rain,small,2011-02-18,155.81999922354723,0.6465372128793729,46.908548381506094,1
22.69104092543036,93.58594460578202,none,none,2017-11-12,12.951222304242208,0.24111159289975942,0.9596357996043225,0
25.998462289606167,91.53958329409907,none,none,2020-05-27,0.4876219661971115,0.2810023671584155,10.555319118671715,0
27.140120059120413,96.81592498115849,downpour,small,2017-10-01,188.89627852112807,0.5000160656394478,46.14827788314234,1
27.16636374953149,94.25834055845935,none,none,2014-08-07,11.578632938774248,0.059499847095721585,11.80447719899258,0
25.848330862780088,89.5028500772547,none,none,2018-03-31,14.563426988632177,0.0752783000189084,26.387174036718505,0
27.812939614309737,89.57302637266649,none,none,2016-03-19,14.406810993750765,0.2421738080656274,8.366674210923687,0
25.041657264061058,90.70495043421111,none,none,2014-04-10,7.510780172391719,0.36060308758310133,15.88120257829684,0
21.17213616069195,94.17026000188596,downpour,small,2016-03-13,95.49035151096189,0.6064737430692605,41.21060358137552,1
29.339619457933765,96.36297123728893,none,none,2019-06-19,8.828256448866144,0.07540078297178449,23.128724296413242,0
28.696615116580446,89.15041408510449,downpour,large,2013-05-04,58.56820947360701,0.9171216986315951,45.98273212547129,1
21.006270466664876,90.27408205119804,construction,medium,2021-04-12,2.913277515861117,0.3188793221363859,34.58693143623487,1
24.27291360348045,93.04602184946967,none,none,2013-09-05,2.433885561101992,0.16839156674020153,24.637927753389963,0
26.73087851685939,93.21737391300151,downpour,small,2013-05-19,185.88601352138684,0.9525319586061078,53.55320822845027,1
21.452959415034712,89.58282367182856,downpour,small,2010-01-21,154.8006622666359,0.5720218979524434,50.59642645199219,1
26.457965954725346,94.27877491261445,none,none,2018-06-07,7.019396655655562,0.39817961323872236,26.182746185830588,0
29.33023816232374,94.8810742762297,earthquake,small,2020-03-31,23.011232490004012,0.34927997734829097,61.184507960468984,1
27.161798433777278,96.25803609954934,none,none,2015-01-31,7.852047691804362,0.3450445327135572,26.020482631596717,0
26.01508021852268,90.56539786691049,none,none,2023-06-23,11.143497365619123,0.1426192892362009,21.23069849911993,0
23.750449935682195,90.97948761124216,continuous_rain,medium,2013-04-14,166.36850034808214,0.5976608378044472,35.59866982566947,1
26.555841732534482,96.2617182577726,none,none,2020-08-05,8.07998598409315,0.09005039561965358,10.204244108994544,0
24.652988205942023,97.73726950817712,none,none,2021-01-05,1.1188784346442167,0.08889373017766125,2.393279078297401,0
22.215857933763445,95.1133088253636,continuous_rain,medium,2019-04-21,171.33110898109138,0.716234854096879,47.73728794078613,1
27.966722268510704,89.46224052959293,none,none,2022-09-15,12.3691767502599,0.26593054976373814,0.2677758362016003,0
24.59859331095392,92.64519536882148,downpour,small,2022-11-23,26.088015186120337,0.6057376097496143,34.594942663099744,1
21.932842699278567,90.0643789201194,none,none,2013-12-27,2.787531893968546,0.3428318187925618,20.70670351066777,0
26.559261706180997,92.00542132685196,none,none,2015-10-20,10.829467093211917,0.13334747264132796,17.52892349269879,0
27.596490528350103,91.1276138979823,continuous_rain,small,2015-11-21,115.3858970321425,0.7757816005763012,48.958445781353824,1
29.9836559060072,90.79731232385325,continuous_rain,very_large,2016-12-19,198.14772843945323,0.9037044710077211,42.377096042488304,1
22.18360854948049,91.5252398012963,none,none,2011-04-04,0.2529751959381643,0.1786024429208049,6.34843962726761,0
21.483847067518234,91.1453585315415,none,none,2016-01-02,11.288778643102336,0.08056014511616603,29.759118535940196,0
28.3535974326669,95.20049380669226,continuous_rain,small,2014-12-17,40.38720836350112,0.7547647262489072,44.942378384876896,1
21.35025440918216,95.74274338863931,continuous_rain,small,2022-03-28,187.2297293012521,0.5588944931893031,62.8974073420238,1
29.37529424576978,91.78297852518604,none,none,2022-05-17,0.15965053894958336,0.3143265890415387,26.047796752952454,0
26.225984153217766,89.42343481271377,downpour,small,2011-04-07,71.85038998662552,0.8335585306708411,45.60972974251938,1
28.27219282779101,96.70850564459079,monsoon,medium,2016-05-06,76.64537325976423,0.9495750991323175,32.5347038751857,1
29.875909134648342,90.56035803814325,none,none,2022-05-24,2.998590496805619,0.10015165671146163,29.9041228552874,0
25.028547085644735,96.54368648345675,none,none,2016-10-02,13.961227107376489,0.03563507419935905,22.34436697455352,0
22.51259049663564,90.4373668993332,earthquake,medium,2012-02-26,6.621642149641102,0.40242406456101043,61.6605056717532,1
26.8047516633199,94.53028315815202,continuous_rain,small,2021-04-04,154.01111955132626,0.6838676033124746,57.880011896636034,1
26.924084937467747,93.52241231749086,downpour,very_large,2015-02-05,51.171365325939774,0.6305607091406018,35.3303613513463,1
29.13680385561341,93.24431635367911,continuous_rain,medium,2017-08-28,71.81367849256173,0.6539122008196752,44.129064772703316,1
26.102568361737823,96.18912467070841,none,none,2019-11-12,13.779456528575174,0.2068413459150015,7.709296771319466,0
21.894666026665355,92.99332536713656,none,none,2014-03-04,13.884667091987614,0.15967849821584795,4.653079634980587,0
23.901881721530412,96.48656612825945,downpour,small,2016-03-15,157.76136320327615,0.6775450083123308,26.36683016376699,1
27.919676952699994,97.275801451806,continuous_rain,small,2019-01-01,112.03963588056237,0.7012114676795906,56.356458076180466,1
25.414540550029653,95.08785828600722,none,none,2022-10-29,9.958262020482021,0.3395098068915026,7.989157812755986,0
28.224549413809964,92.19866856522245,none,none,2014-04-12,9.87067140001245,0.280800434447174,5.601374796901953,0
26.23422755470769,89.9584914618085,monsoon,small,2019-11-02,159.73965886952712,0.5202357872131118,38.23973173878171,1
24.292630132556678,97.85068968782326,none,none,2020-07-16,13.745154770290364,0.22344725167655147,12.920927089557699,0
27.676974884815525,90.68487543644103,none,none,2022-10-28,6.588914173544293,0.09009669974639008,22.449624014343918,0
29.98412707053378,92.91407942535012,downpour,small,2016-05-07,173.31653472969958,0.6365940157204395,25.47827384186014,1
29.639520889926622,94.94953256213901,none,none,2014-10-14,10.395902189658027,0.19099957353049143,28.50829675360328,0
28.56249147498266,97.21668715914413,monsoon,small,2010-02-02,161.7018876359047,0.8319439584198356,69.04661347137116,1
25.420847067321752,97.17142949243954,none,none,2012-08-08,12.316130484611213,0.21006069641811004,27.68471481478251,0
29.63640994969323,89.91702180572729,continuous_rain,medium,2014-01-24,78.52004082083775,0.7570298586253938,38.37955996082738,1
25.23161408504785,93.67833628952488,monsoon,large,2018-09-30,184.66298646149153,0.9945098420784315,50.360933176737234,1
22.90040850482199,90.79152412466314,none,none,2012-01-05,5.6370379067659835,0.3432789651768011,20.771298110358178,0
22.721633424791,97.47999660089144,none,none,2020-07-16,6.849233251848944,0.10330421594341557,17.14405629023423,0
29.887287845706307,94.7584497820999,monsoon,small,2018-01-09,55.116632839003394,0.672701071785491,52.84369762024113,1
23.064757067392122,96.75286410825923,none,none,2011-07-08,8.698884215767924,0.17370005356393925,4.014362811133694,0
22.282288638565607,96.03705786041209,none,none,2010-09-29,11.311000501133215,0.09875314646466507,7.911279518922889,0
26.786147299407737,92.94307057440201,none,none,2013-02-18,6.192055357465797,0.3638706947256345,20.285226287709587,0
25.750773317353364,97.48593817605988,downpour,medium,2022-09-26,89.38912311070257,0.5864011844260792,50.632417533683764,1
25.894579454852796,97.14505053473346,continuous_rain,large,2010-12-11,45.42442866218164,0.5608895325459282,45.410335427240916,1
26.22409391964537,92.78668287778346,unknown,small,2010-06-01,13.095655278145621,0.3603093401017656,68.41419162184145,1
21.423883483378518,94.53043355429178,downpour,small,2014-03-03,198.13580215989978,0.9484266380764197,49.24100295224845,1
26.047007817239038,89.77180890709978,none,none,2020-04-12,14.569824996821238,0.04773106735529562,28.972151294133152,0
26.66180899607643,93.347674007677,none,none,2023-05-27,0.4796499854345976,0.1616502859699591,20.96379113028675,0
23.685117902520517,93.16990131991855,continuous_rain,medium,2020-07-30,68.22989365369374,0.6351080174482523,39.620272443265335,1
25.63793678905011,91.62218163679567,none,none,2016-10-19,1.5624718164423335,0.07500267644295318,24.572910057435173,0
24.689531206447647,90.6594118741125,continuous_rain,medium,2013-07-19,102.24022087989187,0.624609981547304,53.80661197152471,1
23.85131260804762,97.74611405149808,none,none,2014-06-26,3.365298135130299,0.22409260194116012,22.114567977941103,0
24.811492105505337,96.69615663014103,monsoon,medium,2018-04-06,89.36054311772484,0.529525889830676,31.911366377308468,1
24.462852114157815,95.65662418558566,none,none,2018-02-09,12.100146110493444,0.05584154268429589,11.670397671454083,0
22.180725340395888,97.56677986586469,downpour,medium,2015-07-10,121.31707252956869,0.6262841389333071,44.355635931399746,1
22.676058710873527,94.6603629573691,monsoon,small,2021-05-03,198.70998501807242,0.7652590129455399,26.453753452880065,1
29.14160279271051,97.9628524612614,monsoon,small,2023-02-19,92.87619555988704,0.9742296897660645,39.648184018393465,1
26.236553965090465,93.9320805290641,none,none,2013-04-16,14.065479753214827,0.047836595210663635,1.3040381621460162,0
29.170054074047698,94.78751418137226,downpour,medium,2016-06-18,198.4146451412747,0.7975793679915348,62.222128209286154,1
21.602080642485863,92.71419656997874,none,none,2021-12-06,0.5503139841540494,0.3368745194265132,6.853706454316208,0
23.9769969111292,97.29144715705016,earthquake,small,2019-10-27,10.306678358977598,0.5377701284285272,68.71799649265378,1
26.087135837428495,89.06528618893786,none,none,2014-01-03,1.2891190955649896,0.3767576062130082,10.90559152090858,0
21.230744358375617,92.66734493846563,none,none,2011-01-21,4.4360117035601805,0.13546570451850867,15.83009411698612,0
27.589309613418486,91.97371201558079,continuous_rain,small,2013-02-01,94.3037620569743,0.7572542683756702,43.497986630626414,1
28.99780794384685,91.4486686359806,none,none,2020-10-28,9.077865050528052,0.06795427237889494,12.803320193820413,0
29.187102152523657,93.40546339737728,unknown,small,2023-07-13,26.379349873856103,0.43956103880705233,38.49316297491684,1
21.88227996585285,95.49260806199064,downpour,small,2018-07-07,54.08191433820606,0.7149104722230297,59.5338854442299,1
21.729298545514276,97.9443309958451,none,none,2017-08-27,9.08020418087663,0.3559539675920899,12.479860142340394,0
22.932776906126154,91.1382342480643,construction,small,2021-01-02,17.934386216990884,0.46953226072751164,65.30960566508892,1
25.38756463456092,93.47765144734987,none,none,2022-10-14,6.852726592108363,0.12018722606831296,20.055705278596957,0
24.643589483897973,94.87251350977817,monsoon,small,2015-12-23,106.19125030994094,0.5581012356966356,40.70455402056185,1
27.077366789354794,93.19665912649046,none,none,2016-12-06,8.40046628336686,0.38745504845865364,25.07445880586095,0
25.34316984158413,93.29897186816616,none,none,2020-10-29,13.233531131525167,0.026153284223053054,29.536091504368102,0
27.267565466521983,95.41076451371123,monsoon,large,2012-02-18,195.15504838135433,0.8139968344331686,38.099270837358205,1
25.483180299934602,91.33896309561416,none,none,2016-03-08,3.2678971964762678,0.31728815724247217,28.210712730455814,0
21.738070969647246,92.71818660175684,continuous_rain,small,2021-12-22,141.68382727805908,0.8649057998236472,50.615909110361684,1
26.562033345992713,93.39697165022832,none,none,2015-10-02,6.758526288348526,0.22489227226676653,11.21111283288456,0
25.237547177296253,92.14335568941746,continuous_rain,small,2023-06-27,125.5728245990878,0.9104047101407468,52.706545918933855,1
27.9417175390822,92.4087896144513,none,none,2017-10-27,11.53698118112882,0.09673729451273023,12.897276175585999,0
22.121007709938155,93.01587585045979,none,none,2017-04-08,14.601067250573552,0.14348296385784165,14.078737979618236,0
27.068021655092462,89.08334204599319,downpour,large,2016-01-03,105.84970428965849,0.7787966327846056,61.0400159940352,1
27.868418261259233,94.68763507365564,none,none,2016-11-12,14.708562398265336,0.2337036412951445,24.183466699258677,0
24.913033503759344,91.68378254659802,continuous_rain,small,2022-03-15,177.94173430959765,0.647052397778382,59.24823634497378,1
28.058667138928502,94.37158520574124,none,none,2022-08-24,11.291821333839675,0.061410923005794205,20.558527498236597,0
25.076172889265813,93.51822451360584,continuous_rain,large,2022-04-24,61.78160261856826,0.8675767690398504,60.51263296269294,1
27.074634350263846,90.73760514029348,earthquake,medium,2014-04-24,27.980916063848312,0.5815299717892277,69.94960568773789,1
29.326304685302603,91.64184250121049,none,none,2020-08-14,14.88663000555232,0.1842788554906053,3.0645761796710635,0
29.655939877862355,90.13564191092219,none,none,2015-09-24,6.505738376516544,0.14840291162601602,7.3265867885575195,0
27.912900505075328,94.25247957836694,continuous_rain,small,2021-10-14,82.32238636007739,0.575167337872705,54.8430668969181,1
21.211083513787617,92.13000915351901,downpour,small,2017-10-27,38.17081928237961,0.8749419264159877,53.8744007456137,1
26.371562615934394,93.19575957015884,monsoon,small,2013-11-12,66.54123079966149,0.9604011518242279,69.24552936924957,1
27.647490795946084,93.26588937547584,none,none,2013-09-28,5.006630310023433,0.3017157232073435,28.35787374199137,0
29.291800965922445,91.2470328308189,none,none,2016-05-29,4.249144839893122,0.1298208105701847,14.15707323331272,0
29.972523640018764,90.69923162018131,none,none,2023-08-10,11.176220193153664,0.2584090250101458,4.57867242904185,0
28.3558956030161,97.49046477090538,none,none,2012-06-14,4.341070648292786,0.2147490246031242,23.710980266916653,0
23.997277158775013,90.30785815034663,none,none,2021-11-01,5.122016644486225,0.14142504443430207,4.029512194133099,0
21.790160201071892,93.99227923610803,downpour,small,2018-03-13,115.6703634469835,0.9540922783869936,66.05285111662823,1
22.583532374718388,97.18800501605075,continuous_rain,very_large,2014-04-18,164.1935907645833,0.9745763965277876,66.97271236314666,1
21.879337103072743,97.39855855115725,none,none,2017-08-19,5.767958276140418,0.3770082513706443,26.092109439685508,0
24.978158447616302,89.83028608167204,monsoon,medium,2015-05-13,48.05205004199705,0.5849347330858525,45.29050856008635,1
,96.26667499062944,downpour,small,2011-06-11,44.11022429957133,0.5100060823479206,60.53922328469659,1
28.165476604940267,97.42264330209154,none,none,2021-10-29,3.074653679390426,0.11679656544634445,1.9438802875632222,0
22.67142293600631,89.29868030974649,earthquake,medium,2019-09-30,20.182183873081534,0.51727532374779,54.465082783708375,1
22.65197413725573,89.310836483674,downpour,small,2014-05-13,62.78463360455132,0.833655145396883,68.71393021143571,1
23.852100444807895,95.47193789440072,monsoon,small,2022-02-19,99.37389338246963,0.6992572471375119,38.179297735068545,1
25.504727322290968,97.78597812026192,none,none,2021-04-14,9.292138099003905,0.21326247205327445,6.909865070110863,0
21.715851242631892,89.4382726881155,continuous_rain,medium,2018-04-09,137.52781733039012,0.7634592095221779,61.852921568820754,1
24.453933237247213,94.0785883204423,continuous_rain,medium,2022-08-15,148.55432713757318,0.6623342913357433,64.8238258786952,1
25.23391631430566,97.49854958936518,none,none,2021-06-14,6.9019021374153064,0.09833862589401582,17.373248492262967,0
27.701808277461005,89.22225334296996,none,none,2016-12-05,1.848270716332086,0.06435191218577456,22.430984077772802,0
26.70192180187938,90.70606805469541,none,none,2022-10-10,6.733404969957962,0.20741623116855715,18.392711870548656,0
21.076372712896923,91.91981151155757,continuous_rain,small,2021-11-06,182.58231152379253,0.5717113802176255,33.10448372838495,1
27.489095211776856,92.50089992437506,monsoon,small,2023-04-26,20.835244916079912,0.5689824855699313,59.85451823057388,1
27.218615242394016,93.06502250990044,none,none,2020-05-19,6.833021271064666,0.029562993529281822,18.191529682472922,0
22.619976458675296,95.7702581050102,none,none,2016-07-19,2.943032231967927,0.074641449997856,14.503251575205462,0
29.129968798532257,93.52170893925579,none,none,2017-01-02,8.942907157196496,0.0940222106650098,13.667265922769735,0
26.05226107544825,91.08381905696072,none,none,2013-11-27,5.90076917135838,0.3508746224591166,10.217170272535546,0
27.314776431272143,91.99342346239348,none,none,2014-01-09,8.502505830404038,0.1530053965374751,2.6348363780872575,0
22.55055152187371,97.28025284252669,downpour,large,2016-08-19,85.90510233496906,0.8365425946585809,32.548164876939914,1
26.74498492621495,89.1817366259368,none,none,2012-05-03,8.5228071707976,0.33474124836470426,28.385182381473545,0
27.499762214168385,91.08008168451936,none,none,2017-12-02,4.046439985294558,0.3472159718119308,24.387938655242518,0
25.48997542524158,91.83021038748547,none,none,2014-12-03,2.4969374508618576,0.24201742859014053,9.51824801042083,0
24.95660628959714,96.72029369820152,none,none,2011-03-10,3.824889266007523,0.12211657640531191,11.130796374593363,0
24.477351478385327,94.68617530033733,downpour,medium,2017-11-02,105.91786793660182,0.9059827442082706,50.98666749091504,1
25.717984182878297,92.20062604786591,none,none,2018-09-09,3.353755280959975,0.19799212852802328,14.784171415138626,0
25.81469608125902,90.45708938331039,none,none,2016-07-14,13.041899154962135,0.13068281477497617,8.2814305461202,0
22.177133980278885,93.33387763396958,none,none,2011-03-11,6.9876512551634224,0.022454339064227516,26.23333150168266,0
24.407261623563393,93.77214013025734,none,none,2010-07-23,6.795515453442788,0.3377771922679313,8.968663698250474,0
23.608118063256107,96.98499048592397,unknown,medium,2023-01-13,20.048615210043632,0.3862432605426678,67.4262937613999,1
25.002527303985687,93.3394692488235,monsoon,large,2022-06-26,24.49697191283385,0.6852945701111511,68.24265904774362,1
27.70006736242582,93.5207881768946,none,none,2014-11-27,3.2523270883618736,0.14783395590977869,17.157823602142518,0
27.750033517914854,90.72747192082667,continuous_rain,small,2013-09-30,81.47574889589725,0.6924555778301256,57.7078015685463,1
24.221988396755723,92.55121625140742,continuous_rain,small,2011-06-22,97.37043480472448,0.5696604392853748,54.16117794966421,1
22.942660454744626,91.03866654883238,none,none,2018-06-02,0.46332366256532476,0.1642391588730809,20.936249764937436,0
28.78525992933011,96.79302344131725,downpour,medium,2014-09-13,173.86743578727555,0.8355916005405042,46.62084536159151,1
21.49624326284841,92.08884173835528,monsoon,small,2012-06-12,170.50753873874373,0.8443601014190814,49.0284750885354,1
26.992710814055222,97.18264740765426,none,none,2012-12-18,10.550675396671457,0.11320553136828591,22.678874433301917,0
27.442149081490438,91.53490802830781,continuous_rain,very_large,2013-12-20,124.83330046599266,0.8220068731608217,68.61716312270298,1
29.026004378318103,89.77794555870699,downpour,small,2014-03-30,172.02273282206454,0.9695122641613458,52.51728873435237,1
29.374136710476016,97.6702682874272,continuous_rain,small,2011-01-16,86.70553067841806,0.5812191994208602,54.86037815036286,1
27.326944493253997,91.39158385966496,none,none,2016-05-29,6.388258342568978,0.3067943490427045,0.8929028441969855,0
21.403620846402315,89.86916201340675,continuous_rain,small,2013-09-21,139.20620854554372,0.5812841163711233,44.6766463074163,1
25.172675721955823,95.46346524636525,none,none,2021-06-04,9.975779485345443,0.2968456986449645,5.926214870632068,0
22.538534611240678,95.19327131649052,monsoon,medium,2015-01-20,149.90678950963775,0.546058136638759,41.61452304855417,1
22.758914711142136,95.80135239895642,none,none,2022-02-08,11.49997180939556,0.360077193083405,16.961103348918666,0
25.75592939037294,91.92126612152113,monsoon,small,2013-08-29,124.05047897474391,0.6906776407864474,47.64539356359775,1
22.865969659251103,94.13467575098184,none,none,2016-10-01,9.153308553211955,0.25059239462261446,20.797091723417225,0
27.479243407562258,89.92006477983381,earthquake,large,2014-03-21,23.01172827895341,0.404126835805953,54.452539956563626,1
25.07416384005319,90.19097799733393,continuous_rain,medium,2017-03-13,146.70391101097755,0.6429416748665059,59.3242750556144,1
22.41979503688305,93.58203853729961,continuous_rain,medium,2011-05-06,89.03317479098952,0.7500715325213527,50.8966078429051,1
27.189228220063928,95.64692522067485,none,none,2017-06-07,10.2676238591757,0.015210382907321351,10.347880070511223,0
25.47543451123704,89.3712729387501,downpour,small,2019-05-11,86.60364193056952,0.7995910356997891,60.24810774512328,1
28.65480333941179,94.29448352252808,monsoon,large,2022-01-16,135.89775732739582,0.5553183146574872,34.11035482734616,1
22.758671682760724,94.69684829320369,downpour,small,2011-04-14,128.5284254919432,0.912355072936714,67.72361011963874,1
23.579632877692255,94.90632381597723,none,none,2012-06-21,4.5185421389578115,0.019781137701980492,9.48900698154002,0
27.999829685792683,89.79588459952318,none,none,2010-08-22,1.8971284199257195,0.3997114083401068,27.08146107563377,0
28.060287481809826,90.64906703600687,downpour,small,2019-03-03,62.33576010552701,0.9850579438019536,25.51609029308495,1
27.968008977619316,97.44438110813249,none,none,2013-09-03,8.558917327179728,0.3056377500966221,15.894581172851774,0
27.92059118173374,97.82211737290015,none,none,2020-07-13,9.704464915013912,0.22303782231736338,25.004630241710334,0
27.308438932396896,95.40026482701518,none,none,2017-02-07,2.706654333090502,0.3275597642633245,23.920634804841455,0
25.34907308119118,96.20199968287979,downpour,large,2020-06-07,165.24721894728458,0.818515838867367,66.47076922499642,1
23.327749089531817,94.16539444497947,none,none,2019-01-04,2.2247021867431678,0.030915479320094353,3.9006550788400096,0
25.2683632265285,91.40824933885769,none,none,2010-09-11,8.044041649488594,0.18539103990148262,4.944792181228637,0
25.648964774217973,94.4929203753636,none,none,2019-05-16,7.895834683688673,0.1459538368805974,29.723415701203173,0
23.8356725462374,94.51488930951389,none,none,2013-12-31,7.029262985400671,0.3910367596525493,8.84733363647518,0
21.031403524464363,89.30817288367938,monsoon,small,2021-04-18,45.050578009195924,0.9056294775609914,63.76861346656788,1
26.099278439561132,95.87379412635455,none,none,2022-09-28,2.873346516524111,0.1082786432581794,2.128750897699878,0
21.761158752594614,90.32340044952419,continuous_rain,small,2016-01-29,181.3561520061402,0.9962628441129122,64.51102848746808,1
21.028841040978083,96.72186699533785,none,none,2017-03-21,10.418150266710207,0.06671748484094012,1.5168879133012203,0
29.67823097357507,95.61455423972845,continuous_rain,very_large,2010-08-03,120.52062188503248,0.7802211379638002,33.83074934096115,1
23.69933270776089,90.57805297362523,none,none,2019-10-02,6.933971511781433,0.2245130276503693,1.4059504028206016,0
29.46995987195315,94.03072335090752,downpour,large,2012-07-25,27.447654202302395,0.6487695248344167,34.92320478786809,1
24.15332500360327,90.85590155187676,none,none,2016-08-18,4.629089159708981,0.26390663231750183,26.454071240961873,0
24.679328144715978,95.71156722929516,none,none,2013-09-02,11.242394917325592,0.09175915848095745,5.372989547251804,0
25.532536738646634,96.99216428455222,none,none,2023-07-26,13.794473630969604,0.21716097204957552,13.044319362827533,0
25.46073277430221,90.52930081077784,downpour,small,2013-11-10,114.22305859249468,0.9088539677724274,53.646261782915964,1
28.193559723560895,92.67183166086785,none,none,2022-10-26,1.9118587767959883,0.38843309329104336,5.199690309062549,0
26.983503209419148,96.71720915641248,continuous_rain,small,2018-04-18,35.15403004663604,0.8422528942307024,66.64008575151178,1
21.532457512247518,93.5010668228289,downpour,large,2015-08-20,112.12281957435559,0.6438936933168425,47.881955927262524,1
21.139497869666666,92.54748737969797,downpour,small,2023-05-10,164.71728398026264,0.7441313149188868,32.02304433103195,1
28.971915301190023,93.7529361910083,continuous_rain,large,2023-07-03,75.96831696075434,0.5326433093088796,45.659952795478766,1
28.198072509335457,94.72593073939866,none,none,2012-05-10,5.4876053315997675,0.28724639033555105,4.90923395503086,0
27.77304050415053,90.37433717158332,downpour,small,2011-08-29,46.183923756477014,0.8146847912326904,49.90080856158692,1
22.294078247737726,89.03580358585238,none,none,2014-07-22,5.685401358736671,0.13255945316805123,8.321861787428123,0
28.904170525620813,92.42941818715975,monsoon,small,2012-12-08,71.59479101040978,0.6896611929703078,50.20743659706315,1
26.559693276017992,93.99057694799262,downpour,medium,2010-11-28,198.3460386545342,0.811646418368842,48.6273855634484,1
26.772878234635137,92.82236910433694,downpour,small,2014-11-26,45.71445734719203,0.5306906345308411,30.5574352450381,1
25.416400129221998,92.0440456237803,none,none,2011-04-10,10.507394914669435,0.1440093078375506,0.5359324425455803,0
27.77274433200623,94.22263710431055,downpour,small,2021-11-17,174.05322431270446,0.6156116070911446,47.47749135863224,1
27.320148768520404,94.44662225934297,continuous_rain,small,2021-10-08,156.32569307631968,0.5101389863098353,39.1917946599559,1
27.273704855598215,94.06690767157191,continuous_rain,very_large,2015-11-21,26.151611155461406,0.7000194396103205,38.57616224253854,1
24.764873442676112,90.63727498394995,continuous_rain,small,2011-08-09,143.82736859448477,0.7277414302188223,44.14793640420608,1
23.86901941899346,91.8216481222587,none,none,2014-12-16,7.407293067660806,0.3624592955233705,19.975386137796676,0
27.27063940741896,89.30251482273783,continuous_rain,very_large,2014-08-21,106.4426647252141,0.9992795618984991,47.72323189773678,1
22.315512161089867,93.40754800155328,none,none,2020-09-15,10.671611843321669,0.2502202892028222,4.357217443908522,0
21.6490355903616,90.1871441175037,downpour,small,2017-12-30,167.484537158138,0.6271279966421645,43.12386617815988,1
25.49966400398051,94.93229832498542,continuous_rain,medium,2021-09-20,130.89940674190464,0.9461658517408724,46.08785085559464,1
23.463951696681118,96.26518705406293,monsoon,small,2021-09-25,186.52992399560023,0.5155366007493106,33.60887606382529,1
22.025626027914743,93.11264859155514,none,none,2014-11-16,4.124241966751819,0.12205523627108175,10.462492724516535,0
26.820794862593594,96.72426399621536,earthquake,large,2014-07-29,27.77911993650852,0.33082893853178824,55.75522051342534,1
24.952584385145936,90.3876407179269,none,none,2017-08-24,13.69006636229894,0.2146727004482526,9.175250379905224,0
28.40026450074771,94.76408554224771,continuous_rain,small,2017-10-09,168.99110595208043,0.5617786285475398,44.16232676097387,1
29.87729774935398,97.97892947804448,downpour,small,2021-08-28,98.1403370455614,0.8696940993241297,46.867967133243056,1
21.36483420079683,89.11924627272779,none,none,2021-11-17,8.730607504873156,0.38075432652520336,14.253976334208833,0
23.4847397467596,94.84147695181369,downpour,small,2018-11-24,109.11126939201759,0.7446095470400305,44.18146183683687,1
24.09297131501691,91.65294132667067,downpour,medium,2022-08-23,118.77808248329417,0.8608319925520211,30.88508516752367,1
21.204385523058733,97.97328741192662,downpour,large,2020-01-25,86.59258447482405,0.6226652064850831,41.29269251068162,1
28.037123336420365,91.7814130199039,none,none,2019-03-23,12.979667420544326,0.02346094261530416,25.294300009771536,0
22.450804127384004,92.66146725039026,none,none,2013-08-15,12.88036311699669,0.13423359570665347,2.1760021083389103,0
26.464329105503804,90.27596915174564,none,none,2014-08-18,6.400397335546025,0.33973733158764086,15.35972351596772,0
23.056366784080417,90.72914864056305,none,none,2021-11-15,1.794954118492937,0.3164482862937687,20.684323164378792,0
28.65289285253415,91.79185133482018,monsoon,small,2018-10-09,44.84063464912452,0.5203212551275153,53.025550513146314,1
26.54345125900437,89.59226238866282,none,none,2011-04-10,8.295239696936253,0.26563628191677974,16.212219032119002,0
22.272105886084628,89.13657647450464,downpour,large,2013-01-08,59.798672666561046,0.5944679229344043,29.919343326516646,1
26.261555895695388,97.04515608167314,continuous_rain,small,2018-11-11,119.87921236251438,0.5829255028142264,48.56840994182782,1
29.900077512668815,93.8194231203412,none,none,2023-06-30,0.4310247288166469,0.13116942135462015,6.274732270291149,0
27.06819451698079,93.81616711676597,none,none,2020-03-26,7.702987561786968,0.2931753845734525,3.307330078865256,0
23.79266514909196,94.68353987903681,continuous_rain,small,2010-12-30,172.1698888952586,0.6308011625579482,25.39157231449053,1
27.093487791324655,95.80012144875315,continuous_rain,medium,2020-04-11,141.67932075341702,0.6979132175545801,32.77185526924272,1
27.60709272262863,91.97235736280084,none,none,2017-10-25,5.370430952947093,0.20825950991486253,26.327018959838945,0
29.899629025721023,90.87875239687696,continuous_rain,large,2011-05-06,56.87741286167969,0.7404476172000616,62.83827596883378,1
22.580345200334595,89.69050511647839,monsoon,small,2016-03-14,149.78675455578,0.705642214204012,26.1405146895121,1
23.091024705924454,95.04473633317532,none,none,2017-08-16,10.352544042000208,0.394026405135645,18.73105595962703,0
26.833137919522816,97.66946716326292,downpour,medium,2021-09-10,153.89238567192328,0.6284374440875033,55.87651662096103,1
26.43986720008145,93.69645543933989,none,none,2018-03-19,8.655763522742747,0.23027949623327093,10.026595376744288,0
24.053644634905993,96.597471938577,none,none,2017-10-10,14.575166360822234,0.3389235770673844,7.252720787676409,0
26.76306954532175,90.02409823929348,continuous_rain,small,2022-05-06,197.2138976453876,0.5391928953035153,58.33417127704216,1
21.372022669500204,89.75812145190483,downpour,large,2023-04-19,120.39052086755905,0.726378809475426,61.079702223845274,1
21.645172784005293,94.00243568064899,continuous_rain,large,2021-04-05,108.87746272720305,0.8295648526695905,65.85851902981096,1
26.984013248410346,90.30356030922178,monsoon,large,2018-09-12,166.61062020045466,0.7076438918680583,26.646895172139363,1
27.717508267246657,97.09535829843122,none,none,2017-08-01,2.5861187298642734,0.048816952943638504,9.195685035017219,0
28.194327949249157,90.61937216213865,none,none,2013-07-12,11.90903678493718,0.3095145654419049,19.745793899975588,0
23.924214629427492,93.7440141844306,none,none,2012-08-13,10.34110784235811,0.10811395740554604,6.587795934836956,0
29.739592801675453,93.28496692810894,none,none,2014-10-02,8.02751575193518,0.13829369693400959,6.296084682431856,0
24.703397154211125,91.82732996891065,none,none,2011-08-27,11.530557531367668,0.3076663877072637,1.2861377672706131,0
25.068821220599624,91.45010716065441,none,none,2014-03-29,9.957142792715295,0.1128255084734883,13.165641495838878,0
21.593984619317247,90.53585147234033,monsoon,medium,2011-12-05,73.33601123728928,0.7700897848304761,57.009540617471394,1
26.516231502811966,96.00349059011342,monsoon,medium,2018-02-06,133.6974681922481,0.6479008078535933,43.97813940068488,1
25.181623524222285,89.28498717691643,none,none,2022-11-08,3.791510974921988,0.09122630770879461,26.4241447125735,0
23.479160297382073,91.38635431481482,none,none,2018-03-02,9.123424548900763,0.022802819610494175,4.7578034153363085,0
26.312684688348064,96.28265666965426,continuous_rain,very_large,2018-09-20,43.37650011482799,0.9450074058654092,34.12901788405355,1
22.568035131852714,96.25122170198962,downpour,medium,2016-05-13,83.09955871031148,0.7452895393261966,26.088529578722458,1
23.725544956466095,90.77749813922456,monsoon,large,2010-01-18,114.71870461982424,0.5008959480157857,46.05320837835816,1
21.36887560773054,92.53394047382693,downpour,medium,2017-05-24,56.589906104646126,0.9892428477296529,52.987180051832595,1
23.847690744074626,93.88801894153603,none,none,2022-11-22,8.823468663416675,0.09903383467894954,10.327575667111242,0
21.075095327629253,94.19857587578741,none,none,2019-11-26,11.559389831879342,0.18401440984327447,10.180474524607613,0
27.609288697557616,97.11842357877256,downpour,large,2010-07-18,180.59675707452257,0.5365268664850722,38.75960433367363,1
28.888721933791583,95.65453670022158,downpour,small,2013-05-09,95.66692161717627,0.5089095459002966,46.302562779610184,1
27.8184536957553,95.83004378461344,monsoon,medium,2011-02-15,121.1363646371632,0.5668111998441996,27.067927435241227,1
23.701342976190375,91.16554359243824,downpour,large,2022-03-01,101.34839452425229,0.9117215983503073,43.11344438681813,1
21.401585122459913,97.29758812548519,none,none,2013-03-27,1.3953079220455378,0.3608478029648565,3.088991818835191,0
27.30454892915035,93.14331305722446,earthquake,medium,2020-07-06,5.269198493997884,0.3784814625263824,59.073844880235804,1
24.75346371906395,97.63727513508913,continuous_rain,medium,2023-01-23,110.29229140164985,0.6081236321859584,67.3754922829528,1
26.285817608033597,90.96745029840858,none,none,2017-10-31,0.05927571942688503,0.3972745316223716,5.995450477503512,0
21.986802592387242,89.37787941570804,none,none,2014-06-13,4.826287167755009,0.37974905990705277,11.951708682016559,0
26.716548183347456,89.31484538255418,none,none,2010-09-18,14.05229424989791,0.029086868837699998,14.220149655292735,0
29.02464663526089,91.97093896653475,none,none,2022-11-23,10.533936626924373,0.004482435649881644,7.224055779120214,0
25.854795474410494,89.10781232304288,none,none,2017-01-05,12.307347953034048,0.3114755790120201,7.468151560418339,0
24.351656221735094,96.96123533110698,none,none,2017-12-24,1.749770091247821,0.08974433589120344,5.165838585724428,0
27.239601921055392,90.79431881391245,continuous_rain,medium,2011-01-07,89.44686558381126,0.6748743115258296,32.48668934752416,1
24.22250846099501,89.48882162660647,downpour,small,2020-12-11,161.0343981745883,0.5177063157395301,34.821444147526414,1
29.585742767819305,91.99391678873327,earthquake,small,2011-01-12,20.26523630656249,0.46433381669401996,39.97160125048545,1
23.262608936357168,95.53752411822522,none,none,2011-08-31,0.3280322517035167,0.3927297945007814,25.387121272205714,0
27.03831570414819,95.54263705520025,continuous_rain,medium,2012-09-11,91.54054307693687,0.6781744797627309,27.985156244146257,1
23.47096319837894,94.10094506893886,none,none,2019-09-30,6.110312137025135,0.3751172232493404,21.93062116715379,0
26.24271413834194,93.16128039354142,none,none,2010-11-13,0.6184777395070995,0.3802078634003408,9.466541907946214,0
27.590429725189225,93.60395777052327,none,none,2017-02-27,2.54183930401433,0.15027008596081576,21.66157941447033,0
27.865914167843563,95.15807047958008,none,none,2018-10-17,0.2667193837480186,0.11935785341598765,14.793396397901496,0
25.461163438133546,97.10898428997308,none,none,2022-09-29,8.290189605651202,0.03161598392419891,9.987535686583517,0
26.33718684553923,94.31757212926799,continuous_rain,small,2018-08-12,54.9926858018915,0.6677531347183455,33.51667231739766,1
22.816982722919242,92.75694573468931,none,none,2018-05-16,9.343417194099723,0.2941280314126139,9.77451093991456,0
26.49782220037183,91.84394788009632,none,none,2015-08-09,10.031802636354309,0.3699432460474617,11.338168183904264,0
24.39665104124833,93.27010468428129,downpour,medium,2018-03-17,92.42914296064475,0.9948074266128847,29.35217342643479,1
25.02924601826401,89.43281775543242,none,none,2015-11-21,6.437578448798113,0.14596919678549325,29.418958498452902,0
23.871847816731435,93.38397401409541,construction,medium,2018-07-19,27.713384168753834,0.22313109061723824,57.434552039795456,1
28.46960060305756,93.41496568519491,monsoon,medium,2015-04-08,159.9915594834693,0.9543669228925977,25.907547701722198,1
24.280900549811697,93.86877101594104,downpour,small,2014-07-28,29.999525482669775,0.961509450779732,36.178026678108594,1
23.653483467320292,89.32823815281205,none,none,2013-10-12,3.6259590720710277,0.11202768772557317,7.190873820450149,0
25.724174997783383,91.84776825739489,continuous_rain,very_large,2023-09-04,101.60888642639279,0.7586304812498389,28.445715089875595,1
24.143156320988275,96.81223502833508,downpour,small,2013-06-02,169.8816438575863,0.6909760674751558,45.169126982315774,1
25.24565039242135,91.51562113183624,earthquake,small,2013-09-03,23.133696346627552,0.48978021733374194,34.788602795838464,1
28.436435591275114,94.56312402894524,none,none,2015-03-24,6.13628612221617,0.32205678073722577,3.195358675194896,0
23.570587043774353,89.88872641722111,monsoon,small,2018-06-10,81.70343701063854,0.9970508535347831,68.42021402950323,1
29.88013504296839,96.47824449396533,none,none,2021-04-02,4.73713348791713,0.14529440395599535,23.344302873746,0
26.33790121600233,90.03113699620009,downpour,small,2019-08-01,131.1969798661432,0.6712245089006795,62.3718431672657,1
25.20407410368587,91.85338955159597,continuous_rain,small,2013-02-13,130.2602375713001,0.8577900542298516,61.66804094341273,1
21.534057870227173,94.40053692276283,none,none,2013-07-31,4.060571922847955,0.2629173985344085,7.214604131315169,0
26.46820790410888,92.16248343766694,downpour,small,2018-12-09,89.97535201536824,0.6411464923277064,42.50533445706232,1
23.315469364463855,90.96146823459196,none,none,2017-11-11,10.36593545360768,0.0017359593165160005,17.918198123491933,0
21.508906086664464,93.27696597960363,none,none,2014-12-11,12.842772357892454,0.27547661155144176,21.859372647883237,0
26.533178419497197,97.85328226384506,downpour,large,2015-09-25,140.66202529431706,0.7048443129647968,54.82185079361635,1
21.904441684101688,94.40874491204444,none,none,2014-09-17,8.439322056761451,0.1015082327385935,20.860833723043196,0
29.373397078806125,89.36686278468683,none,none,2013-09-08,7.315331135787709,0.10052013014702532,4.297837211270767,0
28.923286196573407,92.27472994613802,none,none,2010-05-24,6.758889086062239,0.3052012120722363,0.5091365207945864,0
24.371416754479544,97.16115710991171,none,none,2011-06-15,5.005232409187342,0.2546045634860893,7.560433630581922,0
21.932139420108527,90.45835240869286,continuous_rain,small,2011-05-15,59.03290440636079,0.6642053080904227,30.08107540799089,1
26.66423125351631,89.7574081315107,none,none,2013-05-17,0.7661870827565287,0.24281946207632943,10.67495359875084,0
26.216382398768452,94.74479325876209,none,none,2015-04-06,10.346292463142843,0.14798245830449863,26.651150255172237,0
24.22630609580608,92.1094153486724,continuous_rain,large,2011-09-02,58.28154532864477,0.5948954672247421,66.81578537324154,1
23.272096523121732,94.08539408662517,none,none,2017-04-29,14.493864353779449,0.2544948755666799,11.902634267413305,0
21.56132309765111,93.53826560933331,earthquake,small,2021-06-22,6.862781460119232,0.42873865516756404,37.83953549079103,1
22.601224944916144,95.53676393670891,downpour,medium,2018-07-12,160.88955184483024,0.6157861101300138,26.707695952682414,1
21.32090775542012,96.49930340371532,none,none,2015-05-14,3.2404460486704307,0.3775616282855912,29.08730832865768,0
24.317125176859353,95.88715313655949,none,none,2011-04-16,1.193787012438932,0.09022026902296419,25.347705555896187,0
27.07134791231915,96.22253912978393,continuous_rain,small,2015-03-25,148.79042478466002,0.8771445866972851,69.22407904315921,1
29.05473114049056,97.79123739241854,earthquake,very_large,2017-03-24,0.08037222704152414,0.4756084844217752,69.40817523947227,1
23.76151435679593,95.82780359772474,none,none,2022-06-20,7.038524627424279,0.04957630245624905,12.671937819269072,0
24.77520760226913,97.96323750818863,downpour,small,2022-03-07,199.9281894640133,0.6221459606573727,55.11456488593414,1
29.767858451810053,91.07245692054134,none,none,2020-03-18,10.744062368283657,0.00037577180216969986,9.123393577828395,0
23.80977279807289,93.88994128632635,monsoon,medium,2021-10-13,99.0346212400182,0.5895867857854007,33.46433763096999,1
23.428405917319047,97.04108458644464,none,none,2021-03-25,8.547340891542278,0.042355836834498284,19.262464133303293,0
24.709404471290803,93.54984574455284,none,none,2013-05-26,14.488231548294637,0.2926757433108543,1.1381628622496376,0
29.226739154114064,97.78646139259091,none,none,2015-12-03,7.053515386236952,0.0996550924851638,8.166704039190476,0
23.538809404962045,93.12416131554008,downpour,very_large,2011-12-07,77.66708608353827,0.7829498274737536,45.66145980036316,1
25.694331888806644,96.88573782171977,none,none,2012-04-14,0.3617509125777335,0.08904459437611512,2.543704511142467,0
23.711073512844386,93.0480604700931,none,none,2022-07-21,5.378190010912568,0.1372425337493915,19.453882177768783,0
22.89865969939159,90.09173898972848,downpour,medium,2018-05-30,199.10564884227912,0.6319850528915016,29.450412117966568,1
26.280922468241187,89.7286358512931,none,none,2015-05-02,8.434273343430807,0.22786753381783825,7.124072092885259,0
29.415726571153492,97.19750029800889,none,none,2014-08-05,9.736945457907288,0.20347410433470037,1.5802821940067013,0
23.87869564118306,89.90371549719434,none,none,2013-07-25,0.06553621898158335,0.33423443362529565,14.586611446941115,0
21.070675723499985,92.89045339442484,monsoon,small,2015-12-08,174.3257588041299,0.5005381512069145,67.62439894805007,1
23.15979244810755,89.67138928263482,none,none,2010-01-07,7.315011416293601,0.27042474037184466,21.397833973530922,0
22.886649909521363,91.40448344653863,unknown,medium,2021-09-02,18.17473855783514,0.5391445373132333,31.56499172866568,1
22.239168579597457,96.17830608871708,downpour,small,2015-02-22,22.777476224445007,0.8281707110970323,25.397799322109556,1
26.947874909504662,91.97235578802585,none,none,2022-09-10,6.635835174637125,0.18133606995029317,18.670539632081216,0
25.110220163497083,91.20481101081471,none,none,2010-04-29,7.635850660049161,0.24319301022217152,12.077532855591413,0
29.732963596169803,90.84986054344583,continuous_rain,medium,2016-06-28,24.34129156004535,0.5967504635969221,67.14489997226099,1
22.407271787220285,92.4010150322476,downpour,small,2010-08-15,92.33291004138454,0.7590439760281609,50.24874030923585,1
29.330384033317728,89.98587120514155,none,none,2012-04-30,6.375049905499404,0.11924303904540628,23.559614949797908,0
22.38940023663071,91.967337474012,continuous_rain,small,2021-05-08,166.60095782729803,0.6392400832704679,60.55331073945884,1
25.947868478196938,92.70982974786021,none,none,2011-03-29,0.30350849114809453,0.007420503776956223,19.47206989997888,0
22.260126581082798,97.09618793800632,none,none,2010-12-13,13.462358338304997,0.27428393856861466,26.3307215702656,0
26.789958507812713,97.37829963732084,downpour,medium,2010-08-10,169.49095825045617,0.7320852516871877,33.68412414819833,1
29.586096337517986,89.30983230263026,none,none,2014-07-17,13.87943408786046,0.19489412455403637,3.913449844972181,0
29.11270565944231,96.66536243861502,none,none,2019-01-19,8.695519587744542,0.16901338871362728,20.23246600828869,0
27.784912662247653,94.75790610099844,none,none,2019-11-11,12.191506105346024,0.012745053359075654,0.8546873633457108,0
29.47457578921366,96.05940826103641,downpour,small,2018-07-05,142.8874732451224,0.7568293854005532,45.19095017647793,1
22.931417352007443,91.27125370913168,none,none,2017-11-14,11.560384944255492,0.18796372763826158,29.000296328344294,0
22.256379986792837,94.04187471789604,downpour,medium,2015-11-01,152.29137219257618,0.7519240503732392,63.23930602029639,1
22.37615730951451,89.73397727165437,none,none,2013-12-25,0.3185645300231532,0.2859549469708891,14.527337416999377,0
24.93432816778504,90.73604061473982,continuous_rain,medium,2017-08-03,61.19318642079334,0.9751288437433631,51.51935216635376,1
25.783372854253727,89.74701240182877,monsoon,medium,2018-03-06,39.34675565689274,0.6125575695719712,58.26564703503309,1
27.563827708529033,92.47083139706378,none,none,2019-03-07,5.228278821746738,0.010681239734958449,7.460759016047688,0
23.69409372402831,91.01126956142545,none,none,2011-08-07,10.084682759753788,0.3510150634999205,11.46584795739788,0
28.464526010202814,96.9891343015996,none,none,2020-07-20,7.93186958108612,0.3231834741348709,1.1887982015402765,0
23.088211072319243,92.09261278045646,none,none,2023-06-03,11.133251416141531,0.23561394518807802,14.742154678298041,0
27.71546199724264,96.40144790103058,continuous_rain,small,2014-02-10,149.221434062149,0.7315869917701321,67.77661741089219,1
24.339022973449456,91.38133193136984,downpour,small,2020-09-23,97.3609888341319,0.924822805565688,48.53028486310274,1
25.935951278708753,89.05437360383553,none,none,2011-08-17,3.3256873057574943,0.29703362450953746,18.162784470785287,0
24.592692039036805,91.67075617212201,continuous_rain,medium,2019-04-24,84.48726824090934,0.9555932976019619,41.44584912869053,1
21.05277514675897,90.02032890670964,none,none,2011-01-01,13.47185297090471,0.31153677341376507,23.117018638914978,0
25.91930462836755,91.69728120483033,none,none,2021-07-21,14.523133080938035,0.20819553493345522,23.80675633017606,0
24.777564015754294,92.18191570339644,monsoon,small,2012-05-06,168.26510841045985,0.614065265577147,36.20033687312347,1
29.18843901959921,97.8303900986077,monsoon,medium,2016-03-20,192.9543553363631,0.7425264076512066,29.229967313710354,1
25.815499811200418,96.03979870091857,none,none,2021-12-14,6.976149164692212,0.2819243056794283,8.683147946936781,0
29.565549762203432,94.55329159443228,none,none,2018-04-14,13.534704051078513,0.3426022577840818,15.595744767479799,0
29.39493376766941,89.85909985908015,downpour,large,2015-09-17,98.90317984654182,0.8197267501720563,61.836145122688535,1
21.231580614484965,94.69103709405348,none,none,2010-07-01,13.639522670822316,0.05046192862326424,19.442863670058387,0
24.072650205074204,90.21080016544755,none,none,2010-07-06,2.211466650600216,0.26037480772295907,15.995406362464502,0
27.30801209284818,93.95472230019715,none,none,2013-04-26,5.611703679514784,0.3929578908159166,0.9194981529159263,0
27.759649149653992,95.13523258870467,none,none,2010-05-12,8.210121252951934,0.15675047143466248,2.293459853458949,0
23.571424430647838,97.49553941465923,none,none,2014-02-25,14.37843649914933,0.21081265029513202,18.962775964898345,0
28.101314599827035,95.89383335439877,none,none,2014-03-28,10.841124821700198,0.13301364483547837,3.4966736161384073,0
29.09736031265037,92.15766476008457,downpour,medium,2015-02-05,42.49560261947451,0.9259988888637687,67.94494344317923,1
25.361395685842076,91.23668121807692,downpour,small,2014-08-27,87.87115552835338,0.8641514631250553,60.245068715477075,1
23.42049158595903,96.56209588612347,downpour,small,2022-03-13,39.54328234160323,0.5612053283561359,38.93536926210712,1
21.05890065565038,96.66098373174354,monsoon,small,2017-04-04,176.30300538918766,0.6857477554276332,55.056690894027085,1
28.214232994741074,93.67853709015306,continuous_rain,small,2022-08-22,195.0763712594642,0.626374193063729,30.13441675453911,1
21.372048590698505,91.16420241589813,downpour,medium,2012-12-06,117.66823061679933,0.6981289237004201,60.31586203750112,1
22.432754061642314,90.63578258100917,none,none,2013-07-06,2.6882109667560847,0.3392235610551111,26.259334418012138,0
29.113247036363674,95.7418352917551,downpour,small,2021-04-27,170.39652843465055,0.8837663349377273,36.233978041225285,1
25.780152544006928,89.98447318615366,none,none,2018-12-18,9.946607419231816,0.10151399900545935,9.276010139934336,0
27.5242352873086,90.978500611452,none,none,2023-09-02,2.9798374128297795,0.01289967957364362,26.87906131146536,0
23.928482125016018,95.232783527551,none,none,2013-12-16,7.34354183494389,0.3999051210503535,22.126113023451012,0
23.525229447991567,89.39767409606759,downpour,small,2015-03-22,59.8074391654683,0.5485190498757357,58.358468931908305,1
29.47464857189896,94.12256335765359,none,none,2015-12-05,14.717190699058861,0.3148264885576615,25.153409605714366,0
29.80069854939167,92.08146191765502,none,none,2022-11-22,12.572568930879548,0.11053371667637997,17.026105321183287,0
29.614270900978944,96.23449418771833,monsoon,very_large,2017-09-09,159.34404845989897,0.5671745005521427,35.73608963429322,1
26.09083450252517,95.28019352092905,none,none,2023-06-05,1.9743606048288815,0.2587580682680106,3.298773195683439,0
24.944225828215732,90.22328589796277,none,none,2011-10-24,2.368538922037357,0.3623881038663042,3.0458109101125794,0
24.178563380948777,89.00391274438722,continuous_rain,medium,2020-03-08,150.0495717243316,0.8126698201467937,33.43785841822876,1
21.071931382638006,96.8881975716543,downpour,very_large,2012-01-14,103.91087376443362,0.8533855474274025,67.84875044248827,1
29.472238119486498,94.67210767765896,none,none,2013-12-21,2.501654895108825,0.28941947988128797,11.621914141888219,0
26.386689440133303,92.80063290682423,none,none,2021-07-25,5.457191636184879,0.3928747640876138,27.046088721087752,0
23.890475904139144,89.89716135365958,none,none,2011-02-23,8.883827852910024,0.31041258517610304,9.28799615735697,0
27.040894007261194,96.59842881759118,none,none,2010-12-29,13.870470365692404,0.04674536857398564,15.570612912101689,0
26.199053161569722,92.42799745194014,monsoon,medium,2010-03-22,162.0760751995871,0.6866152735827878,41.29590041737526,1
21.524168525981842,97.41984365281989,none,none,2015-07-27,7.038543157937864,0.22792195043442853,23.167738985307206,0
23.970804625815962,96.79667496700823,downpour,very_large,2012-09-18,21.206708641877125,0.6438635058792993,48.35765143476726,1
23.143971441205565,92.51847995442456,none,none,2019-02-05,10.950995646071624,0.372889832940343,15.83195506051839,0
29.465887499096475,89.87955199435999,none,none,2014-10-15,12.657234100411074,1.370848441246686e-05,15.60743274526321,0
29.742846436641408,90.16060290920908,earthquake,medium,2017-01-21,10.515883443163652,0.34840196241915883,62.633038749801756,1
26.305362153556064,92.92236538051847,none,none,2012-06-08,4.511596719576209,0.1759029138491319,17.817312429016035,0
21.919946669187155,95.79430067501752,downpour,very_large,2019-09-19,182.77728751402574,0.6221295512127768,63.04332766229416,1
27.74242187451068,92.45709662115843,downpour,small,2018-05-09,76.80766759993742,0.8900207580207,35.16512853945167,1
22.4285306013217,90.2098938793581,none,none,2010-01-26,1.8723737425798481,0.23759996212626328,25.718341385664967,0
24.17157178110017,92.67928826080929,downpour,medium,2012-11-04,44.13417947976756,0.5892597371200113,44.30349806687398,1
21.87350432088359,91.95058617121033,none,none,2018-04-09,5.2406215652626935,0.14391418168615205,0.5874825036298059,0
23.45067930883563,89.605464458784,continuous_rain,medium,2012-10-06,52.18047676449807,0.9078303718396787,66.16093521365633,1
21.15769832501886,89.42116209188359,none,none,2021-06-14,0.8374128504496314,0.2452172526443926,0.3400571356223525,0
23.279452042179955,97.04319407498153,downpour,medium,2015-06-27,26.70270839721427,0.7093266944517975,43.9621415615349,1
27.21183944427323,89.32084832875242,continuous_rain,medium,2015-04-26,190.2320810021286,0.8332821987465012,63.03941298315883,1
24.428824569653415,93.33013073439054,downpour,small,2011-06-19,109.04231613726273,0.7433916942498664,27.286596551806735,1
27.04084984092074,91.5979330385802,none,none,2016-11-20,9.316979992349125,0.2612146833875329,20.404778448729274,0
28.043252565196628,90.54122682938485,downpour,medium,2020-04-28,128.28075302949657,0.6370009019915812,36.73354544714332,1
29.710761931488143,92.95115092500018,continuous_rain,medium,2018-12-20,66.40177687176964,0.6297522017487733,34.721406036657406,1
24.046922989094664,93.63425224654468,none,none,2022-01-09,6.762016154486468,0.28040587752715274,22.28218547371568,0
23.698299345048653,92.66045523630088,continuous_rain,small,2016-04-11,51.330406332731556,0.6274456985204501,54.95296388465947,1
28.951112002785308,95.13156449302721,continuous_rain,small,2023-03-09,63.97854725886459,0.9885403851597019,29.53074221811407,1
23.228123901675147,97.2411831304411,continuous_rain,small,2017-08-24,108.80773483496469,0.5603016917232295,33.99927484918669,1
25.65628554104825,94.26993796580904,none,none,2010-11-23,5.0603145069343665,0.09378612206483923,16.782086667468395,0
29.78993704967388,93.82146465624245,downpour,small,2011-01-24,103.43137428597252,0.9388077458350708,37.61917120033526,1
26.539283478838342,96.12782908392873,downpour,small,2021-03-21,164.74940006731285,0.6077635718459506,41.732453638872244,1
23.074103107702324,93.75270815710721,none,none,2011-04-25,14.042587290115325,0.2104191071933943,4.645702218909612,0
21.87942461587925,97.72489781557266,continuous_rain,medium,2012-07-24,81.47556044026871,0.5582465394987316,43.00322397124846,1
24.338317028157295,91.14515779564702,earthquake,small,2011-08-26,4.289406285572513,0.5586032010211973,36.74281076827105,1
29.411219526334875,93.01613774661695,none,none,2018-03-24,4.325352961373809,0.09023259551386663,22.263607231812994,0
23.806370018588233,93.5500505438661,construction,very_large,2023-03-24,28.1262006626472,0.3335853968466787,39.62598920732991,1
28.993245740799523,97.61698456792925,monsoon,medium,2022-10-19,122.45266008250542,0.6792162194722908,53.80952992400256,1
25.515086474423267,91.48249681711144,none,none,2014-11-22,5.906593885103577,0.009026188269853864,26.58405216671874,0
29.71545225693592,91.50376239345422,none,none,2022-05-13,4.6322539205228495,0.38660632203823475,18.522063429487705,0
29.54004548799719,95.53306988644671,none,none,2011-07-30,6.905676958803193,0.13039069335380127,16.717576286186524,0
29.803299430529233,91.61800619882405,continuous_rain,medium,2010-01-05,59.145644825476126,0.6628786381739167,66.24708703177913,1
25.54630819033794,89.01984022986761,none,none,2013-08-02,13.452765268228278,0.07487817103257287,15.409071547516044,0
21.51315210416753,95.98685973176471,none,none,2018-04-25,10.154057379407867,0.09855466064320889,24.551668714135495,0
23.969148634880966,90.4768303185961,none,none,2011-11-07,11.31164630611612,0.0016918161745163474,26.749902459023744,0
26.364240048994944,89.86881452632471,none,none,2016-10-30,14.6682356661757,0.19520105081797334,10.225299087658236,0
26.774882911326806,93.4561186946429,none,none,2020-07-02,5.554174802606954,0.06200203230432755,24.986697089199062,0
27.315896560337364,90.13924408263277,downpour,medium,2016-12-10,20.71854639458824,0.6728630503267775,65.48945200290306,1
25.66446256827286,90.53001587188216,none,none,2023-05-06,6.296686102018791,0.12723512189130598,1.1155248483173175,0
27.179718871965147,93.77637908292071,continuous_rain,small,2016-12-08,93.0752338330969,0.6864286082767306,54.23125530082384,1
24.674026309906544,93.98522411983815,none,none,2022-04-12,8.920319438981348,0.08982703818731684,1.7787694896460626,0
24.456126418205834,91.457611376194,none,none,2022-01-01,7.712494220206701,0.04717076134013296,1.053549622124047,0
29.39549733813898,91.51013663658824,unknown,large,2012-10-09,15.645100688736713,0.41950409419362644,41.916426630212776,1
24.385425260942995,89.69531415081038,downpour,small,2017-06-13,57.009620967391896,0.7177490431867435,43.86042756560399,1
25.399700312504795,89.1833284275094,monsoon,small,2010-02-26,135.2960330121918,0.6708849179048797,47.116731202276846,1
25.68511373561817,94.36439609051567,none,none,2020-10-10,14.110416092429524,0.09287384814256905,3.7342808361498934,0
21.66513894612444,90.57916911811637,none,none,2017-09-15,6.583726932271184,0.026457164941322688,24.17302279163779,0
24.317483237963973,97.68963805544915,continuous_rain,medium,2015-08-15,31.42182659892319,0.7401776840863388,69.50125739138947,1
28.784917959716463,89.62455578542476,downpour,very_large,2015-05-12,58.63964444045789,0.5767334918571332,40.73833637528279,1
24.33133629713188,89.71149480555344,continuous_rain,small,2021-04-19,194.5231302743143,0.9629013879751487,43.05804214286337,1
21.92098103306076,91.31708147419599,none,none,2012-05-09,1.0056435037456541,0.03726510061225885,29.778301129485083,0
22.550866996105984,89.80411216936675,downpour,large,2019-04-14,147.76365956159134,0.5691089671031901,57.132652828408155,1
28.243795043587568,94.06441895828479,none,none,2017-09-30,11.526087387277455,0.29827855796096775,18.986973675986484,0
21.016086056295407,92.31347652899399,none,none,2017-01-27,8.599802581428234,0.23475215499804036,11.16070753192741,0
21.938988746585704,91.9830484874934,none,none,2010-07-06,5.886100292903042,0.29132001175318556,24.225131087963554,0
22.072903720253198,90.99474752390219,none,none,2016-07-06,6.372746464930206,0.18224913004980775,25.728643488574193,0
25.55051399912613,92.8785646012302,downpour,medium,2017-09-01,168.96464547634432,0.5799636843851834,35.738022816652155,1
23.712200284979506,89.43238658624848,none,none,2015-07-20,14.246615096645266,0.11463532005600903,7.639126054346016,0
27.01819229707104,97.20546220336688,monsoon,small,2018-06-11,65.86423624021296,0.6328269589567389,26.616317803131736,1
25.395954647403222,96.22797447070712,none,none,2013-05-25,0.36757477676132744,0.132997969000974,17.51232759580904,0
28.45970001913706,90.89465381027617,none,none,2011-02-23,11.485090022911697,0.3130930813422764,24.947942911284223,0
26.875588706766507,93.75656598842482,downpour,small,2013-05-08,152.49250444909654,0.7017966351874545,35.56807143854698,1
21.868132334959213,97.20606915819678,continuous_rain,medium,2017-06-16,45.47737077957224,0.6339506704103716,51.0212537396652,1
29.487831654951357,91.97164029266717,downpour,large,2014-11-13,165.66419099244808,0.5813290858983956,30.24755592653448,1
23.012388846500496,94.18923116666488,none,none,2020-08-22,0.15405421655212748,0.12677061251313151,27.64806651921454,0
22.575359016347566,91.94004942005661,downpour,small,2016-01-29,30.45981421878175,0.7642738771971579,57.90921531578314,1
26.61811634067071,97.71498768292994,monsoon,small,2019-06-12,173.55391988779232,0.5763576927924039,50.56330043125985,1
22.226570359384027,95.03907896325794,downpour,medium,2023-05-15,74.8176802456888,0.6732467207733552,51.81833637655535,1
21.559143598172938,92.55433076253706,downpour,small,2014-01-10,61.49017616653041,0.926160715116887,36.09768420979522,1
21.473644800165392,90.2663739536834,none,none,2015-12-12,5.956430859540031,0.2948964359647947,4.356577476155907,0
25.818744621502457,93.03762604319039,none,none,2020-06-15,10.514065932433072,0.10466155279401873,23.387947667112726,0
22.397395394477336,97.89837861738252,none,none,2015-12-31,6.684195127550396,0.22069981982618236,0.4080867153252421,0
28.559390213263907,94.70020868251413,monsoon,small,2023-07-11,129.2210272724376,0.9508715556715659,66.99004165580442,1
28.886002991982615,92.7244619566066,downpour,large,2015-03-26,72.8564919638954,0.5241693574566337,36.702250021119774,1
25.012775551716828,91.19574539797561,none,none,2016-11-15,8.49186012609531,0.3890364979902455,9.312331930906764,0
21.34548225778561,95.622270779519,none,none,2021-04-30,4.122286881556188,0.368104182130713,0.8491691522331002,0
22.65757027794264,95.2860584576575,monsoon,small,2021-01-20,69.31388269267316,0.793028502921787,58.04238061357375,1
26.5124927817902,90.28445835514151,none,none,2021-12-19,4.385176007640805,0.23208489638854518,5.170092926873107,0
22.591248314124993,93.60830225220789,none,none,2019-05-24,0.1841724301797476,0.126962244984896,29.8852912623548,0
26.195145116449755,92.34202402284238,monsoon,small,2019-12-05,173.79116881482483,0.7537745103387145,52.033379776637574,1
26.30840419921226,90.06236815507155,continuous_rain,small,2017-10-19,107.32034051655462,0.5469525367367971,63.14879571658158,1
23.71022431622751,93.88335199663481,earthquake,medium,2013-06-29,26.854710747034115,0.28791833033797676,60.118823338485136,1
28.76431708022542,89.77662849630607,continuous_rain,medium,2014-12-27,149.55082566685584,0.5091201578993568,40.383747862195996,1
26.257111454802594,96.1635304577952,none,none,2019-10-25,12.638011242858903,0.376419123952473,16.196330065855403,0
22.138995810612577,94.69182327483523,downpour,large,2017-07-09,49.80647848183378,0.5985926858979159,67.7746314433044,1
24.32625582777833,91.1793001431012,continuous_rain,small,2016-01-26,189.19696563317592,0.7634521671947725,63.14388420924026,1
26.290025638194415,92.6592312736234,none,none,2022-06-25,10.167087544395768,0.33579142116153615,26.264382603035585,0
27.856020326783472,96.07721785526125,downpour,medium,2020-02-17,168.50792840997994,0.7954093012255408,28.938656846587953,1
24.336567211893183,91.77843206182172,none,none,2016-02-04,13.212236449577558,0.006405397808716851,7.962467215706056,0
23.568263718932034,96.08719180178136,none,none,2022-05-22,10.88514657158925,0.05453249539277225,3.248358077164575,0
23.201825957667452,95.28056516933003,downpour,small,2017-08-28,33.33618044358815,0.9080507614465219,32.54728989637309,1
,92.62529286583761,downpour,very_large,2017-07-17,150.65712970432108,0.8104332130853316,56.834866076902046,1
29.582418537004585,94.62065650657121,none,none,2021-11-01,7.1421702441310755,0.3143805112922856,29.414890860285155,0
21.312706742948684,91.65145107644742,none,none,2022-04-22,3.69106205764584,0.1438569278822713,21.280625033026332,0
22.74427971514935,96.13997616393867,none,none,2017-03-03,14.311955425060404,0.2630575575244045,24.150698812576977,0
,92.09192382839336,downpour,large,2011-04-09,190.47956196335144,0.6431880916728434,58.48873058412265,1
24.588002231974055,91.40294655091513,none,none,2018-11-16,9.248156315010384,0.29806542936487884,25.01179296390598,0
29.925150421093115,94.33586541511801,none,none,2021-05-26,8.082940867427947,0.22730540794659873,3.0407819311601028,0
27.503772911364916,91.29017133921543,monsoon,medium,2013-04-09,184.610348556909,0.9006298001979358,31.220472442791316,1
22.333366502968488,95.5383118513097,none,none,2013-04-23,7.834051575423244,0.3715536876981617,26.033385091708823,0
25.69227209865774,97.84201368236862,none,none,2011-09-14,11.454134638103193,0.0986714924966893,26.993842590492367,0
23.323857843650604,97.84266539815656,monsoon,small,2020-09-22,82.71765543380133,0.9068712351787103,28.004645938438465,1
27.81274881664379,92.78541985842575,earthquake,large,2023-06-10,16.1256204322442,0.37960689794387503,59.49126958131761,1
21.224281067668258,95.96533103656549,none,none,2019-02-20,12.338921105646822,0.12675108100423743,13.446656601789456,0
21.41077272857029,97.5085137194619,none,none,2018-07-24,4.807124267502958,0.041030422627780054,25.811091792455066,0
25.042940569427206,94.19472001402902,none,none,2014-08-09,7.1315651517708325,0.10021658250585062,18.984232106885468,0
28.210411702966553,93.45878849686636,none,none,2016-09-30,3.492609947142224,0.053812227906741006,28.41708997884971,0
22.111552868040594,95.78402404782386,monsoon,large,2014-08-12,67.31149890555592,0.652466509353396,25.270032286082344,1
23.552091408847687,91.50497260995594,none,none,2022-02-10,3.998911091413458,0.030571297177009172,0.9318459378480748,0
29.340505706579393,96.5413962204367,none,none,2019-11-27,5.298174676324604,0.04499109641967634,20.304213382341665,0
29.594906388257805,89.06140170833972,none,none,2010-06-28,11.182406996627716,0.3309447833013463,10.095748899503779,0
22.67990807670702,95.79386897394875,continuous_rain,small,2015-06-30,73.3730510884424,0.5609644464051475,62.89726372817717,1
,93.54555888483763,continuous_rain,small,2010-04-15,162.2850264882798,0.6844067129264335,49.47747534126432,1
25.929134030347505,97.9236559811034,continuous_rain,large,2018-02-27,197.77337938552805,0.6609534753446813,58.42086353285198,1
26.611794061927718,95.11084304273065,none,none,2016-03-06,13.569397057567619,0.2349453288698002,5.577014300597405,0
26.350910262034994,94.58564413311639,none,none,2012-12-16,10.955261314527402,0.36186788431126743,6.822127316742633,0
23.367374685468466,91.11575733298538,none,none,2022-02-27,9.957739370804362,0.2861590904519354,28.21045374053515,0
26.404816651365994,92.43784933864508,continuous_rain,small,2011-09-27,44.07454483297788,0.7546725799102824,36.15382860092464,1
28.116515823290452,91.66065891366753,none,none,2022-05-09,3.4478586465984593,0.10599085883851928,14.63650832552031,0
28.199410271993383,93.69657194082296,none,none,2016-09-05,9.597541849004095,0.24735647809348463,18.479819002391537,0
21.546299224211012,92.57507906937457,none,none,2010-12-07,11.95269236089031,0.17753034467922177,21.50991629840981,0
25.355538953306752,96.73646869704623,continuous_rain,medium,2018-12-01,88.61084546434225,0.9315025735777233,52.12418895331572,1
22.471239217124385,95.30439196084794,none,none,2019-03-20,5.843970905420763,0.3472213430718585,2.7159029758802156,0
25.887741020332733,89.32643368656367,none,none,2021-11-05,2.2689543673989157,0.14543579437380938,0.45463211605946574,0
28.111582381670843,96.34721966668971,earthquake,large,2022-02-14,25.077697899258744,0.2420674099807617,50.41027810938466,1
26.032863834821107,97.54564440600095,monsoon,small,2016-03-27,192.5321803586456,0.7051306325387261,54.41196749138972,1
26.004695995053403,94.15030681640911,monsoon,small,2015-06-15,106.5119759510838,0.7625938085249562,47.78669459265648,1
22.19799181381085,92.86530579532229,downpour,large,2021-11-21,95.65289958599489,0.7958575124925895,41.37094515339011,1
24.670226111482155,94.2979532247196,monsoon,small,2017-10-09,36.48499855388951,0.9449032881310846,42.09000971408463,1
26.425937980044022,89.2392069699932,none,none,2017-01-18,5.051002980929173,0.2627289852004677,2.5922263549080817,0
24.852174249623733,96.28983162872636,continuous_rain,small,2023-02-28,188.45984531254734,0.7296355283298153,25.771228867307197,1
26.86915987299807,94.87906272809961,none,none,2022-01-31,3.7687566672335464,0.39967678737047185,16.081192542049468,0
26.979891896148512,95.98751093931723,none,none,2010-02-11,11.878379220449041,0.03940269068305322,18.078435845913862,0
29.756061438067917,89.8878965769842,none,none,2010-07-10,1.1297450637999367,0.32382131092142274,29.82046907088516,0
22.896212985967423,91.49353720838592,none,none,2016-08-28,2.1295557382011716,0.34339031351193156,18.420900884319998,0
26.706383947237594,93.98408393309589,monsoon,small,2011-08-24,100.30110930338877,0.811516863502131,41.00674602800298,1
22.500602119693774,92.69309178525509,continuous_rain,small,2012-11-09,160.38955988736888,0.6290858313160856,36.538186072714296,1
24.34074556634959,91.23768852935036,continuous_rain,large,2015-04-18,30.615449465013903,0.9285485698122177,66.56593523738168,1
23.482545920625668,91.22115248910758,none,none,2021-08-21,5.489294719943836,0.03833693930396623,27.384009609639982,0
27.449007868444106,90.89986043297668,downpour,small,2014-08-30,93.27186444981429,0.9623161322322071,56.13399489507295,1
29.67682247196121,90.77067908615679,none,none,2014-02-08,1.7502038548823917,0.19784190092483467,19.61955819155499,0
26.942909472801723,90.51102705617379,continuous_rain,medium,2021-03-18,94.9429430833329,0.8200461062525348,48.42940271710124,1
29.774938865819642,94.83411749974587,none,none,2020-09-09,14.550523352608774,0.34224063041232344,5.6061566558693325,0
22.299690175096984,90.81834664604185,none,none,2014-05-06,10.707794805682191,0.3928089725104735,12.156835845873395,0
26.170538586914084,96.56958946935679,monsoon,large,2014-01-31,180.89079403381427,0.7811431716794381,43.0163955179787,1
26.334075630570627,89.53645438720146,construction,medium,2016-03-22,22.785097391671346,0.4249861343936928,41.8063198364672,1
27.5035990411817,93.19237292190721,downpour,medium,2017-12-30,85.97245340250463,0.8042480697747099,60.250696365073644,1
29.541503764324204,93.86627615045748,downpour,small,2020-09-30,175.4704459984083,0.7374569821489803,61.943704614686915,1
26.96186142218761,93.0178720723549,continuous_rain,small,2016-05-22,100.81853382342842,0.5589676580618421,62.643337055118195,1
24.618483533843087,91.76073749195135,monsoon,small,2023-03-14,187.44998674641207,0.60417991387373,66.87133399715634,1
24.88105671098449,89.23078649009459,downpour,very_large,2016-03-27,178.63920612062682,0.541424334293165,27.51916122828589,1
21.090996588245613,91.79400673064245,none,none,2022-01-27,2.2456164390358575,0.362755337468188,16.706879147709998,0
29.39656382065927,90.43779332039007,none,none,2012-11-06,1.315748592881002,0.02418236624716639,7.779818911927042,0
29.311697831354948,91.74826851704277,downpour,large,2015-01-20,159.56908285776248,0.9311286754647617,34.08477929425497,1
23.858211078068415,90.32089606311514,continuous_rain,medium,2023-03-31,173.42656528494166,0.531874563572183,63.90679917065244,1
25.06078341387804,89.6929945932289,none,none,2020-07-20,12.327701583603329,0.07632941059500552,24.520665168873535,0
24.775742226163,89.50308318202346,none,none,2019-04-10,10.353649648598935,0.10367392895328394,23.106150336308843,0
22.823927510938358,89.32623118395944,downpour,very_large,2016-04-23,34.01289037398425,0.6324985784345307,47.67384890328388,1
23.822046899770996,90.72253833846038,none,none,2017-09-19,9.10076012013297,0.3724354178722146,16.43468429295514,0
29.027411456110187,89.39905615161766,downpour,small,2010-08-12,155.33267100690557,0.9519130119157808,33.073244759173676,1
28.590056400388185,91.89661715868868,downpour,medium,2019-03-07,140.55120180226874,0.9623878196572406,34.19791114212771,1
23.186815603068414,97.56370598933827,downpour,medium,2011-10-23,25.647444076538946,0.9586716684072338,44.024347296224754,1
22.226505453125075,93.60201236826819,continuous_rain,medium,2016-01-28,70.31850901722623,0.7445766802162821,57.95100204928284,1
25.112277394520696,91.48287549042419,monsoon,small,2016-01-30,56.48998303819021,0.8837615806277912,36.5411057320197,1
26.318917065220973,92.94294239222666,continuous_rain,medium,2022-10-30,50.50386719481537,0.7379274506271327,31.452874048986452,1
29.34611663929777,96.30754872747916,none,none,2011-10-03,13.980232523134628,0.3894979466400915,18.507071255711846,0
28.967409958119198,95.29035619733955,continuous_rain,small,2013-10-29,178.27949905340336,0.914046362383599,58.646200137115585,1
25.748420796851573,95.47228540466014,continuous_rain,small,2014-07-19,163.6036273207637,0.8531379832180466,62.446662810599065,1
24.12040090483357,94.41672789527271,continuous_rain,small,2016-10-05,193.4141342038547,0.9421111360221398,56.25588189303225,1
28.59537455441197,93.09625458211107,monsoon,small,2014-11-02,33.7326342587671,0.5004090694033937,32.44137674882481,1
24.759822912152966,95.67381869571047,none,none,2019-02-17,11.729829603866046,0.31812053800952556,12.597344170349322,0
22.970867470554445,90.01856335516638,none,none,2015-01-12,2.768171483824873,0.2754019509333848,12.12418496156306,0
26.459565932876345,90.21087659025075,monsoon,small,2019-03-11,63.46578967964557,0.5011795109360517,32.12320427021205,1
22.964498269606068,97.74319165105366,downpour,small,2017-07-23,45.25301444866843,0.5849014151707923,57.9257459318071,1
28.13161333579472,89.69003452696099,none,none,2023-01-03,6.127769010844139,0.2327539402132072,0.6258254144375641,0
21.84784937455172,91.33255325906684,downpour,medium,2020-11-17,97.87662900668468,0.8169896679817346,54.70136761397488,1
25.822038946157427,91.96159155211784,none,none,2018-05-22,6.253227531185345,0.3982361910589126,3.0593608946691586,0
22.36994358008254,96.1668843134961,none,none,2022-08-02,2.4362907480337737,0.20809706858432042,17.703098956887764,0
29.844635647544315,89.21494448640428,none,none,2015-01-13,6.819537253227411,0.021716283231709134,16.48682732858645,0
29.767511572207795,96.47693659993878,continuous_rain,small,2021-11-24,143.8005165126182,0.5898387896713606,44.72573088641407,1
28.855139892016155,95.06173664446032,downpour,medium,2018-08-10,106.51459285284248,0.8425829199463308,65.70194020339093,1
21.083902374278576,93.49815425122077,downpour,large,2018-08-28,166.86925697815116,0.7978862107896016,64.38606042826271,1
29.792622631736307,94.50588882707018,none,none,2013-02-01,7.612470456177031,0.1411891023681293,6.276573445481155,0
23.117027504280337,96.46789052176308,none,none,2015-10-19,9.808970515499045,0.24679227811889048,9.482374243895508,0
29.552081680260425,97.14231590540125,none,none,2022-08-01,10.071726139609337,0.06338799876662389,7.885988975811152,0
29.192175110233933,90.47540945119934,continuous_rain,medium,2023-01-08,39.5675036672157,0.6275132038631034,39.55695644069885,1
23.524420075061748,95.9936480580618,none,none,2023-04-09,4.417843070830844,0.0335910397053115,6.016511641913387,0
24.9680737003794,89.63357845287567,none,none,2016-12-30,8.050048317049939,0.1629109367014197,28.147352668567862,0
24.307321508208243,89.83708145698492,continuous_rain,medium,2021-02-10,113.24220949155901,0.8499620017240037,66.2526730710348,1
21.806968946296028,94.94734735323244,downpour,large,2015-04-05,160.29140914621095,0.9863002972347549,69.01505413288933,1
21.602589613605975,92.7545748542209,unknown,small,2011-09-22,17.36977592911735,0.4124962160531954,67.39991075266613,1
25.086824725496527,97.24031038468749,monsoon,medium,2019-11-26,46.97770754423362,0.8503853610309623,29.79003145848235,1
27.097397617503802,95.4641533784578,downpour,medium,2011-04-06,147.57628367616144,0.6274977645526533,33.53806967185902,1
21.93885533741523,90.4566703557273,unknown,small,2022-08-26,26.151205011357472,0.5932843701299141,54.20733940410656,1
29.726251751093965,95.97611974175138,none,none,2018-07-28,6.165705852893252,0.3846877385760015,20.910138932986737,0
24.45732527376888,90.89437816221668,downpour,small,2022-11-08,194.7073996034524,0.6457485242854573,25.075651065244074,1
21.750314339429117,94.69707486206732,none,none,2017-03-02,2.0749366582134887,0.20899047654141745,9.546746416288212,0
24.367557590710422,97.68348401888706,downpour,medium,2020-06-03,21.38001417067994,0.7832625119197857,64.26611949877523,1
24.499016698998336,94.38170731724563,continuous_rain,small,2016-09-13,162.29686259664234,0.6516711032587428,41.24602119661493,1
21.227274281607407,94.97793374228885,monsoon,medium,2020-05-02,59.355270943025786,0.5598222379690432,47.31920714656084,1
27.541181323677982,95.22637108819343,downpour,medium,2020-02-02,102.07855174301669,0.6421891996591471,68.71298377795145,1
28.720894597095366,91.05756222900132,monsoon,small,2016-05-21,146.678906386681,0.91502505212877,28.952372858777608,1
28.63271521831889,90.16435243850079,downpour,medium,2019-06-22,178.75006868911558,0.8265279024311628,66.33541864465415,1
24.160375724027958,96.29502926283371,none,none,2018-09-02,11.869083843361613,0.13378967616886978,17.010132170789568,0
28.39038588959095,97.05839579955511,continuous_rain,medium,2011-04-07,171.91080736602396,0.9296350710656878,46.48814055192784,1
26.52108647073418,93.64644520904093,none,none,2022-01-30,2.0564702134127364,0.19032359655326384,5.179323553248699,0
22.66815206420291,95.80545543587048,none,none,2021-08-20,2.1154733367099294,0.39302907860927494,29.379385634201395,0
24.208942915003963,93.11886578832674,continuous_rain,medium,2016-11-12,105.09773841388649,0.5195569469051357,66.34429277152569,1
29.74459484186019,94.2964457785436,none,none,2015-07-02,13.851239068860838,0.16791419459878598,9.799969143314803,0
22.020542906451865,93.69285169395452,downpour,small,2017-11-30,96.07447940939122,0.6247245152181098,35.893674186293744,1
24.089832544971078,91.20419698738165,downpour,small,2013-02-21,97.25427331791155,0.8046164616725815,42.099147505761024,1
28.610863346001352,96.78663129440295,none,none,2019-09-09,3.929513955203458,0.0783748877217032,4.737887596976739,0
28.586122271148465,89.62244688378247,downpour,large,2022-11-12,52.4872077034751,0.871645334112076,60.74029269978193,1
26.413489640241057,89.25404831498007,none,none,2022-04-16,1.1781738576747036,0.2507877667556257,25.920567433173566,0
29.777245836708794,91.6729705909233,none,none,2011-04-15,13.115544858760725,0.32984167071200393,29.466320166217415,0
21.744838672757123,93.25327022644069,construction,small,2022-08-16,2.4100727924533527,0.4961609926639568,58.98429234822807,1
27.10909416718668,94.0526516709384,monsoon,small,2013-12-17,20.066612577613068,0.8250604129941839,35.68145103746421,1
28.297536780701883,94.31668244422272,none,none,2010-12-13,3.149668100147223,0.2457576995780266,22.85075035987024,0
21.456688859029068,95.4588547893429,downpour,small,2018-06-28,119.44775895402388,0.5236337616804578,68.50996817099883,1
25.089658611911226,89.35047594103091,downpour,large,2020-04-25,166.99026844268127,0.6357155598247084,40.08179066369582,1
24.752931451768614,95.29047695919209,monsoon,medium,2012-10-14,171.17637794744874,0.8557071500728217,67.92681132575655,1
23.881491481758207,91.57403522645153,monsoon,small,2021-04-04,67.06120987422503,0.5081689372369105,57.89905202766269,1
28.951549981380865,93.07503720012336,downpour,medium,2014-07-24,168.4781810294686,0.6227566006000032,42.42036456712945,1
27.174103205331996,92.99334921287749,continuous_rain,medium,2020-11-03,60.92122428990784,0.8314677403397992,59.37064587281695,1
29.3015109882502,92.76056547195695,none,none,2020-07-31,2.3020275572422575,0.12440395319607439,18.359899718675976,0
21.332895717773695,97.69908116547165,none,none,2022-10-28,11.552105157169105,0.07029101401765905,26.003268718947428,0
26.413998500388246,96.54962742627986,none,none,2013-02-09,10.594640703089372,0.16252640524128054,10.25511265695143,0
23.96275743889902,90.5372664369891,none,none,2016-03-05,14.874186956963928,0.2451764598484779,11.08932167985674,0
21.848312652286353,90.36233394508172,none,none,2013-02-13,6.2881520233296655,0.33528648725607496,17.88114048323287,0
21.725709030705243,94.06232669426208,monsoon,medium,2011-07-19,90.9012952917678,0.5025634687290015,57.52640321101651,1
26.728413867649078,96.40222703995272,downpour,medium,2017-02-08,98.99256955415508,0.9178830602557586,53.48097664989534,1
25.846594551610693,94.57908230374,monsoon,large,2010-05-01,134.87757327383355,0.7914343800063954,67.27505553735924,1
29.17879722583504,95.36205511810039,none,none,2017-12-29,2.7949182922662064,0.0835736135985664,26.824578348535148,0
26.357457714708126,90.82721190555772,none,none,2015-04-18,6.300290555302497,0.17624516608099433,28.368358197080664,0
24.9960217676152,97.13648906416546,none,none,2017-12-06,1.225387973970034,0.21332953228785922,13.94788412988126,0
22.940371726905166,93.16270999269771,none,none,2020-12-31,5.4853051811307,0.04252691255266914,14.878683678544377,0
21.444810930449123,96.46522835142781,none,none,2022-03-14,1.55021482892931,0.27930481491776715,3.31139627313172,0
23.224027171927464,95.53922234977468,none,none,2010-06-07,7.088917176185873,0.16897363067303062,26.46438292342883,0
23.640731374338348,93.04996738204974,monsoon,medium,2011-08-13,188.68135440010832,0.566411529764275,45.62243121216527,1
26.49618731203534,95.69117835690268,none,none,2014-08-08,5.97665577940894,0.306754959108752,29.45709809241068,0
28.522198205489314,90.16065511124334,none,none,2015-09-06,8.254236777814313,0.22246600329509067,19.563292040483415,0
24.671115652805213,96.4441697286632,none,none,2018-05-06,14.869214918144245,0.13810808508239267,24.32512814442885,0
22.973399029486306,90.30107818339215,none,none,2020-07-11,6.802085635343486,0.08707194827390596,18.733634971773263,0
25.966089911741182,93.25487524003404,downpour,medium,2022-02-07,97.06690256824278,0.6995380997964384,50.20237698396991,1
25.591138068450412,92.97836069313783,none,none,2015-09-30,6.954310080564129,0.29595109976198714,14.94616107924718,0
21.6188129052159,95.29008410729926,none,none,2015-11-29,9.235336476656279,0.34058858540689974,9.047952993526183,0
23.344433988282535,91.44151139372782,monsoon,small,2022-03-16,183.2826877144468,0.5261222278736182,56.00955737062215,1
25.558567128425928,91.35608475095147,downpour,very_large,2012-07-20,88.50168527212548,0.7655846092602148,45.06050883768815,1
23.585677999820756,93.2868452600692,none,none,2022-05-12,12.03765040296101,0.24127888360304386,15.39590527418612,0
25.628110824091447,94.43846609319428,continuous_rain,small,2018-03-08,107.4193902861432,0.6487010402186142,59.85784220472378,1
29.164968435105333,97.90661289582378,continuous_rain,medium,2019-03-28,178.446623118106,0.7749230954164288,52.456252925475965,1
22.422182198612855,94.49699213288824,none,none,2017-12-30,3.504909591514126,0.3376331761001385,11.649540237286848,0
25.65247508770703,93.12097193400997,continuous_rain,very_large,2017-01-31,117.56517343385715,0.5391767139217378,48.41675780293262,1
28.792593546531066,96.38367199965879,none,none,2021-12-09,4.61438517224571,0.1566300870023504,1.151537297587738,0
26.46179978972463,93.96749617578125,none,none,2010-06-26,10.197449943309081,0.06102677572123177,0.12298384446008725,0
25.826750984482217,94.69735569684093,none,none,2018-12-29,0.3561484485093025,0.03033985091713718,13.94304223617577,0
22.006278842641404,92.10457210898369,monsoon,small,2021-01-26,82.91056812890359,0.8216565987874882,48.141382137189474,1
21.99323155543679,97.3961314005012,none,none,2018-01-17,14.470224315562458,0.1177308771353805,9.579762100532331,0
27.534280744655526,95.32525865959428,monsoon,small,2014-01-31,129.81567386826515,0.8826903289974992,69.90584678694017,1
29.257591782205495,90.53132166204573,monsoon,small,2012-12-11,37.533672347120394,0.6137895324414153,66.52711110879048,1
24.838828045705355,94.81297306974479,monsoon,small,2020-06-29,136.45978354309145,0.5751958812888787,46.19056115783975,1
22.57634358804674,94.16208305371724,downpour,small,2019-03-08,59.1642842251671,0.889011465550472,38.23952561711665,1
29.847692423021307,94.38217017996496,none,none,2020-06-11,10.881296347253318,0.08709523714228228,16.498145827844922,0
29.079043197052673,92.74266021862941,none,none,2021-12-10,9.873392072393848,0.37446283141268777,16.445792184005658,0
29.41458267765028,93.21199154979705,none,none,2016-08-04,4.069621094607655,0.040719749930897824,5.757756219693521,0
21.67728491079309,89.16544686669296,none,none,2022-11-01,6.683902080308946,0.35942993855532207,26.640380518308763,0
27.788179789800573,97.28437555926547,continuous_rain,small,2022-11-23,171.49313452733506,0.7827736726622365,36.11102513683531,1
27.36388944835337,89.34604851254892,downpour,medium,2023-08-11,95.88503977224579,0.7004809205451694,44.133234451045965,1
21.003983131714502,94.17258909645582,none,none,2016-08-16,3.358728684191485,0.08362912885513159,13.781305750684938,0
26.07375097414905,93.65416941642918,downpour,small,2022-11-09,118.46901521799633,0.7528537169941583,55.36832485868197,1
23.81457397013033,92.67193814795012,none,none,2011-10-25,4.209012112524035,0.31413098856910837,14.012870866507043,0
29.289276933862688,94.26871107238154,none,none,2016-01-24,0.025039817574509793,0.16529556095270104,7.4953004296188634,0
26.056479291569797,92.47192037011104,none,none,2011-07-21,9.5951634803596,0.34597818358804816,25.06212158366671,0
25.818660970997342,89.62759106901773,none,none,2013-05-14,0.498290615504125,0.20526688130254755,4.118518036380219,0
24.718476322844833,95.58797245733777,unknown,medium,2014-04-06,7.733483810014575,0.4875219755469546,51.866991434722465,1
28.187486080487897,92.08709647366064,downpour,small,2011-06-23,183.4795620991334,0.5214674122480805,29.872415439489842,1
28.297531848200542,94.58921368728859,monsoon,medium,2011-06-29,183.41419405174702,0.8681240998409743,60.084068449668706,1
27.930240793208633,92.85435585709199,none,none,2021-12-01,14.21821059111367,0.39528607095428525,5.839612855212418,0
24.76487519811078,95.65882239736277,none,none,2021-07-07,13.9994090990273,0.24174039230639935,4.474374770445087,0
21.86910211622893,93.01957062215972,none,none,2011-10-30,6.095693709076774,0.16190608624777086,7.378911902008052,0
24.97824998382598,89.53642232359738,earthquake,small,2020-07-01,25.238351631363123,0.2713632716980535,26.332014694339534,1
27.42979342205131,97.52650937139768,downpour,large,2013-12-14,30.77101133061884,0.6064317100077967,63.3323708862007,1
25.20812568249488,97.98395888174439,none,none,2016-12-05,8.434318153160993,0.2865768418880607,0.5098931384865091,0
24.99654473541417,93.98335317417694,continuous_rain,small,2017-07-13,102.86737873245157,0.5013558318181641,55.135807951983175,1
25.823997488129034,92.66095690983974,none,none,2012-12-17,8.507911225754707,0.3654691131069694,19.808420533836966,0
29.082571331381033,96.9543296751254,downpour,large,2021-02-28,91.64559383114391,0.8832744377683257,63.31340406463521,1
26.715735041344704,96.09073034539384,none,none,2013-01-09,4.961204783693954,0.2996293819684958,22.860152728962223,0
22.543970097038017,89.81720922647807,earthquake,large,2021-10-10,16.64609797227257,0.36741056990694776,60.346532466272286,1
22.934226896893293,93.4692943294147,continuous_rain,medium,2012-06-24,153.6021702323747,0.8847363415842956,37.25785993237711,1
21.376134322909103,97.04778819877987,none,none,2010-03-10,9.931501169216908,0.37981829402675027,8.475297199680695,0
21.311048456372678,92.31998287865109,none,none,2020-01-26,10.9784594624363,0.3004566197724307,18.141569227419296,0
26.560230637130537,89.7780136044596,downpour,medium,2014-07-13,148.41980032900835,0.6864187892888806,67.04638846128815,1
27.3224190746687,95.12301308406501,downpour,small,2012-12-10,57.06749792515428,0.7508810900429471,64.81026816212653,1
24.137567594755073,90.32176254486487,none,none,2011-03-21,2.5540437263344566,0.1621771044042476,2.8840570187955574,0
27.055332912589737,92.79263867722516,none,none,2015-08-06,11.353643143388627,0.07056014052726978,5.515650831606241,0
29.709770126247356,91.29382937530607,monsoon,medium,2019-12-02,67.40839470242938,0.6165838720113336,67.89674891881548,1
23.073018441318293,92.85985345037514,downpour,small,2018-04-10,34.727202217356194,0.9674472553272317,59.63962259087373,1
28.842265674603826,90.98158098710007,continuous_rain,small,2015-01-16,76.59976963210974,0.8174671400013496,46.48168952682519,1
23.55327443408416,90.18602530722006,none,none,2016-07-13,2.9374829784184984,0.3649999520889551,2.255990900681706,0
23.206659035916164,91.07266932319826,downpour,small,2016-09-10,73.59052909940198,0.89721358708513,51.750252894917786,1
26.17114486232499,92.20332069912634,monsoon,large,2015-06-21,85.0401848012609,0.8001082018586203,36.84046596409462,1
21.577955333520205,89.64849440166992,none,none,2012-09-20,5.098234196103643,0.38687812039462166,7.482444319080494,0
23.848555269138146,95.27422964544203,downpour,large,2014-10-18,84.27375058863129,0.8262664828317932,68.72893633506561,1
23.753573428809638,97.72460815519656,none,none,2016-08-07,10.669265670119788,0.3650835473440466,13.03038638314447,0
28.59553685175329,94.04463969435695,continuous_rain,very_large,2016-05-06,174.81914550174298,0.7471766915859912,51.033774469566495,1
24.04459548758808,97.63762478564891,unknown,small,2020-02-28,9.530645437219224,0.3156478152275206,49.36859814380368,1
22.11603689264214,89.85098223422716,none,none,2021-06-14,11.335216334529138,0.3007578222034295,2.7996981321034617,0
29.516490047005835,90.39675004291549,none,none,2015-01-28,1.684887865289146,0.3745795111077357,21.74473958745277,0
21.226240212792266,90.94211781403754,continuous_rain,small,2021-08-25,171.64374559755586,0.6093859897951674,26.81273763237291,1
28.267518605869967,93.94781658909878,none,none,2017-03-31,9.578548189819227,0.14926777911276531,1.6820364562569246,0
21.28607351900943,90.99101534230856,downpour,small,2012-03-26,148.0941506823944,0.686150698296077,41.293678097474924,1
28.023439966131242,92.3411843539413,none,none,2017-12-08,12.623264458541447,0.015985200920902855,12.717063998904557,0
25.313283891707044,91.78442537078499,none,none,2016-02-05,8.579258261706661,0.11610681205207213,12.7807368249827,0
21.772054708165822,93.32074677109864,none,none,2014-02-12,12.682734771584874,0.16584552085076365,3.083351714274528,0
28.632558994829967,91.45463832633314,none,none,2019-02-28,8.641693998527519,0.12802680430610353,29.094766783426877,0
28.921810697124887,92.10174506172001,none,none,2010-04-01,1.1203741983416526,0.25452160659719286,8.831852748913583,0
22.256531116228835,97.12143859844963,earthquake,large,2010-11-22,0.6835307550805902,0.5915972489331138,60.19916814689284,1
26.019195513099437,96.18787036245668,none,none,2020-08-18,11.702411377203513,0.14088377207476258,26.418322182753904,0
25.59242284829974,95.81119435384174,none,none,2018-02-22,7.891056139910423,0.061693271906098926,19.875443789005057,0
22.28854405786847,92.55780810592236,downpour,small,2015-02-22,157.55919740825854,0.9887347243701166,66.65982898019091,1
28.175845083550662,93.90604758338628,downpour,small,2016-05-05,116.66654884244727,0.728805839593903,54.26499045756501,1
28.86591533155649,93.44943075714953,none,none,2010-09-12,9.235323606660033,0.2676138925495885,17.67985515206496,0
26.11897663041774,89.50670825348995,continuous_rain,medium,2010-10-29,59.82393312594101,0.9840171205429458,36.461635911909596,1
23.061674398592334,97.04073564534653,continuous_rain,small,2014-05-18,184.63139701414937,0.9286072876242485,50.103002227998374,1
25.095921146610216,97.39903884974808,downpour,small,2017-02-16,35.87198047049341,0.5927561376219574,52.765074671548525,1
25.387266898977366,94.15436545746127,downpour,small,2015-02-02,105.25016529796451,0.8618496523641354,58.236477798661106,1
28.390660762119477,94.79665866451678,continuous_rain,very_large,2015-04-09,82.29121054808012,0.9506046544063471,51.97089393620603,1
25.058375083215573,92.97797580132901,downpour,small,2019-04-29,110.75963983373485,0.5484975676116077,42.425011874743305,1
24.703689359923082,91.72936697560023,downpour,medium,2023-07-09,124.5679945664588,0.7675896517518617,53.38823575125451,1
26.846649951048143,94.64043185849434,continuous_rain,medium,2022-07-09,128.93330927942324,0.7723124789257614,58.945005017069136,1
24.735098122128747,89.27393357985743,continuous_rain,small,2017-07-31,177.49598474437573,0.9866415469666985,53.97562133791461,1
25.478656078412158,94.8759044159587,monsoon,small,2014-06-01,87.91449092482297,0.8643456545513786,30.4679800830556,1
22.059417813136047,97.8331665339699,none,none,2011-12-08,11.946145828041427,0.2662937149124784,28.637414670577904,0
25.742772814333698,94.73802404916893,downpour,small,2021-12-06,126.92212201259865,0.6610480738494195,48.041820905595245,1
24.554425080897357,91.22121383572625,continuous_rain,small,2012-08-17,108.86785812775763,0.9681252861373133,59.55536766537594,1
21.81448740806016,91.45533081692278,downpour,small,2011-05-21,119.08332673291098,0.6397442732833862,53.16855820850812,1
22.026748818857467,93.39359805946941,continuous_rain,large,2023-02-18,92.8818711147143,0.9189177710483741,63.921831976117915,1
22.47282107419003,96.35532401077649,none,none,2021-04-03,10.761292790126701,0.08797069285237291,23.81630545381369,0
28.51099976213432,92.60235623206984,none,none,2016-08-27,12.353648111970832,0.07728623069646293,12.440730659904093,0
26.818945661612403,90.4616402729618,downpour,medium,2023-02-18,93.4136825204637,0.7961547780545037,30.749937999831786,1
27.599359096919184,89.95842053405366,none,none,2017-06-06,7.02096442507983,0.13982720612383717,3.707238940928078,0
25.911587105528113,90.28771590416873,downpour,small,2013-02-08,181.48491440060536,0.6495626206568417,33.11949431870646,1
29.044736650896702,92.67483783583357,none,none,2022-12-27,13.753079687475834,0.1867538189145453,26.1785548342801,0
21.091426146595108,92.91322128055896,monsoon,medium,2019-09-16,121.54168769011834,0.6248654264984868,64.92804344570673,1
22.530810241890123,96.27446770676968,none,none,2023-02-11,1.520089872653993,0.16395063563750045,15.689870918332838,0
28.965990826765555,93.54251992584027,downpour,very_large,2010-05-26,120.07688179837149,0.8974795823611155,67.28318724042322,1
26.315908947684104,89.19954965409379,downpour,large,2017-06-14,98.79648371754521,0.6312871203426744,37.050400182544905,1
26.542899091803704,91.98785141459518,monsoon,medium,2013-07-03,162.3233274022838,0.5740607262778222,27.262894432160753,1
28.413312524193977,89.01984554517625,monsoon,large,2022-07-26,68.50233174604388,0.6483379354552354,56.90761909735418,1
29.46231781981397,97.24789864887293,continuous_rain,large,2013-01-09,169.47006032933723,0.7892626030229066,48.49726457680741,1
22.418727262411316,93.12749736853716,none,none,2021-04-29,13.582882413741912,0.2932928482641859,20.15002479929193,0
24.449081858478934,96.37746997702057,none,none,2019-03-27,1.7046942785966024,0.3516291182300767,14.425716081232247,0
21.44440813031756,89.51086048970005,continuous_rain,large,2020-11-22,29.512091398697176,0.9377298733901693,63.54151267211809,1
23.2526121204107,90.06545882971943,none,none,2018-04-26,12.686472603825472,0.13912215508816672,0.8586475733114229,0
22.30225635496891,93.55126025219505,none,none,2017-06-04,6.088643759130888,0.13836318828992403,19.48589264288758,0
27.25456577077904,93.16828326736642,unknown,small,2017-09-12,16.771406653033527,0.23882090826874364,53.63657353908007,1
21.995008927117716,93.0574570434145,none,none,2023-07-04,7.993297519297894,0.00965458165117199,27.318119652413845,0
29.20467346138431,89.83005570526403,none,none,2019-09-03,14.767857810291392,0.3631963102039947,5.826900310272385,0
29.93379658123103,93.69868272185792,none,none,2014-08-16,2.2234865154872283,0.023806745849560374,14.348384333203745,0
27.278894480816177,90.44985747805949,none,none,2023-02-15,4.450327286519434,0.1045391470708562,7.659280365812022,0
28.429795520442255,94.01368970972771,none,none,2015-04-18,10.827554635931227,0.013635076208542873,3.8065836031242375,0
27.912353257622073,89.56506770881583,downpour,small,2022-03-16,160.3224990281466,0.9402962976870657,26.799536383306446,1
25.255617907370166,95.42369070510397,downpour,small,2014-12-31,58.52590615793909,0.8055149052167965,58.012935560209364,1
28.9594098534067,93.9645497554301,none,none,2018-04-22,4.899752124244015,0.3357183451340085,6.350200221711524,0
26.68463137468188,94.02880030420451,none,none,2019-03-22,3.211586196412947,0.051124721426782704,14.410239581715738,0
25.265011877403623,91.47749641237903,downpour,medium,2017-01-15,124.29710335613562,0.6362164876560783,43.86782154602227,1
27.789772650718604,96.99076010281212,none,none,2016-01-09,8.96077618972343,0.13311525839146765,22.376363451043886,0
27.647372527094376,96.0060840390243,none,none,2019-12-28,11.578777948047513,0.3779574298614732,5.821948966181737,0
25.518160345398076,94.66499017694338,downpour,medium,2013-05-05,194.75181689426572,0.8783226943917917,65.40823713232504,1
28.85776204926737,93.83060139345893,continuous_rain,small,2017-11-06,131.66424050556216,0.8135718160460309,58.62331240248758,1
28.985343136570783,95.34842854523647,downpour,small,2012-04-16,36.82138645867395,0.5101737703864921,64.19322093594612,1
24.944383165335534,92.41717330058823,downpour,large,2013-06-01,95.5359515347285,0.7747927971958743,65.25761330501062,1
22.96747855463012,90.82712488739935,none,none,2011-02-20,14.595030260111484,0.32457482227708057,8.364618433968337,0
25.61485821812081,95.49800467006483,none,none,2015-08-06,14.580858573775739,0.3170211703996367,23.978620849725086,0
27.16619870470616,97.1978179632973,none,none,2016-07-21,12.444373001484122,0.3420806451952104,21.172968618566646,0
27.75642839958651,91.70756451139289,none,none,2015-04-05,3.2448651575396363,0.13905822638527063,2.3408037123957914,0
24.16917556027979,94.05205689410762,none,none,2013-10-02,5.526452222128189,0.09694579766775609,8.211622270760145,0
25.575981199538393,91.33505363784197,none,none,2012-06-27,1.5511092824477153,0.014100910095475783,15.413482408531399,0
28.894319281320907,91.22998170729717,none,none,2022-05-07,7.589059747361217,0.3186173098549612,0.24295961295341284,0
28.272791632577118,90.3521061598996,continuous_rain,small,2021-11-17,185.72667831439688,0.5315918912038511,41.38620415009483,1
22.75829300287151,89.96760520772955,none,none,2017-11-05,9.620512221383477,0.30784180125629207,25.490766246269104,0
22.508675038290562,89.7147989783702,continuous_rain,medium,2010-05-06,129.96197652208576,0.8265668771379092,25.34897665359804,1
22.572380193652975,92.19368268492012,continuous_rain,very_large,2020-07-28,50.69529090057506,0.5845126260982445,25.892035093147495,1
27.806818456490472,91.92225527856498,downpour,small,2015-05-14,24.84742811543562,0.952520058775085,52.649136731521835,1
22.311724785135162,89.13403159948298,none,none,2016-04-23,4.9927373927509215,0.06561016046735846,27.734432036721813,0
22.365070898592773,97.9863804702268,none,none,2022-09-22,9.490641530656996,0.2756362571501289,27.317519319036396,0
26.124785874669385,89.95714077338506,monsoon,small,2019-04-08,53.98847718412222,0.5823247055381271,59.56407144172131,1
21.69058026912638,93.03829765467454,none,none,2015-02-27,8.376223940539003,0.11781174565446793,28.265692534544197,0
27.525234463312664,96.23709335522186,continuous_rain,large,2020-10-15,71.47232976474227,0.724039924801131,29.22767387758867,1
25.833024633499072,97.22718327527608,downpour,medium,2020-12-27,108.06328434305603,0.5579930893760701,60.702090457418436,1
28.32546606728944,89.92763319348491,none,none,2021-09-18,7.37532831856546,0.1336536495147901,4.766599584678628,0
21.968215344440917,91.07386974464296,downpour,large,2018-06-02,55.77385830302174,0.964108992992175,56.08624854275323,1
,89.15362387770122,monsoon,small,2010-07-11,139.69094072093202,0.5809956660482571,69.07427016650406,1
28.084610152567535,95.3108395361654,continuous_rain,small,2012-04-13,93.66512877758736,0.8898004910489692,49.98692639154929,1
28.753041595327012,92.06339164287012,none,none,2010-12-06,8.41346060887655,0.24097323774726764,11.233624627213457,0
25.28237887848698,92.7630887534305,none,none,2016-11-08,12.479468871636827,0.08474351004088501,14.009521847933339,0
24.787496615626118,89.77773303333136,none,none,2015-05-08,14.04485704889458,0.3612621014565536,20.794679991789668,0
28.53882890881385,97.95046968521547,none,none,2022-01-02,12.996857650435821,0.290001995100664,16.55457846063139,0
27.563781687197547,97.00288362209677,continuous_rain,small,2012-03-31,97.77056834836806,0.8670994044017448,47.63541765800292,1
28.100051155337418,96.97896914718443,none,none,2017-03-24,7.391126336306928,0.15763394435097774,4.7311033776837155,0
27.899809874277235,94.43410337285431,continuous_rain,small,2017-07-15,112.2598437618148,0.5694989674887372,34.5723120181692,1
26.690913803636562,97.6798671353,none,none,2022-03-31,8.621183990372005,0.16856315713765288,13.018391757104762,0
22.20744540046381,92.5679550174914,downpour,small,2011-06-29,155.5042359077153,0.8279820960022595,51.8656427222664,1
25.79393522449763,94.93416426810406,none,none,2014-02-20,12.179972562359051,0.022670533873619194,5.043632161211878,0
24.981427140890126,95.79826713805517,continuous_rain,small,2021-09-14,62.74426589066783,0.556915402342414,64.98588829609844,1
29.033344697952913,92.73743309733706,continuous_rain,small,2021-08-07,29.59991542420667,0.6958504894316664,57.11295250893314,1
23.867230248425177,93.48285706617656,none,none,2016-04-07,1.4608218523643308,0.08344901328080444,13.284605022612352,0
28.008356364727987,95.467985755595,none,none,2011-11-01,0.4209270330748366,0.2661452799077767,27.096808390352848,0
26.570210110839316,91.03774872183953,continuous_rain,small,2018-12-04,118.66828101152686,0.54206084576254,59.31535109207126,1
27.010456465413654,96.67538423473412,continuous_rain,small,2021-06-15,161.65720437218164,0.9833736418828103,54.23794074310588,1
26.946660741910055,89.31984546732876,none,none,2017-05-25,0.01648071478061175,0.23186449333342393,16.202450024945154,0
27.185756698989923,92.59984520956223,earthquake,very_large,2016-12-24,28.591254563225103,0.47455003035129606,30.425550554590686,1
29.493184745345104,97.91398243521311,none,none,2018-02-17,12.433944879686354,0.09110056052170323,25.247454360750588,0
27.62269257542004,96.4933273741537,downpour,small,2014-04-01,63.364070874731254,0.8195778864956333,58.503668093938686,1
24.701395795824954,92.29044821374517,downpour,small,2011-11-01,96.67698512575141,0.7312115729390922,65.21810522530713,1
21.874439663026347,90.66834931166123,continuous_rain,small,2019-12-23,96.7873827242814,0.6784268457626699,59.186987949468865,1
26.8061274830674,93.94466915448423,none,none,2012-01-01,9.942506989396815,0.18863446304875456,18.47266811577539,0
24.592466093203328,90.28396944502941,none,none,2013-06-20,1.209858477756491,0.04441776991565987,20.28991986710216,0
29.321189486787006,93.16243009889428,continuous_rain,small,2016-09-30,184.546802169686,0.8377773059582521,26.465230569953047,1
28.305379972415977,90.55981679140423,none,none,2020-11-21,12.97690572430672,0.08728620431816934,28.54415711970347,0
23.44554588684024,89.02068449436696,none,none,2012-06-09,10.622489522037684,0.3187061228267108,16.378395019477345,0
29.189283453653044,92.94996647201282,none,none,2015-12-04,6.859902852335343,0.38326970259634385,18.150078011686,0
21.79007967535609,90.31825241782114,downpour,medium,2010-12-23,144.1069356372094,0.6465978298964107,37.06251657289121,1
24.13291257022904,91.89125698244105,none,none,2019-03-23,4.095170568388222,0.2079226064925595,4.529966889398903,0
26.15773122506706,96.41899950133264,none,none,2019-02-05,7.667470889387498,0.26130331639643195,25.906144950457637,0
28.40746126959082,92.2507201577543,continuous_rain,small,2018-05-18,23.453446546232712,0.621245114121225,47.632093014732504,1
22.59842636916638,95.21307502637585,none,none,2016-07-25,8.592690032327306,0.24316554355613557,14.359224262465048,0
22.459371303403763,93.56033896412593,downpour,medium,2011-04-13,140.74453753543168,0.7890711889225205,53.16835147978272,1
21.426156182916326,93.63172278118338,downpour,medium,2011-07-09,131.39845166271476,0.9168556224342577,37.545654529700876,1
25.21325386606746,95.46092336236578,monsoon,small,2017-02-08,160.09912955059042,0.7152872742105745,65.62655012084966,1
22.27387206716847,89.56782106468954,none,none,2018-06-28,1.5826362555196494,0.1954634191455491,20.852401907836473,0
26.286436722347307,97.19807399552329,none,none,2012-09-07,12.033487914914867,0.28165515131818086,16.033733229504293,0
21.40479526636172,92.464274667188,continuous_rain,small,2020-10-21,40.80263993699362,0.7180162695852044,57.899597367292465,1
25.129627138406633,93.5103892885513,none,none,2015-02-08,4.282330860631415,0.3498261872366124,17.581549799521817,0
29.024159541934914,96.69417765886261,monsoon,small,2012-02-29,115.16513723210363,0.5267415981042984,66.17725976290453,1
25.53947500339958,95.25044307681003,none,none,2012-12-25,13.145441178369794,0.13963121751345306,28.97474674107755,0
29.778148720187563,91.07482881977558,continuous_rain,small,2013-07-23,168.0359345297669,0.5741586947152778,62.320868942365195,1
29.721409809774343,94.65577731643239,monsoon,large,2015-08-05,26.99847171710472,0.5094081189628236,40.349702170359414,1
21.367506376563842,90.87362585729333,downpour,medium,2012-05-06,165.1940545753722,0.7777252771557155,61.62440498989306,1
26.239019598617457,92.02682373874723,downpour,small,2013-04-29,77.07158477891326,0.8812829059068292,32.8147931297471,1
27.443878294295185,97.19993259793976,downpour,small,2011-11-06,134.51395200245088,0.6100557291229597,59.54569594905298,1
25.492941396973954,95.9147142363289,continuous_rain,small,2016-05-23,43.91036130134924,0.8255833827455727,31.21063522521396,1
25.906208553298537,97.40056781967037,none,none,2012-07-10,13.975979503042442,0.3557938667156155,10.941014592941142,0
25.023006937406624,94.98414571205372,none,none,2012-12-08,2.4597772961011035,0.3842222823196782,13.562830545545546,0
24.885926187563648,91.83493970392271,continuous_rain,small,2020-12-25,140.83619451670452,0.9381039453143896,35.58417635093453,1
27.107565275807993,94.65189132180534,none,none,2020-02-11,11.952870007419472,0.3390550571790876,23.61079966392871,0
27.323438856093297,96.64224911163818,none,none,2018-04-25,7.7225716104972575,0.13445549012042587,21.196111699531627,0
21.046699044395478,96.60711858042947,none,none,2019-12-22,6.001515375931996,0.3438124178982217,2.6775763125662113,0
23.48405310455182,90.86758740784728,none,none,2015-02-18,10.406126895202545,0.16934247889597237,29.77235380916893,0
23.175677990028877,97.40211784441532,downpour,small,2022-02-11,173.4272605729695,0.9944332082837444,29.629054453290163,1
24.247260682236245,89.64025971061646,none,none,2021-12-24,9.827613810142521,0.040507685912046835,13.011867728971366,0
29.11815507633218,96.99335232028557,none,none,2011-09-11,2.3421701896632774,0.06321611571245041,3.1244701341016548,0
26.40313956649046,95.05530618873667,continuous_rain,small,2018-07-25,166.194142077457,0.9704206664420185,32.74955331184962,1
29.373125212434502,92.12609719720749,none,none,2023-03-21,9.410803057894386,0.008806180084438476,2.9372186868995422,0
24.95589104348446,93.44051013282564,monsoon,small,2015-09-07,43.528728384374375,0.7749403981408125,50.002426185207604,1
28.25620244978948,89.48403381515975,none,none,2020-05-05,11.99610781790846,0.1730977005720541,1.0917538479909172,0
28.49798616931669,89.43358787031353,monsoon,large,2013-08-11,102.69588267716982,0.9623817877936094,34.66098568514502,1
27.39474839518458,91.99878570424161,none,none,2019-11-16,6.2747103045886305,0.13716021820266475,15.235115455373785,0
23.17134382726407,93.5124087853475,none,none,2016-09-16,6.790993699915505,0.30981176705793456,14.122984562561738,0
23.506924191453308,90.02475685675319,continuous_rain,small,2016-03-26,136.94418024055904,0.998133845088401,33.062649827798246,1
28.589715071008307,92.78143517470454,none,none,2022-12-18,9.409457594948885,0.3413272685507299,4.9439642531510275,0
29.563171044812577,91.61301531084138,continuous_rain,small,2013-11-12,196.84696530864625,0.6638962324663622,36.060647300426055,1
23.888965506474676,90.35676056634857,none,none,2021-01-24,5.574268370194356,0.340775086397998,27.546070562950213,0
29.7132510967775,92.98393955356983,none,none,2014-01-07,12.594274085640604,0.06621032605507678,9.382121539639432,0
29.90662603563816,90.1486482141204,none,none,2013-02-28,1.2095629365292382,0.09616862373570073,22.09772680664463,0
22.136669931450175,93.7198451086325,none,none,2020-07-14,13.92692468708658,0.22065568086181997,12.861455116795666,0
22.518623056672993,91.49377232748436,none,none,2016-11-28,10.562696030582488,0.09862504989104037,10.024717613786176,0
29.89790950926035,96.80256169138151,none,none,2020-07-19,5.953184018607986,0.0863811677592532,21.41259921355247,0
26.31590035378306,94.47818752221448,continuous_rain,large,2023-03-11,167.47781073391522,0.579728292702288,60.017889227081824,1
23.042235925462045,89.2450484566655,monsoon,small,2015-10-27,54.3212180527483,0.9302106145200287,47.60003215473685,1
29.64398394447634,91.52205133620393,none,none,2014-09-21,0.31218367831372273,0.18732700730885551,24.806445936815333,0
27.249334514616812,96.62425519316837,monsoon,small,2012-03-26,149.36901618193878,0.9868428793985369,67.67672083051983,1
24.498125432008308,90.46288455144887,none,none,2017-02-17,0.8445165510120212,0.22745105603167626,28.088492575158746,0
25.345415520984773,91.75409638677179,continuous_rain,small,2020-12-29,141.64327102323637,0.6142570735379032,25.082052079059853,1
22.089073129720973,95.76878535912134,earthquake,large,2015-04-24,29.064648719863182,0.4343561205161024,68.70748430382662,1
25.579655530662592,89.8974106728293,none,none,2013-05-27,8.185383295726893,0.3003010685145212,22.388539190858967,0
26.51526388406786,90.57003468500632,monsoon,large,2018-01-12,185.12884371471546,0.5317225310691196,49.576151139553446,1
27.3971573074248,96.68856190314489,continuous_rain,medium,2016-02-14,73.62317417921028,0.6983068484272958,62.64285793440883,1
26.654423513986913,95.05122167725854,downpour,medium,2021-08-10,141.83481909899996,0.6259766070193927,66.7464138752031,1
23.92254887228275,92.50070055619886,monsoon,small,2015-08-08,26.7072807002988,0.5869477341994878,38.446496751154,1
25.019736064121872,91.63632350060784,continuous_rain,medium,2012-08-12,85.80148367341016,0.6795714902552115,27.03384705788221,1
26.493059396381323,89.50733342387446,none,none,2016-12-02,10.442677746659323,0.3716150436506502,4.924956937872404,0
23.739905001876117,93.33618931929064,none,none,2018-08-24,10.856464838063362,0.14384617115280562,4.228425995712652,0
28.926824247159065,94.90508138153469,none,none,2016-01-07,10.5089920452654,0.3488707067555723,3.528187866803385,0
22.505804317170533,95.55696368426484,monsoon,small,2017-03-09,108.06214606122619,0.7842579297381236,66.07511354791512,1
21.819561850607595,96.04636649270131,none,none,2010-01-10,14.276629204530781,0.35151314401971234,17.16326255957917,0
23.826917110761638,91.96016396384437,none,none,2022-07-24,0.8112090640159098,0.08982516710339078,11.127873234168142,0
24.43105771414955,92.2681879712952,none,none,2020-08-11,12.240867205744284,0.32924936486722306,21.264942311957874,0
28.075480337730728,90.4202719439671,continuous_rain,small,2016-11-10,156.67094324366195,0.8006717167239019,30.96335980122478,1
29.909154878487914,92.90582746710155,none,none,2021-08-15,6.919415527848552,0.16782460257738588,24.167453605907422,0
24.353264438421757,89.79792590296046,continuous_rain,medium,2020-06-08,49.06052675785514,0.7264139702353903,59.17596956430918,1
27.48625890444337,94.1035072569379,downpour,small,2016-12-28,135.1098818335219,0.5294729425120788,53.08131596639866,1
23.20152449688733,96.15373279017547,downpour,large,2015-06-16,49.49689706630143,0.8595997941932769,62.49343927881757,1
23.775705359326285,94.30548464912303,downpour,small,2013-04-20,23.80540805781009,0.7067893581252738,25.956247799435413,1
22.267707388166407,95.00871607993996,none,none,2017-07-20,9.777727529760307,0.2699553748796389,4.5795789300249945,0
28.489382530660833,95.71258084141455,none,none,2011-12-24,8.80163218031715,0.33626582549407835,9.83462332672336,0
29.485067515144273,93.69311916573999,none,none,2022-06-03,2.868010283836788,0.09043708285840385,4.089910865662924,0
22.24191484697128,94.60804053074678,monsoon,small,2016-07-02,62.956416933048466,0.6026657975833154,52.904046466508944,1
29.299726076502978,92.3976740677214,none,none,2015-02-16,0.46648354563771255,0.021561151794321855,10.230506319987812,0
23.305573162741048,90.49388817244014,none,none,2015-11-04,0.43509702874813816,0.3152465507514612,7.381878470515041,0
25.22564438599079,94.04265307315727,none,none,2022-01-10,12.762319791823929,0.2220109281783251,19.86771163957951,0
29.30374980456895,92.50490119781422,downpour,large,2012-11-26,42.182884992613246,0.6825832437378997,53.4284256272925,1
29.835918343212764,91.66499815912255,none,none,2018-12-19,14.758055767146834,0.26066760857295795,23.933941815488808,0
25.91149345206652,92.94812233912188,none,none,2022-12-05,5.397875025040024,0.01658776482531801,11.656450528231051,0
25.712868193360464,95.30779869857191,none,none,2014-03-20,0.8812155824667811,0.23103423604192186,19.732403731556754,0
26.835067969343935,89.25309364638464,monsoon,small,2020-05-17,198.15750143136768,0.864885126898477,57.83728493950451,1
24.136422685040934,93.91494569377694,none,none,2015-10-29,5.684140487581112,0.38742724788842287,23.144240470654356,0
28.298320303960857,94.83798978586458,downpour,medium,2020-09-25,198.8387586641638,0.7190568310598935,36.69956755554467,1
24.669730240541288,97.94926721429493,continuous_rain,small,2013-10-16,31.78686670430168,0.7554634893518444,40.38022781029294,1
21.226490868156898,93.14689026664115,none,none,2013-04-04,14.646191625978457,0.3488886739900282,11.645475198997438,0
26.686523860942746,95.74204535752214,none,none,2011-01-13,10.313202494941928,0.022236908215873943,19.744918686049523,0
27.159976686445265,97.65464696107257,none,none,2018-04-10,14.317482969429053,0.13497169562894215,21.133880941276296,0
21.281566526570323,97.3806498496781,monsoon,small,2010-10-02,49.690590250450676,0.9381981806805572,36.18368164355514,1
27.111641831229385,97.33820571846913,none,none,2014-01-22,12.267968652511719,0.07322790387174827,6.880683229698013,0
28.559765857542736,89.61119292325783,earthquake,medium,2012-03-09,16.163745696486835,0.4126694732237845,40.255590090289715,1
21.222978535979475,90.35533585229511,none,none,2014-10-21,2.0696664008414563,0.11738011222011223,3.5091444626080524,0
27.10508143970952,93.68090736795773,monsoon,medium,2017-08-08,146.79328280653834,0.663896336935807,53.641337504382435,1
25.254624886255446,95.2631317347061,none,none,2022-03-24,3.173978845488892,0.18998704973653546,5.55261469297803,0
25.382407343131856,96.45938547090867,earthquake,large,2010-01-26,19.39925805488727,0.22918849244661807,69.76812141799351,1
26.531603406778153,96.83294763231962,continuous_rain,small,2018-02-01,142.37544681593505,0.902434494089795,46.72871890802484,1
27.95342600687212,91.28950419636114,none,none,2015-02-06,8.557452335354053,0.27138873421147436,27.227536243323147,0
21.728269686953052,95.42909756084134,none,none,2021-01-09,6.386580538597902,0.12944706963135638,21.788703794620584,0
22.554697024605687,95.86187384297801,earthquake,large,2012-10-13,11.057557052359797,0.5692026881715644,29.7327533819402,1
23.145540214117833,89.32915159486251,none,none,2012-09-22,6.864197095271985,0.3771679893281597,28.265659486862578,0
25.959421032764613,90.68962223665882,none,none,2011-09-20,13.802721070153979,0.2627057095903295,4.406804267483919,0
21.75660771317617,96.84672000806908,downpour,medium,2019-06-10,96.15905393131479,0.6404325601053298,42.31809635551238,1
29.43451307952555,97.245358177389,downpour,large,2017-11-10,98.86364203434442,0.9878885158366053,32.52414212028357,1
25.944374423977123,93.27483199763483,none,none,2019-12-01,11.336153470446286,0.34590852165838715,17.88936471995624,0
28.68086087900171,96.46803077340728,none,none,2018-11-28,0.5854343314573202,0.1945555697634787,7.708840521795781,0
21.49524381660471,94.99928942062448,none,none,2012-06-27,13.251886876250783,0.11007536504912681,6.049790671534366,0
26.602199259884404,93.60111751030502,none,none,2016-01-26,10.885892975711505,0.20974362345253203,25.63184952990647,0
27.342514812157802,89.56690769700494,none,none,2020-08-10,3.081180549716198,0.1635456186496137,10.687624403097193,0
23.265099762626036,89.5863363573441,none,none,2017-03-26,1.2192999254272063,0.21933539935639287,21.758429845330706,0
27.668152685184793,95.68957248525545,none,none,2013-12-18,7.8918607854584355,0.014512996238664134,11.948935699309985,0
24.818782863995082,90.25729483454485,monsoon,small,2022-05-26,46.72135304481438,0.6131225677256645,63.05984839335872,1
22.99256456829947,92.05872752877026,monsoon,medium,2020-01-25,173.2489057909941,0.6261312786034425,26.44761106211947,1
27.86676953428043,95.65517036968362,none,none,2020-05-30,2.245888629449852,0.393746188787615,21.146511061977677,0
25.124895668498063,97.15321297441142,none,none,2022-09-07,7.237811976230039,0.3026897360040352,0.3668730073180593,0
26.597148979346315,90.14996104808489,continuous_rain,large,2019-10-27,26.44926488835835,0.755403936630426,60.53006456527185,1
28.63543993719891,90.27705523907275,continuous_rain,medium,2013-03-25,115.22823413068869,0.8395263738017178,46.09648748041829,1
21.166439242731634,96.30892336950986,downpour,large,2019-11-11,27.05681679545955,0.5994038858740782,57.53067096818233,1
24.406258537424264,90.08261958389987,none,none,2014-11-03,2.8192120587057197,0.3751711913952448,7.915474305221206,0
24.63806663137852,94.93884822103328,none,none,2022-11-12,11.611704199378984,0.2531993227280747,6.025360235463775,0
27.68309667994262,97.44037077816263,continuous_rain,medium,2023-07-05,47.926208090964074,0.5835413782175249,44.032171309622456,1
22.57472260606195,92.52173698359023,construction,small,2016-11-25,20.34850114372579,0.4738499983895925,48.39860545396126,1
27.733523774415985,94.89398953330122,none,none,2012-11-21,0.6999916698209097,0.020879972010474913,1.5309540159681623,0
26.64534256538862,90.97993194149399,downpour,small,2013-10-31,112.9287559109378,0.8996859038631665,67.4471032256314,1
27.492609006289435,91.22637140130063,downpour,medium,2016-08-06,52.586435221871014,0.6931036988705952,56.137349422407446,1
25.472416184089546,94.32436756408904,downpour,small,2022-04-19,27.03180197348408,0.6313945572176658,41.54202321309483,1
26.55718760213009,91.00295758921568,monsoon,small,2023-01-15,139.06184686000586,0.8800586675014638,58.160508306900304,1
24.914637844556527,97.14121228926292,none,none,2020-11-19,8.182113432955317,0.2697758825087321,9.272747314626386,0
27.108220556028982,89.0104855364346,none,none,2020-06-21,3.8342468596030614,0.15557798111008783,19.249254539851535,0
25.803242613739766,94.18243153614799,none,none,2020-04-12,12.382209142681653,0.2509272318455022,21.205950565158943,0
23.590817294251003,89.33487316927473,downpour,small,2010-05-07,197.9959372510727,0.8284899660423068,35.324356463308646,1
27.280212298598283,90.17009283167646,none,none,2022-05-24,2.6774738741866337,0.06492420839636939,8.083077216305641,0
27.609445582033292,95.88824163099646,continuous_rain,large,2014-06-19,73.84669389624504,0.5497923974055459,28.26463484972604,1
22.23264856110988,95.04286219470606,continuous_rain,small,2017-08-31,115.64396458054078,0.5648904753499217,40.201223130327094,1
24.377642047146168,92.74420022833249,none,none,2015-09-06,12.40260749449733,0.14775637967571278,22.769379765937856,0
25.192422115004483,93.37547089761327,none,none,2021-02-28,1.6442591794490213,0.2805689560704671,17.90410789545609,0
28.845401253659205,92.88154682643778,downpour,medium,2017-06-26,155.71954644482207,0.5656530710350387,51.59224428287273,1
25.54807896994004,90.1343555086483,continuous_rain,small,2014-03-31,159.5044155787526,0.9372008120115469,62.22106270286376,1
21.747935310400557,90.0557936787891,none,none,2021-09-11,14.458698990598796,0.22201261731255026,22.14465095192281,0
27.4099255445541,94.10745133369471,none,none,2015-09-08,6.754474346116814,0.11990576151998417,26.19220644954743,0
29.695599990690056,97.88009839960327,none,none,2020-02-06,11.536724317265623,0.13381625882817016,0.07310561266185456,0
22.50732464109793,91.07869683317902,downpour,small,2023-04-29,92.08532219337178,0.8751937299455853,59.82829668961436,1
25.784897602745033,97.45936333835617,none,none,2020-06-29,13.272873271073728,0.05358164917633315,22.00306944616827,0
29.70593581888909,97.1819505358508,monsoon,small,2018-05-02,148.0187982846295,0.5731953062258459,46.565032527646565,1
24.81483452544939,97.75351059037867,none,none,2016-02-06,5.629604112272904,0.30667306524457616,25.22782690551289,0
27.285708742411266,96.02845673774797,continuous_rain,large,2010-03-11,45.269812403010235,0.5139153216099969,66.82264009752888,1
25.93728938324999,89.90977839446984,none,none,2019-06-23,6.455640812973277,0.017542128505246925,19.70158014504807,0
25.624422328982526,96.52987800787001,none,none,2011-03-24,10.098282016037674,0.1283588859257201,22.73957269108006,0
29.03230926294235,97.52601610510119,continuous_rain,small,2021-06-26,88.82653063530395,0.9576944973463606,61.81094206559032,1
27.29508663017844,89.66271814473355,none,none,2010-05-26,5.684048203039272,0.17520676469006877,15.754162457349663,0
27.58393283672114,92.56478204467543,construction,small,2022-10-14,15.796029455086696,0.48911671148021146,30.440775484556745,1
24.800378178725683,90.73469784216054,downpour,medium,2014-10-10,69.6925354995797,0.5407034553070684,60.43822081160524,1
21.072771737697057,92.37941718656981,none,none,2022-05-27,8.649183550437948,0.19091150091373082,17.12627631396638,0
27.25668926910337,95.02671406591145,none,none,2012-05-28,9.514144399218182,0.37612284409082575,24.846662147857817,0
27.957789323833918,89.29505414484325,continuous_rain,small,2019-01-22,33.27969248759427,0.8658880262716961,67.09833101468689,1
27.28943131862979,93.78053600480717,none,none,2013-03-19,0.14579881442907783,0.3896844441040292,9.305949283882828,0
27.833073213653545,95.07204685654972,monsoon,medium,2019-03-08,142.9203918382902,0.7676045137975351,57.82189970188816,1
26.22193572356773,94.56654180032226,none,none,2022-02-08,2.367685438480197,0.3379477492354662,0.28268103967674874,0
24.58113010199119,95.66975605706385,none,none,2020-10-07,4.9296366062991295,0.3036831835675855,26.732692697836157,0
23.35528468474223,92.6960290410998,continuous_rain,medium,2011-02-03,102.16415094512159,0.8291597071818715,45.97589251146808,1
22.865491181295518,91.92837572915955,none,none,2021-11-30,10.828380845664721,0.22469996860563263,24.389983548851408,0
25.098348515477202,95.18125724809715,none,none,2016-02-24,12.822184423646835,0.34781293683729486,19.964166734759136,0
22.3288012368269,94.14814358039771,none,none,2010-07-07,3.9759343959248676,0.33494603019844194,0.6576733591442541,0
27.41217426782962,89.02391788291213,none,none,2010-11-12,1.4226059707108814,0.34903249870802605,14.011484776930011,0
21.77106385600568,93.99535304558862,none,none,2017-10-19,12.456854787157848,0.04775999561330316,15.368110633115386,0
23.164496155563057,90.26891633208868,earthquake,medium,2014-09-05,4.489405917718836,0.5970321345103584,64.34598215898859,1
25.699331395234257,93.11495105989776,downpour,medium,2019-12-16,37.68539086029712,0.8059006698683865,38.619666077891,1
22.12085831030222,93.99655752350307,none,none,2015-05-22,7.859166839317545,0.1360691922621465,16.279786979214656,0
23.786674033000924,93.64694399072923,none,none,2013-06-14,12.086250193264057,0.11720617270411654,10.169270345631444,0
22.838157751204314,95.57458489937216,downpour,small,2012-10-03,23.956777561084518,0.5509483184481493,54.078359661765916,1
25.240202375466314,94.86766092982056,unknown,large,2018-12-02,21.292100896333288,0.5000000753732454,69.4653375610653,1
26.24354299925169,92.15435109230991,none,none,2017-03-10,9.488674903256637,0.016572594148273813,15.506517029685753,0
27.902467862210592,96.65703390488528,downpour,small,2022-03-13,186.1007564305248,0.7121776120044556,60.32835053126328,1
21.399230062330812,93.56077717766057,none,none,2011-08-29,0.012986071340191363,0.17536064670730558,13.184617910421148,0
27.573272343898072,90.54104427300885,none,none,2015-01-03,9.510931810740274,0.0700612937543438,4.465407711879572,0
22.94768491402168,94.49503749718278,downpour,small,2018-05-26,162.78102052777473,0.6897574790622331,48.49195333223904,1
24.162847017033716,96.39241861165355,none,none,2019-03-22,6.898015516454704,0.0019994069661541493,27.51151200690536,0
24.168661977271583,92.90430347267316,downpour,small,2022-12-02,45.73042383797286,0.5270911775651173,48.94533734512608,1
21.904520971470735,91.74567833952315,downpour,very_large,2018-06-24,103.184681398298,0.6184379212865253,56.40590428812195,1
21.664656939366598,93.45371085411392,none,none,2016-08-22,3.013415364384339,0.10591493722100305,2.7155956921181335,0
26.809688359455386,93.17958672612954,none,none,2021-12-14,4.871218318286355,0.35058150886350614,16.579677142580604,0
28.41299993151562,94.44476075789304,downpour,small,2012-08-02,83.50771626393737,0.5746211443773541,52.23035915361746,1
22.677925050242237,90.97845896430564,none,none,2017-11-25,12.183179591520027,0.2941841219787753,26.84218938018802,0
26.6396824585076,94.94415419172906,none,none,2016-12-24,1.8762521513725998,0.2251720299595996,27.958467447037904,0
23.63503794668519,93.29697911087678,downpour,medium,2013-08-14,116.3455080955759,0.8013032764534633,31.59191766234534,1
21.13051827745688,96.96940376473006,monsoon,very_large,2014-01-23,181.6234894275265,0.6949054042695112,67.98826551871355,1
26.660488428960505,95.04573506962127,none,none,2022-09-26,10.229772850939,0.1399223200617514,4.106283680433185,0
25.473988881510575,92.38572823836833,monsoon,small,2021-01-29,174.40053530039032,0.7436115236097993,27.788237182501984,1
24.047736994567714,94.6437623878834,downpour,very_large,2010-04-29,181.87413362218498,0.8770146264908186,40.412874580492904,1
27.221027467324635,94.68786436254888,downpour,small,2017-08-26,143.4819049365894,0.7473095866537327,68.30766966789432,1
28.79768903756295,93.43585567858833,monsoon,small,2017-06-10,163.3843676985234,0.99275302589291,45.09275408118262,1
28.5981242711462,96.00962158221927,none,none,2010-02-18,12.905216312940086,0.052169296813020696,20.211909660211298,0
27.506933444109734,90.27921058277336,none,none,2017-08-17,5.333610378448109,0.2011433300252414,21.55953242128444,0
23.745113720806117,89.98867015465729,downpour,small,2022-04-23,69.8372001840577,0.591331032597954,66.59161684114996,1
29.513388232351275,90.90053827401975,continuous_rain,large,2021-01-04,47.74725014426834,0.8198912701503953,44.91334128931115,1
26.41410975872798,91.90944163513463,continuous_rain,small,2014-05-14,149.1828642500383,0.8414350109707187,60.32428855427912,1
22.424710496703593,91.89768863414197,continuous_rain,small,2015-11-14,112.60056264294887,0.9375828075742461,59.22722766377087,1
28.328310570915747,89.19905393194159,none,none,2016-05-18,9.871005574333315,0.259326321279512,26.64127660298016,0
22.693244421693873,97.04356873355928,continuous_rain,small,2019-09-30,119.90097781172902,0.7667580694107312,57.32405934629212,1
26.72558861602494,90.52383400401901,none,none,2012-05-27,0.6026138480415527,0.07692661249622255,20.59977910467271,0
28.40692000278814,90.19430819526886,downpour,small,2016-07-30,55.86761430479925,0.7335926703491952,34.673827366613324,1
22.492549073280138,95.27644737819989,none,none,2020-04-29,1.7889324643482851,0.3753569861380095,16.22539723101638,0
22.224267494207727,92.3722758057758,downpour,small,2011-01-21,80.39152861184024,0.6996068423910939,39.36071854615392,1
27.262937013788445,95.37067261495898,downpour,very_large,2013-11-18,38.597091727262814,0.6918292312872572,48.189257447591814,1
29.341389518555722,94.40590918355574,downpour,large,2017-10-27,45.433355106452254,0.6766697388458891,34.58483720418697,1
27.964005446952505,93.76983668288268,downpour,large,2012-06-18,93.20547380738032,0.7682544079905761,25.959118003718146,1
27.623425914564212,96.4889674687675,none,none,2017-04-06,14.200453558848919,0.21336234599051648,1.0315381060889406,0
22.714277096617163,90.83739500576407,none,none,2022-10-22,8.992032707628233,0.13622009212613878,1.6849459457719174,0
21.63063315626015,95.55820680180837,none,none,2023-09-07,1.0448617430062463,0.009032968997659553,12.563301780722236,0
24.207541005062446,94.29262323793284,none,none,2010-09-23,0.7893918409402012,0.3076038813248183,6.00514499713491,0
28.647483803330125,92.62807436073327,downpour,medium,2021-06-24,155.37894655484172,0.6381928024572527,43.678262010459505,1
24.22506008287492,90.46316635206077,monsoon,small,2013-10-27,111.582937103893,0.6273637406649697,32.632574653383024,1
24.225442298964506,93.92584692543612,none,none,2012-07-14,7.833080062776588,0.2675046427522213,1.1406951984689062,0
28.53312229294113,94.14976188175692,downpour,very_large,2023-02-25,176.25018003865927,0.6898506180239452,50.2605438986419,1
24.239961159549768,94.5659364482416,continuous_rain,very_large,2012-09-03,50.93748148450479,0.9478647207315891,34.7776877871098,1
24.47897967780064,97.01330856810665,none,none,2013-03-15,6.87554239087601,0.2400119258063748,21.423397995881327,0
24.051992289304366,93.80776682579709,downpour,very_large,2014-01-12,165.7224974509841,0.8774057714467476,69.92361191995008,1
22.516675722126305,91.90847288831223,none,none,2018-05-11,2.5915060519430195,0.15490788028895175,7.754629484297056,0
25.00302263500918,95.3907683879796,none,none,2016-05-20,12.356094550429102,0.10289226355835819,19.703894256007363,0
28.036939996317802,96.01674660309857,downpour,medium,2019-03-15,175.0784778196345,0.8948601613679052,57.475818596418954,1
22.289194593857303,90.1179136730853,continuous_rain,small,2020-12-24,106.17699900352234,0.7247577476511848,61.278113054098654,1
23.74681692101898,95.82736425896995,none,none,2011-02-18,5.435069181537716,0.3236602121597008,8.888023872780689,0
29.76728274595139,90.10490915596284,none,none,2015-06-20,8.701103313567232,0.09684895968057586,20.060723019978077,0
23.640694370709998,96.92601472932952,earthquake,small,2018-09-14,14.938144221377648,0.4477555916779179,56.17594539847827,1
22.51619251315636,97.6729656718414,none,none,2017-11-14,2.3785564605341376,0.3977800187797327,26.06030897810347,0
29.45115763627961,91.98824693437423,continuous_rain,small,2014-04-13,195.1290485977172,0.7838364142627321,46.146106612871016,1
23.30750168954853,89.36604202903389,downpour,small,2010-04-01,78.62602065507195,0.8010206923017593,61.75974978999337,1
21.689721049123346,93.3506196847627,none,none,2013-07-03,9.980837638497867,0.20747508689687819,4.560396860572112,0
29.95971163666247,93.07668556138593,none,none,2023-09-03,5.45003142758292,0.34186860440779987,13.582304747149777,0
21.670059755519308,96.19753988321388,none,none,2012-02-25,11.294659151107052,0.2746619138268687,10.439166319411672,0
23.374772795504096,97.56598837157165,none,none,2012-12-28,11.637917456641128,0.11323684292709513,2.6102409445645494,0
29.163773712394967,92.11673168162679,none,none,2017-12-13,10.793491060777516,0.38701220976106365,11.245415354432948,0
29.09349113468185,90.87076286051705,monsoon,medium,2015-06-19,123.86380076476735,0.7608294546517412,47.572269215410536,1
23.012050978265535,92.6787609916382,none,none,2016-05-09,7.024163885901034,0.23863032041088295,23.9875089586517,0
28.769025942651083,96.19491501250084,monsoon,very_large,2013-07-20,65.09388543329544,0.687168441247073,33.00898172911461,1
27.998582010579845,94.59520268787959,continuous_rain,medium,2019-07-26,36.57104850181623,0.6896102295276151,41.18278653601602,1
21.450910867200456,93.55038307255917,continuous_rain,small,2016-10-26,71.71778856480717,0.9327935725771573,60.88436469991937,1
22.59939573044281,90.690957856108,none,none,2019-09-11,3.6017349854884104,0.33132787900476957,0.7279424200215279,0
29.722756492558418,93.46389970993525,none,none,2013-06-27,7.8426494182872,0.35930634456669186,22.055699909193528,0
22.993812387759792,93.7064741635001,none,none,2010-03-20,5.6090637132503725,0.08687555212554288,17.052703256139424,0
27.731584034408108,96.92387830759938,none,none,2022-12-02,1.4304804404728877,0.16665441711404366,22.64406427509641,0
27.778671559829874,90.51116340417393,downpour,small,2019-07-27,102.98217289436164,0.7762256539204726,32.73222299791605,1
25.26752240340002,97.70776775681662,none,none,2016-02-25,8.873692044222,0.36207804893960566,0.6285165047879937,0
25.28434380088096,94.7054246353392,none,none,2015-01-07,9.795516462215016,0.3108933330580381,25.0315843879705,0
26.104555231252746,96.29503016430101,downpour,large,2011-08-16,104.58294653522374,0.6162962863567394,66.30665046205723,1
25.2549477749035,94.19272209667724,none,none,2012-06-22,3.790688983140802,0.06331835674124608,18.497362479427654,0
29.822061088824647,97.355520354702,none,none,2014-04-03,11.484133109275906,0.06598862200371368,25.204711177365603,0
27.469452170602136,97.64987908334183,continuous_rain,medium,2014-02-25,32.31164561937938,0.6091056267875286,47.39516399280734,1
29.182200312431643,92.5043090462182,downpour,medium,2022-02-18,186.4671915782664,0.5730103205413482,56.76094441261285,1
29.586947558128276,94.93848405036772,none,none,2010-07-22,11.96830868347363,0.25015123736725203,24.999980791213087,0
29.209597500188977,96.07946719603473,downpour,medium,2011-05-27,146.21312131038508,0.6832163707428769,61.6040503945426,1
24.537715675333594,94.51510844912697,none,none,2019-02-08,5.292015131246033,0.3974078077916855,15.654017465822555,0
29.131064452821256,96.5325289559849,continuous_rain,small,2010-11-26,72.81726647456404,0.9152331941926377,46.94955480380061,1
24.73911889572014,93.95124119030704,none,none,2014-06-18,6.6044464724889265,0.12487668301354318,18.362278813930782,0
27.048273257296795,95.59421091152193,none,none,2019-04-25,4.7673253693379785,0.005100603782098645,26.887813754072784,0
23.446302603384183,90.41320938244486,downpour,small,2018-07-09,83.76662326461357,0.602722891112361,63.67431732906883,1
26.87392186503542,95.24953674740635,continuous_rain,large,2012-02-08,158.83123664024097,0.6927898436071241,68.74359761493369,1
27.497812792891228,92.70700827386429,continuous_rain,very_large,2016-11-16,167.79664702625686,0.7185142616820512,32.89931885715823,1
24.190564042723327,93.16081206792114,none,none,2010-01-10,13.762639469470395,0.356777879940565,3.6763741272331316,0
24.852513929418574,93.3967687014794,none,none,2016-01-24,6.426193959887551,0.29226543687454604,21.297299801323096,0
23.588725519306085,95.34271459450737,none,none,2022-09-01,9.211295141102998,0.10405322851534962,13.751909309480776,0
24.97329313949454,97.12539030643715,continuous_rain,small,2012-11-23,155.53061913345874,0.6528627309692319,45.41056584170755,1
26.860752615874524,91.80905589901106,none,none,2017-01-12,14.38665659413035,0.08597581346630326,4.317233244954505,0
27.46689217914349,90.09024646803303,none,none,2020-06-03,10.5757269527373,0.34582664681590297,29.2361575646212,0
22.702099558447834,90.21591166197102,downpour,large,2022-12-30,97.56314683557413,0.6089833347389639,57.08592498714791,1
29.230037048852523,90.74761485051094,earthquake,small,2015-11-09,23.844616838015632,0.5123940234129345,50.73033045317473,1
22.759395220174863,91.64829972338593,downpour,small,2019-04-28,31.3470184599811,0.622361607848714,43.51460069832018,1
26.062037022202414,95.29726413821297,monsoon,small,2023-08-26,73.44160527625559,0.8684361003965738,60.52728388025595,1
23.014535777175887,94.62772778589336,none,none,2010-12-09,11.035169354078068,0.2348030691846201,19.246088694897768,0
28.863571750675376,97.24615371171868,none,none,2010-10-23,14.611848946885921,0.1547303789812745,2.1507820609127695,0
26.024463701935726,91.00111828186517,downpour,small,2021-02-01,100.36990656801359,0.6971075107563374,46.135545271229105,1
25.855938701883375,94.56185188874471,none,none,2023-06-26,6.397634445310571,0.02199993731097427,3.009146987846816,0
26.940366255255185,96.0213787125956,none,none,2017-11-21,12.301847069918205,0.03538699128203411,24.525320579636833,0
,95.03650376288138,downpour,large,2016-01-28,139.51923006149724,0.595049832020218,59.73727475859589,1
24.51029723320271,95.48264216816811,none,none,2012-01-06,8.720047083840742,0.17555514858560387,6.51891948221354,0
27.029624003302146,92.73475631456965,none,none,2015-12-26,8.496462150460623,0.1901408530116466,28.79092362679422,0
24.474064730364645,96.31028414060705,continuous_rain,small,2011-05-10,118.25616600931912,0.8325568800027734,58.355517471595675,1
24.79586808059766,93.05934920602573,downpour,large,2017-11-23,126.24172292742377,0.8991415917428893,54.30189449698319,1
,96.65202583405578,downpour,medium,2022-12-07,170.41349351348555,0.8850102314848267,37.0952624080153,1
24.257728679572182,94.41080180549133,downpour,small,2015-09-30,151.94248289708716,0.5129115695999824,58.91183800303729,1
28.420905903288986,92.35394155541648,none,none,2019-01-08,4.403189316902813,0.28984155566776776,4.625677700261549,0
23.135176112086043,97.07354162220012,none,none,2023-05-25,12.764031268908777,0.3114620698815335,10.166449428192713,0
27.510990174725492,92.7184187708451,none,none,2023-04-01,4.107424561652565,0.031964625039813656,26.332273007215214,0
28.802050784824807,97.20232537833174,none,none,2015-08-10,3.7665814084849996,0.3745836565992622,3.8966810727569623,0
29.504151898159897,95.41718569663465,monsoon,large,2013-03-25,85.97298049257863,0.64883735307999,43.37178330576508,1
25.664825718322778,93.70903671836226,monsoon,large,2020-05-31,86.15873211725992,0.5121854762033327,38.68140770628159,1
27.647173400822222,90.6036238263849,monsoon,large,2020-09-20,197.10749244618137,0.5588840262530559,56.218714372669616,1
23.882759872923423,89.89518022038206,none,none,2015-12-04,6.8690078760111595,0.09677543866472688,24.744101222159365,0
21.41141188314152,96.01057697325122,continuous_rain,small,2011-10-27,198.4255933038026,0.9424837585533188,66.46099584042463,1
22.883320217513194,94.3224234091627,monsoon,medium,2013-11-02,82.90838000047306,0.6826797038974457,61.74583975150643,1
25.93522841448828,93.97839820427441,downpour,medium,2015-12-29,86.90931475608305,0.7398082383242999,65.45977761079092,1
24.199463686144895,95.32357791522975,none,none,2011-08-14,4.5265864821759685,0.24118589517977576,29.095128344816743,0
22.579650545004743,95.24515807792666,none,none,2018-12-01,5.30294381342208,0.27030236298857824,5.557671285648365,0
21.18544944495376,97.55042066030919,downpour,small,2021-06-26,146.6492421520336,0.8096376423181417,69.56258707564324,1
27.07955090432396,90.3927960423186,none,none,2011-01-18,8.699667259251779,0.3077145670368049,7.350983269277782,0
27.154622893664047,94.2135470689821,none,none,2010-09-24,4.826490043802277,0.12957583514790047,12.642260061328978,0
25.01784557585269,90.12900371968425,continuous_rain,medium,2017-09-28,195.19695290396137,0.5207764969652073,42.357833737353864,1
25.455411979729444,93.2865855335273,monsoon,small,2014-01-02,106.11627184276311,0.546383051122401,68.04062095017011,1
23.00865077259964,89.10108320950627,continuous_rain,small,2014-11-19,23.191195867941587,0.5864822168804584,27.06510356217947,1
24.298291135909476,97.0392013958449,continuous_rain,medium,2018-09-03,179.032818802901,0.7633116485250249,45.54846522442382,1
22.58995431658006,90.75475315407157,none,none,2019-02-12,13.938031581831016,0.3947113091118676,4.332768474140715,0
23.734280499880004,91.88083835783823,earthquake,large,2010-05-20,15.553195933328631,0.5083677656980903,37.5366561510477,1
27.107181402783304,97.7661095274806,downpour,very_large,2023-02-23,175.5536439043274,0.8648051207267764,26.277717255199402,1
22.3305123061193,90.4282964076725,none,none,2018-03-17,9.623808766559277,0.29488664309941065,8.36299197737969,0
21.83831321315901,95.69774942119383,downpour,large,2016-09-05,119.56397001585601,0.789363548287249,58.09389878450628,1
26.01419653673559,96.74723140946901,downpour,small,2019-04-06,69.78607736558462,0.6983658486242986,69.78520664541813,1
28.80757753746478,93.93104636884979,none,none,2018-06-12,9.899653602893537,0.34955897640936123,1.1668581146410661,0
22.5905995494173,96.72240718158149,monsoon,medium,2020-03-23,189.51902164369076,0.9814367021721293,50.198399718649455,1
29.167153859273206,89.5071636451852,none,none,2012-01-03,0.6609411283824562,0.16773470122758868,18.535224243022697,0
29.462648426544874,96.09550211719181,none,none,2016-11-27,9.36294383518973,0.21803532744689905,23.141276852768232,0
25.78419374791248,94.82688326189617,none,none,2021-08-03,2.7652220221878214,0.23967900829042654,6.14120313841334,0
22.73399943582921,91.22014948946105,none,none,2020-12-04,3.0836718674237646,0.07716281660639651,22.72878460337219,0
25.854621095938317,97.15956568019892,none,none,2023-05-28,3.5415401197152496,0.23904112730702912,15.739474736112664,0
29.735558374816886,94.81937177114487,downpour,small,2020-07-24,157.9727496730967,0.659180597275827,45.30924283362127,1
,91.59952394682699,monsoon,very_large,2016-11-10,73.61176947780359,0.8482648558692123,68.16275481969924,1
24.25129871537405,90.4569753040984,monsoon,very_large,2011-03-02,139.88209000958372,0.611346050811138,56.84909777989523,1
28.36404632847809,95.7784127592051,monsoon,small,2019-06-26,122.32989563505583,0.7662197401268772,37.3462639425391,1
29.97742385729024,90.02967113102103,monsoon,large,2022-07-15,54.15927327055215,0.5193652092970118,54.72170811456658,1
21.605681086009707,92.59480896745815,none,none,2010-07-31,9.70484055082284,0.08674434312554623,13.56887796169474,0
25.474237760175086,94.23519245787409,downpour,medium,2013-10-24,87.36614156550111,0.9965592960060374,33.902979659343465,1
27.205301517648714,91.25681745369238,none,none,2010-07-28,2.421552430944694,0.1207235494561607,15.031655841020681,0
27.58015241425607,89.54390366884135,none,none,2012-07-14,5.225211444768687,0.05419726023096332,2.8950373356957226,0
24.500067931104454,94.17857803657674,none,none,2019-01-14,13.758345626705912,0.3239372449308192,21.261129720428627,0
24.585890588309926,91.3031008214119,none,none,2020-01-30,14.539650540065427,0.35825401342862856,27.07510696857129,0
24.266342737778338,92.59359986091128,none,none,2017-12-12,13.512041693477281,0.30827874506867325,0.4236820740632796,0
21.767247680450982,89.54340269635935,continuous_rain,medium,2020-06-12,198.5016133360914,0.7570563057792925,27.52436024262356,1
27.8256945461669,97.31706436265482,none,none,2020-07-03,13.094881200978607,0.014131429760872206,6.4550451657314305,0
22.115725956631277,92.99616963520178,none,none,2012-02-22,13.217325680950426,0.17488433250646587,20.86392533897142,0
22.714618406764455,92.6808297962658,none,none,2021-01-17,13.524481196391136,0.07228492106275204,11.991467082714388,0
23.25466814099708,90.16946511446662,continuous_rain,small,2021-10-29,60.008670080060526,0.7015912547269105,44.08936900481926,1
21.20779888359622,89.8559316302345,none,none,2023-08-12,9.231986539701522,0.08437985826780357,19.576397899757165,0
28.59860894779922,96.09655070860568,monsoon,small,2014-04-01,62.39559095484492,0.8135735955510799,58.87914322641052,1
21.442503145434518,92.63240557788312,none,none,2014-07-21,6.182046751154773,0.35549045434538723,2.97068035088361,0
23.626701256642733,96.01977982622707,downpour,small,2022-09-23,137.14626904004965,0.9510896372225774,58.95988640086722,1
23.55196464811457,91.77888624381258,downpour,small,2012-01-25,108.41248208776875,0.7118049817862688,45.678164900151515,1
24.335969948156794,94.01358505130722,continuous_rain,medium,2015-02-03,149.66236546839843,0.6592382347805287,58.87275370196515,1
22.651271687468096,94.4611901558779,none,none,2010-09-08,13.108862862800766,0.3525223251094258,27.262405022114873,0
26.003801397716124,90.32243770796047,none,none,2015-08-11,14.560355138147788,0.21909337153501043,27.634413997362646,0
29.844072807109413,89.2652544021573,none,none,2017-12-22,5.946009106414852,0.13741552042623498,11.323123747729735,0
28.21833035804666,89.54200341692157,downpour,medium,2023-03-14,51.67243884968189,0.7735288829705558,53.20097672863386,1
28.58453376177687,95.27956530145902,continuous_rain,small,2012-09-07,22.046973858077415,0.9333099829345858,33.59070562329221,1
21.916695801193583,95.13576479521532,continuous_rain,small,2017-10-26,195.4719979370093,0.9544185628266895,40.67015143754257,1
24.405700200620167,93.57896555226216,none,none,2019-07-29,5.87730592135754,0.3983972141098231,10.817349262968744,0
26.70888777329343,95.57450070624377,none,none,2011-08-13,13.31952921393333,0.36577272959723295,19.623826290111946,0
26.304882029552523,92.14402159737186,none,none,2015-03-31,4.324410672002891,0.13150923322114716,21.375491248837932,0
22.413650059416458,92.58949396059816,downpour,small,2017-10-10,136.37654678408495,0.9312881495764047,55.023916460295155,1
27.593426585341444,96.80041404610004,continuous_rain,small,2016-11-10,100.59128508682686,0.7869232665932006,30.38511386098301,1
26.089130998533395,91.70697460782094,downpour,large,2015-11-06,37.00300812168988,0.8411692848985795,67.54819962530308,1
28.78705477894638,89.3477231457789,none,none,2018-06-24,4.663653237111934,0.3834805872191374,18.86733486791913,0
21.22910860794461,90.72694903338508,continuous_rain,large,2018-01-08,177.18957809268477,0.6176903530172042,59.19404792052888,1
27.630466039547393,93.70103682767693,none,none,2011-10-18,12.900057633018083,0.3069271170283468,28.608518853068,0
29.83999673004213,95.61007538331478,continuous_rain,large,2010-08-25,170.54511670925652,0.589590559449317,40.660001450274194,1
24.064151069154992,90.29975487223045,continuous_rain,medium,2011-02-03,54.76538876585608,0.7806175948282614,27.33896895038036,1
29.579660132057363,94.79918555849358,none,none,2022-07-21,9.123892178789832,0.21455757596306674,0.7341661700384683,0
23.41873505017352,93.82557661481721,monsoon,medium,2015-04-23,85.13136818407227,0.702451924886377,43.00752108664396,1
24.84564754162898,97.58967050580735,continuous_rain,large,2014-05-22,41.406380923882246,0.8857255049922181,63.67181063284252,1
23.768583716447043,97.51084932725163,none,none,2011-01-21,0.6552203401521717,0.07291155321775226,22.683071967554657,0
22.80855215897831,96.12866836742988,downpour,medium,2015-05-04,37.20837178919078,0.6620172419126469,50.905189734647465,1
23.77351535042028,96.78416188645113,downpour,medium,2023-01-28,45.9167077552371,0.8129230207482405,63.194816337118674,1
26.597922775086296,91.30899019721666,none,none,2023-07-21,11.355264362962389,0.30623278390934816,25.389205120963727,0
21.338854911226626,89.69275813298847,none,none,2014-08-10,8.054997554665665,0.2779893904162409,22.41238001657729,0
29.666698479078132,89.39232931984759,none,none,2019-12-10,8.033734613098005,0.18540574637492524,16.52809291177255,0
24.97597536314679,93.44111586273578,none,none,2020-08-03,9.270775657274987,0.050701828309035114,3.889351289089149,0
25.988310666579963,93.89194296925218,continuous_rain,small,2022-06-10,163.57936585615613,0.592507123694038,55.41374881563446,1
29.19218989563126,92.98540803834095,none,none,2010-12-26,10.597649970828677,0.01239703852153129,29.23279543732385,0
29.506029591860546,94.33369602403964,downpour,medium,2017-03-17,191.38301775972607,0.7283664463371009,50.3628031501249,1
24.057861604527126,95.13624187768977,continuous_rain,small,2018-02-22,48.91711311091777,0.7720977235195583,32.51671507750508,1
21.30493906512027,95.92005843554777,continuous_rain,small,2011-02-12,76.98238527648545,0.9913994122636661,63.00083269635718,1
28.906919994740218,94.47144322568116,none,none,2010-02-26,12.227522370253137,0.2775642338265313,23.783979178048632,0
24.527626359794702,89.55172040097553,downpour,large,2021-06-16,97.8498264185876,0.9079119402876925,67.57565372191365,1
29.047590031405335,95.87486168332643,none,none,2022-04-28,9.154829402048385,0.2158789767282764,12.183298504730967,0
26.19148118963463,96.08080530372708,none,none,2018-10-12,4.161050760523108,0.088117655681204,18.789004019095337,0
29.922825338853897,96.7800239048092,continuous_rain,medium,2014-04-08,152.9567045072158,0.6481275678982148,57.02590177886527,1
29.08032204888202,96.90422580223705,downpour,large,2018-08-11,78.20730928102031,0.5144635397041468,60.746033380567255,1
28.50879196521941,91.49065895876294,none,none,2021-02-05,11.971431490140464,0.27186541483451065,1.1485099064080873,0
27.782331931537627,93.52875755848449,none,none,2014-10-21,5.424129504828693,0.23433475602565684,22.936183945802725,0
23.990321939124485,97.11818076918148,none,none,2015-06-07,11.813001712245754,0.2604215441721774,24.634625754666608,0
27.08221299237375,96.35157536432283,downpour,medium,2020-12-14,164.57237028366194,0.637268020529402,53.68142291832453,1
21.733519398276954,95.04308204467343,construction,medium,2012-04-05,13.07911358858147,0.514995278590614,35.637669441635055,1
27.417883420179596,89.59294738388068,downpour,small,2021-05-12,82.9826391932668,0.9700808245352639,29.129522377142415,1
21.39375679662149,93.20058232215182,none,none,2015-01-13,14.812710394818566,0.114157878684088,27.67340863766568,0
25.347635020949248,92.9025528933944,none,none,2010-11-24,14.210302759511038,0.23328546369356476,27.990288955314792,0
27.66323126529683,95.85869296380285,downpour,very_large,2014-02-11,148.37263795855077,0.8845746706637413,32.024141673361,1
26.869250263179257,97.4406706227426,none,none,2015-01-23,13.657019255029404,0.22690855338683238,22.967072041438694,0
21.61998081690287,89.99901386550627,monsoon,very_large,2017-12-07,109.90934255017919,0.9867109706614007,42.81292828300565,1
26.892996031346314,93.28674399080637,none,none,2014-05-17,10.503137334741211,0.35651082283411184,14.298180066812714,0
24.392546465732174,93.1964042253741,none,none,2014-04-14,2.7415460266116116,0.38353993949291953,25.149640115270017,0
25.213309254384914,96.185641809291,continuous_rain,medium,2023-03-15,92.87563963983125,0.538541878987123,50.82863723964583,1
21.145592163540165,91.01932460907516,none,none,2016-10-17,2.424934573726584,0.03587795058559764,3.1225447338472225,0
24.758607102353967,95.55032315269781,none,none,2011-08-28,12.068577338361829,0.25979949674105296,5.134927871893237,0
24.30047853540983,89.13983381816664,earthquake,medium,2018-03-27,9.13716097297846,0.43059698373412947,63.74565770223393,1
22.72859350983017,95.65003982000317,continuous_rain,small,2021-02-28,74.07177238120906,0.6385422919057135,40.677180309047024,1
28.648145225483525,92.94362293091659,none,none,2013-09-24,8.286564924944999,0.3117546390995416,4.435740470031249,0
25.09189954501042,94.10542020669635,downpour,large,2020-08-29,113.56776681207138,0.5223409278772404,54.192398130595805,1
29.52126867466849,93.69786974858924,downpour,large,2021-07-19,145.71819746239385,0.6139413479062985,28.833294990702342,1
24.511935812950142,91.00352250744265,none,none,2014-11-17,10.796596234074345,0.0626307456324668,4.735081736261248,0
22.87426584398918,92.56079930879086,none,none,2019-02-21,3.16185213793247,0.04399472429414848,29.01996342347622,0
21.865968835145992,94.8930212410523,none,none,2014-03-06,9.27697414762666,0.13619464632338008,5.961865751214984,0
27.047480706779822,95.28711269514503,none,none,2019-11-25,3.560855950549475,0.03412012796992996,26.244378099367996,0
25.00801942622483,89.9373519683764,earthquake,small,2016-08-15,5.897919583062102,0.32810056012097133,29.482675348735313,1
21.273157559919138,89.19514365631187,none,none,2021-06-27,4.079843121223149,0.07222784498264656,24.4873991720481,0
23.41642484749712,96.02703233790824,none,none,2019-08-05,3.42514052761117,0.033852422305080856,17.137045295936975,0
28.503910153613518,93.82673602836225,downpour,small,2016-12-18,50.91277315088521,0.9172476214999759,60.7664828057713,1
26.96287678031376,94.09056649662227,none,none,2017-10-30,5.42097059556182,0.36722717121014403,3.4127259284815836,0
21.845280547418607,97.87285428432412,downpour,small,2017-03-06,120.85889446538644,0.6282596839801025,29.512218583712382,1
24.09321007411337,91.61269804839448,none,none,2018-11-05,0.662696686008955,0.02557213255300215,25.007684589164935,0
27.47483091193382,97.54266012523789,downpour,small,2014-08-05,163.72505829675444,0.5826708009062264,57.16771148255436,1
27.406163185795776,96.12803590811193,none,none,2020-03-16,1.3214413816349657,0.25175729961413273,7.499188668675746,0
23.927969282607013,93.71030813993771,earthquake,small,2019-06-18,15.03543488326256,0.25939335505283984,29.556743226327722,1
25.236507461061073,94.73545378792578,continuous_rain,medium,2021-12-31,162.59805217980718,0.9579599163218642,40.436793498580485,1
22.872841615270602,97.12184105761757,continuous_rain,small,2019-05-09,164.99617751092097,0.7676601955226343,67.28010754626317,1
28.251743121207237,95.78610594193105,continuous_rain,small,2020-11-14,191.63220624856447,0.872287032364258,50.13910716926665,1
27.991288697659463,95.98576688686985,unknown,medium,2016-11-22,5.882843995268492,0.4544695348999363,59.84129823026083,1
23.629097104527744,92.9857449248344,none,none,2018-11-11,11.815268297902387,0.37882230334044653,21.50205474950194,0
23.903004622417182,95.55644755049809,monsoon,small,2019-08-10,191.92388718741606,0.918832965779602,37.985839714532496,1
27.13797264322727,89.96142669193074,downpour,medium,2015-05-11,118.98214859647322,0.5352738291280328,67.07528341670243,1
26.152055163798394,96.31424091434181,none,none,2014-04-16,12.68057126578695,0.13384285368323687,13.926549147498376,0
29.32276064541524,94.01214379405471,none,none,2017-04-29,5.577828597288371,0.22971219250201283,14.29193094966086,0
23.55530684638622,95.63345535306384,none,none,2021-01-26,1.0051627532462941,0.09003633008727673,7.135621764921073,0
24.995410599668062,90.96162277883408,downpour,medium,2018-04-03,68.25980750363527,0.7520340883531662,58.980934675997304,1
21.545948165093762,92.42729437818623,monsoon,small,2012-05-31,77.70989089488614,0.7598416934262338,62.48191940156266,1
28.070477002582265,95.90148925511609,none,none,2016-01-27,12.827943699164672,0.22053697673409914,5.887545385098064,0
25.12810344138868,96.92671384577869,none,none,2018-02-21,2.403709400246571,0.05357451119379473,6.1677472701418985,0
21.677586007692454,90.6903772828715,monsoon,medium,2015-11-02,143.78095343802207,0.5942513388649879,53.16719093162175,1
26.2189652966606,89.0011079037434,downpour,small,2015-06-27,96.60244867607503,0.8296125340430435,51.660819071675455,1
27.245301089214507,97.56982008812591,none,none,2019-09-12,5.736978213568121,0.24778629083053125,5.103435509428104,0
26.75121763169249,93.64738674946513,continuous_rain,medium,2021-07-17,76.34616794171762,0.9981507084083805,54.43117042508986,1
25.10660093805894,92.75039623675204,continuous_rain,small,2016-06-06,158.77224249844798,0.8055992564421606,46.507569165794386,1
29.589763262116925,89.25278851595293,none,none,2010-04-12,10.405151119058939,0.20846290291147188,12.486413477804998,0
28.36648001735371,92.56163821745832,monsoon,large,2010-06-23,168.5319869905193,0.6640462080543037,56.775104214217926,1
21.368433315766534,94.95296406029016,earthquake,small,2021-03-16,3.83572730726205,0.2191301359984404,36.454028938772524,1
27.95162667640175,94.25436365766456,none,none,2019-02-07,9.284009512134912,0.05648214901371467,27.644703708605096,0
22.964985381992168,89.62718781427603,none,none,2014-03-22,6.863174424933758,0.33329575793457783,3.502830944873343,0
28.63527846260774,91.3833802116522,none,none,2021-02-16,10.743420783584781,0.05145219513620032,15.30762309249704,0
21.014667244273905,90.62391544857137,none,none,2023-07-06,0.12655185638151822,0.16783850226580255,4.901667334933933,0
25.809574866142473,97.49210582420821,continuous_rain,small,2021-01-27,130.42139166094177,0.6016474789603201,26.894358258281308,1
24.308117020889608,96.7731465994308,none,none,2022-10-22,5.861369863293989,0.34216595666786276,4.751991274401649,0
29.29401984563105,91.73663166040087,none,none,2013-07-20,7.278936101410463,0.026768743104341075,29.980542192290564,0
29.64820056911033,95.01683189579697,monsoon,medium,2014-05-12,183.4253606274703,0.8999631008088522,40.711250363134866,1
22.493266350158414,89.37366346916971,none,none,2020-01-04,13.501853207792424,0.34772081888556494,16.725073524776835,0
28.59860279767233,91.9121210028478,none,none,2021-08-05,8.091988910909537,0.21416547302127859,4.864378470492663,0
26.298599582434214,92.3380967232453,none,none,2015-03-28,3.7069503014890817,0.1522030398398962,7.455190447023866,0
23.51359514993115,95.23829588523118,none,none,2020-05-18,3.2700354655847237,0.30904935018714114,24.724880545489327,0
28.81178198055674,94.70865010757296,monsoon,small,2012-01-07,163.6847293971257,0.5755041072969936,37.91152941770753,1
29.32237824767846,95.23185876350676,continuous_rain,small,2022-05-09,95.41197070831967,0.8354340850994075,69.6573478294178,1
25.89222235774383,94.38649987484412,construction,small,2015-09-23,18.641860642437457,0.24717002043046563,40.374239140193104,1
22.969334534023368,95.14513240310922,none,none,2010-02-25,7.337312416901216,0.2708941716502862,26.89655148650426,0
29.552748841267857,92.76579609867429,monsoon,medium,2022-01-14,122.49916558752257,0.9394222047051546,60.51455301986449,1
26.9422147468509,91.35347502908019,none,none,2012-10-06,7.501559671002536,0.39954321522953035,13.298102447806595,0
21.196910827380318,94.70232702791617,continuous_rain,small,2016-10-23,114.82364318900112,0.5434405410996052,39.74859714099236,1
,90.72127515076549,continuous_rain,medium,2011-11-24,184.89189000537374,0.6190092718591444,39.339966195178505,1
23.59649248435084,94.81156210403098,none,none,2021-09-17,11.9452608860672,0.36359989565437845,18.645515632841764,0
22.815776931207786,91.42373167867865,continuous_rain,small,2016-01-05,73.25226947948087,0.5586835350504373,38.328283880473506,1
29.823973823842987,96.78329104052168,none,none,2012-10-08,2.1979596215185158,0.16327460418559725,7.94446650942633,0
27.69571848007156,95.19180042001656,none,none,2015-01-23,8.551265135563005,0.3882503596142941,23.04676326751993,0
23.176013258766087,93.28995531323228,continuous_rain,medium,2018-05-19,144.7433508259174,0.8144050751447927,44.5966470547427,1
24.920489920591045,93.76849171744556,none,none,2015-03-23,1.3766123111811885,0.29806012702763857,22.04865145835491,0
26.02496798553419,91.30430958600633,none,none,2020-01-17,8.268544633543243,0.019613498213958414,17.603661467005498,0
29.240473151579813,92.03677551765468,downpour,small,2011-08-17,117.5346560415524,0.5469520944260766,28.105639831948046,1
24.02363789899778,90.38938171054815,none,none,2012-08-14,7.7283432081257795,0.2899684026262173,7.925363357009197,0
27.074194760036608,90.1411223967897,none,none,2021-06-03,1.3090718847098437,0.10603501117974164,3.9831241689372865,0
28.345763486009375,96.58231784562432,downpour,small,2015-08-03,96.37702221266593,0.8545350109044472,32.72273118115054,1
25.78531490791689,96.11651985682849,monsoon,medium,2021-03-24,186.4092705060446,0.8756627842871099,48.77525747975977,1
23.135996509459037,97.20883662927997,none,none,2014-01-09,8.895068721708997,0.39052214919117206,24.05359932550621,0
22.550003426000185,89.45881230407338,none,none,2015-06-24,11.729509092175515,0.08478663168917443,28.457104578253638,0
25.18013909903624,89.87164945001484,continuous_rain,large,2015-04-26,112.53585465415419,0.5307418717514457,30.622596048231934,1
24.499988414041745,93.83229432680204,none,none,2014-09-13,9.759222939805854,0.1677737366317571,0.32886644337480453,0
22.476239871873307,89.10900159482993,none,none,2017-03-10,14.201569347104833,0.31667516522577976,1.25702656896448,0
29.15231596015873,93.01212737095643,none,none,2016-08-18,4.371486621708524,0.15761069632621508,11.488455506539864,0
21.03139030180668,89.03078450551409,none,none,2011-10-27,13.584766595905197,0.0283661451724591,2.8562334788747457,0
29.762087001173327,89.46398664352172,monsoon,medium,2012-08-14,78.08755444648513,0.7875811369974992,53.723306668867316,1
29.678992003045476,89.42245889972797,none,none,2014-10-22,6.143998272718675,0.16081683080253104,25.251911937008515,0
22.27272809001205,90.46303850527913,none,none,2018-03-08,11.692402531123351,0.03578092418695662,25.136653931332976,0
21.070469423602866,95.28561104353741,monsoon,medium,2015-08-01,98.5251414787285,0.8521153438021623,38.439973431355625,1
26.356223877134248,89.13735036971742,continuous_rain,small,2017-08-31,173.0169391213344,0.5240414798114181,51.45019070312907,1
21.12023130395412,90.11488552806878,downpour,medium,2013-07-29,91.32501042642149,0.6870714361970289,27.623697854006913,1
21.200213050926628,91.04639053289384,downpour,large,2021-01-09,174.10237673576557,0.7885731275526764,66.59906286943021,1
26.947703657180835,91.24864536230821,continuous_rain,small,2014-05-28,117.23501728004749,0.8747731068328033,45.45425998783145,1
28.51701183103738,95.84944682679027,none,none,2020-09-25,4.14989465261589,0.2343913085043329,23.006015053577592,0
21.767360917243685,95.29437944522705,none,none,2017-04-05,13.343788919767707,0.3430385346112358,27.149590745432857,0
25.597739500927048,96.17776315237253,downpour,medium,2016-12-17,115.54071127743272,0.6039535834311478,41.53648647222114,1
29.22972584097301,96.00660820474147,earthquake,small,2020-10-24,7.22236174787855,0.21556321688292712,54.49790249827359,1
27.155906300674978,93.93978200642621,continuous_rain,medium,2010-04-30,184.24087378397823,0.6175438427564182,46.74175064701541,1
28.512850757356418,94.3260363638128,none,none,2010-02-08,4.15983389618554,0.24038865989145197,24.938506839494995,0
25.114537647886433,90.52758249956806,downpour,small,2015-10-10,169.5560158063252,0.5315353970455864,46.082979686577644,1
29.943028160448826,90.18814117471584,continuous_rain,small,2014-12-28,113.02932402458255,0.8459608768791593,49.37875298382019,1
22.98838545195541,94.98220166619119,none,none,2018-08-30,12.84394099907952,0.2830021971384852,15.445563122070022,0
29.734529502299786,92.19467046737967,downpour,small,2014-03-27,194.7456498838037,0.5434484118268161,55.60203090012721,1
28.879566506929308,93.61028530727714,none,none,2014-09-09,7.556526005916321,0.16163579957949287,28.76159249628144,0
23.85180872825874,95.78165547786926,monsoon,small,2014-12-29,163.95813838860133,0.6284646831297575,59.10705058651471,1
26.732848124438846,95.06489853854667,downpour,medium,2022-08-15,88.25118482829569,0.5020438887078389,31.01138300092704,1
21.79226742948936,90.33299929649527,none,none,2017-03-24,7.337587773752589,0.11909913789640846,9.035309985285139,0
27.834955718775884,90.31235855458668,downpour,small,2013-03-29,157.2230870156251,0.5803830110911455,48.5061173698873,1
21.936712533664576,90.22640575789562,monsoon,small,2010-01-22,84.25225959655253,0.7905466067645563,40.429947261307255,1
28.396826501031608,89.8093150682069,none,none,2019-05-22,8.466416888748974,0.06478748816039817,25.147278077018093,0
26.02810979520508,94.6953263302128,monsoon,small,2022-08-27,63.90670458172687,0.7157341305761515,66.90550267118807,1
22.66742290701284,94.47380809430855,none,none,2016-01-24,6.8840119178732,0.18665068835933069,14.212789021065884,0
28.060905723041287,91.12965671487177,none,none,2011-05-21,7.731276965310089,0.3109881103136355,6.834320031331802,0
29.509136280780133,96.41807702892046,downpour,small,2012-03-03,185.5913409652576,0.9397196383943556,52.187551776684806,1
29.886916388123144,96.6498931551582,continuous_rain,small,2018-12-20,112.2114185520769,0.7441115726775498,62.175797181808015,1
21.01014264011956,93.70695343861519,continuous_rain,small,2016-11-30,55.069316036159734,0.6980416050667964,68.67763395925726,1
26.35384469221207,97.81084894828479,continuous_rain,small,2013-09-22,90.96182609472302,0.9616072052525773,27.606219814056818,1
29.291056333277695,89.69523939805144,downpour,medium,2016-07-03,139.28541235445013,0.8860905531980762,26.3092113847052,1
24.574995031707957,93.7284013486064,none,none,2022-10-01,3.3497737293960124,0.15386878147361982,14.062820790608043,0
26.36938627957766,92.74419670550607,downpour,large,2010-02-16,55.745670942719265,0.5263727498443946,48.07136864584437,1
26.198593766426487,93.56678463246773,continuous_rain,small,2014-07-14,115.08079749973672,0.7870207337604154,67.69607761289336,1
28.71149841278241,89.1260162684406,none,none,2016-07-20,10.414144618125773,0.3505870111830959,14.492172155238867,0
22.14214210318884,96.16770523613141,continuous_rain,small,2021-04-28,185.35673540717409,0.7791918352586358,32.1477610898933,1
22.874582753208703,90.4464488865646,none,none,2012-09-01,9.44325659746426,0.3176365915364245,14.839358464403828,0
25.175276025516087,92.4258131740135,continuous_rain,small,2015-08-25,55.98507022403028,0.5538378670577847,60.82010317018045,1
27.357462990997234,91.79916049645102,none,none,2021-07-22,0.18233515397679145,0.3369949425313867,23.510683383661867,0
25.25452856388333,90.59763806419178,none,none,2019-05-28,0.16696453586137583,0.1929919258692012,3.296388690693065,0
22.861420910712575,90.77659740645235,none,none,2020-06-08,3.7824291951662268,0.3504723541863748,2.1597489840880257,0
26.81921758160872,89.71097290326601,continuous_rain,small,2023-08-20,157.22065882824063,0.9435422514366276,33.971034827288904,1
21.450243766300648,89.11661581892078,none,none,2019-07-17,1.6775771553170504,0.07561964857685842,2.461248363024252,0
24.35148856547016,90.60337124328368,none,none,2014-11-06,4.722030442273228,0.36240538711523373,17.050621098178063,0
21.85799119310867,93.43004170689835,none,none,2012-08-12,6.47206189220917,0.05841995943108911,24.683746902863547,0
24.9189084873498,93.03743221077993,none,none,2020-05-08,7.759313862530844,0.096872594419944,26.93618016866352,0
24.356693754588218,92.51469523030319,none,none,2023-08-12,9.755599946108935,0.09105050842771396,3.0882633317877115,0
28.505575411409204,92.34547280733125,none,none,2010-12-05,9.30353427955693,0.35790819159449777,20.225566629416633,0
27.58659211486723,91.14237899987391,none,none,2023-07-31,6.427377804825897,0.1419707220604058,7.612600300771892,0
29.191344463013152,90.81057082700315,none,none,2019-11-24,0.4486847530907284,0.04294207679113287,3.814193654235334,0
27.009009027078278,96.73523668581079,none,none,2023-02-27,13.914139869363678,0.36232291890891455,16.643516860419183,0
22.70099767478043,96.42028067703723,downpour,medium,2019-10-05,190.93795611574893,0.8301906875828594,49.17461363096896,1
28.129049731042784,93.67685882150579,downpour,small,2017-08-03,166.2563334784993,0.9115193813940718,60.323476709162385,1
25.898584615516626,90.60842155387827,none,none,2011-10-25,5.610466496672656,0.17989069423954276,22.521574856314928,0
23.214449371875155,94.55802722409672,downpour,medium,2017-05-13,171.46823664266805,0.5716566196093302,53.344482147621804,1
26.678332160842434,94.75293053853639,continuous_rain,small,2012-06-26,40.831808746519414,0.6632759915333943,56.934692041200464,1
25.080140117258072,96.8056994930418,earthquake,small,2013-05-09,10.185175541930196,0.5106293312859194,42.112446046687175,1
21.017775819584195,89.40506641815232,none,none,2019-04-29,4.769177634331932,0.31374452267276814,18.37376319488033,0
28.552588432719848,92.9803792410699,none,none,2022-06-29,10.599366487269506,0.3380404455930668,19.560536303249247,0
25.204614511440937,93.07046476414602,downpour,medium,2018-01-29,121.32781112703367,0.907554383514809,56.81000758274631,1
22.44390195067037,94.35680223833965,downpour,small,2019-08-17,103.38853287088402,0.7321665677707775,34.97967591899116,1
22.80123625466173,95.57232827920261,none,none,2013-06-21,2.0999298683778225,0.14324443473653956,18.59266746253253,0
23.991573409302795,97.17065021485233,none,none,2018-03-29,6.865000695142535,0.026976658954460442,10.625843552700534,0
22.011960052514446,95.40553452128184,none,none,2022-03-19,12.142634207202088,0.08663049880849863,20.505644232706636,0
28.06942905348851,96.57534913217334,monsoon,large,2011-04-27,128.08314663210408,0.7230010938557212,54.37034365576264,1
22.842515590586522,92.04298642684547,monsoon,small,2020-05-23,162.76921230175572,0.7878112632030666,41.44911410008601,1
26.013422655453525,94.05395360458803,none,none,2020-06-04,5.643772759145599,0.03658396630722862,6.620704834919496,0
23.381843418965236,91.67710332335388,none,none,2021-11-01,5.1987988859762595,0.3705893775616075,21.991098584336953,0
23.354199225822466,97.62942089935609,none,none,2012-06-30,3.956798385697313,0.09784396736828023,4.889149670520342,0
22.243652539778036,90.36337600458845,none,none,2011-11-02,8.350919604715147,0.2248906736319003,12.485494927739971,0
23.528334334328573,90.53564476340895,none,none,2019-07-25,9.844107529049179,0.33815350148554923,16.45520247084485,0
27.32673578407359,94.86155839140305,continuous_rain,medium,2016-03-08,111.69294654936358,0.7006658153371002,33.766386920471696,1
23.020476446152884,91.22748303561623,continuous_rain,large,2010-06-28,35.62290169326066,0.7856536276172834,31.651179927114555,1
24.438819013818453,91.73055859156185,none,none,2019-09-30,12.20813256587609,0.0794154176300713,26.962162347291684,0
25.51119873538598,96.06333874160644,downpour,medium,2013-09-10,129.89199332930383,0.5594227535767724,26.85693840925693,1
24.278873093201245,92.7647200008022,none,none,2023-08-31,2.424863260641395,0.1918812165956546,3.831302672308461,0
24.40271832234184,89.29060181830305,none,none,2021-07-08,1.5633834381241845,0.19347292294084287,13.558232393845394,0
21.30556540998762,97.94983032650313,none,none,2021-09-01,14.890714073367729,0.3245661551890949,19.523718571134275,0
28.431801547929552,91.56701846858984,continuous_rain,large,2021-05-29,176.95449567207223,0.6718322405202073,41.63269614919455,1
25.40795673658186,94.75928364254764,construction,small,2021-09-03,18.65411317241201,0.5909831047018175,69.00672228883775,1
22.950271101934042,94.78875356896448,none,none,2013-12-30,0.44363495035859235,0.28914867725865795,17.354374045437794,0
23.637607827000064,89.40134923566463,none,none,2014-08-08,13.350165397928318,0.31980924837322383,16.792964664054477,0
22.44235403571406,90.53440256549912,continuous_rain,small,2015-05-30,24.099977441661842,0.5486620679519607,41.420257746970336,1
24.866386859581645,95.9253275130899,downpour,small,2016-09-05,103.42726922860183,0.5950068578029936,42.23956202888077,1
21.401350754998273,91.38431789207928,none,none,2022-07-13,1.4057584040364868,0.2780870498165428,1.3587846842763662,0
23.53549929747982,89.45400954552707,none,none,2019-01-27,7.577098483837773,0.12835646817130186,5.771456358031192,0
28.81908509943554,94.09217285546849,none,none,2013-08-14,12.942714356189974,0.1806719547831268,16.249790142753152,0
25.013640841628224,95.46216933351961,downpour,medium,2016-12-13,136.7743139464369,0.5187252029392098,28.51795016851952,1
24.756144135265668,92.0873011570983,none,none,2018-06-15,11.981519801361877,0.34476368773244465,4.965024371863703,0
27.4350690207391,92.79453166874083,continuous_rain,large,2013-09-22,176.19503598661854,0.7049134255021963,68.63595635013078,1
23.75575941082775,91.52590351894075,none,none,2021-09-10,4.301222870210558,0.26440826549900537,15.447711194102004,0
21.760087061913147,89.44472868688021,downpour,small,2017-02-09,105.56887629636945,0.7740848328528395,35.714199780491455,1
23.93636975839176,94.43486680407658,none,none,2021-05-03,13.614445552347668,0.04019246040060423,15.844772672525682,0
21.91394280773141,94.20339123996918,downpour,medium,2014-07-30,137.10612278017072,0.878318150301092,67.75513416182389,1
21.081879945032235,91.54511788272077,monsoon,small,2010-05-16,155.3262255290353,0.8323147568337601,33.09600701025611,1
29.23076140399685,91.88134511676043,none,none,2011-02-25,11.779995361781337,0.328299113688872,23.0543583418295,0
21.123886329678978,91.27638308278999,monsoon,medium,2012-07-10,118.88955793199308,0.7021001011513628,46.907343161556184,1
25.226999218149572,95.86840304311461,downpour,small,2013-05-11,99.31964345311887,0.8979195977259168,48.65487434670285,1
24.2579368489973,97.40497946904323,none,none,2015-04-01,7.179376085643658,0.1876020107887381,7.164099278062745,0
21.71281004382195,96.65064574698295,none,none,2021-07-21,3.3862692835230837,0.35483503785226,11.097056007656006,0
22.6789946496142,93.61585159556657,downpour,medium,2012-06-28,27.521665509065826,0.5455386973627565,43.51908951700159,1
26.97170936121865,94.25577035294506,monsoon,medium,2012-08-15,119.4196882654818,0.5102007463303148,61.84256466613632,1
22.96747347789683,90.76600328658557,none,none,2014-12-17,6.625821223203313,0.35434853883628487,2.8821454125134327,0
22.76006923092804,89.77425096629405,none,none,2017-10-05,0.631797978555792,0.23479814158267553,26.16142813964065,0
27.206881188319578,96.9294331779669,none,none,2018-07-03,5.915175551416528,0.013208113728793647,25.734454707746817,0
22.720837801861745,91.82588227900577,none,none,2010-10-03,8.55942117996935,0.059395150289895504,18.687042800912796,0
26.505431412792277,95.20316370969206,downpour,small,2023-07-19,105.71413514994205,0.7455402599288219,55.241372814809665,1
29.346830196953633,91.29348308245106,construction,small,2021-02-27,26.273630818799056,0.36949124507582387,54.29090766602886,1
23.637623279967546,95.38943795066334,downpour,small,2015-07-30,104.30596902892555,0.5875320374052115,33.96241572557631,1
29.745305884189868,97.42853563864782,downpour,small,2020-02-25,142.3640128696162,0.6357446583021094,68.44450636641945,1
23.94054643640696,92.72807721429277,none,none,2020-08-05,0.8349873231884325,0.19224553021005053,7.732406240993952,0
26.718077195494192,94.50492494248228,continuous_rain,small,2015-01-18,169.31990197076973,0.8979085914501421,29.62625307930942,1
21.995868496554742,90.41074649914137,downpour,medium,2018-02-10,168.30896024091314,0.9038035553146859,37.26082146975413,1
23.74865587682767,91.8959553814028,downpour,small,2017-11-15,90.80193710005338,0.8723682588412852,46.81162901938521,1
28.174713832803782,89.91257077658237,downpour,very_large,2012-06-21,45.873050559270624,0.6935003186680768,33.57500328245958,1
23.767015264530926,89.99030350322582,construction,small,2018-06-08,26.814652988436862,0.4563776384022478,31.213712343950057,1
23.707323931535672,94.73766413523165,none,none,2020-07-23,14.820000646166601,0.214858999407993,18.67971210531649,0
25.653736418113773,95.82116568500751,monsoon,medium,2013-09-19,130.85112215811324,0.8802185482340856,67.79608601248815,1
28.113944684071015,90.23300726571009,none,none,2014-11-30,8.001580985135114,0.2072563278484863,12.863969814180102,0
27.08655678012765,89.66193762359222,none,none,2010-06-03,5.39620137593023,0.34118746276264555,29.76993816429843,0
,92.97940937526602,earthquake,small,2011-05-31,19.666635616694688,0.5798254820037256,37.068140314798434,1
27.84092268381961,96.02500271221783,none,none,2023-06-16,1.1231010885547699,0.05190463196739459,14.499600287382947,0
23.5658144526531,91.41779079064034,downpour,medium,2016-04-27,149.4494353048818,0.9391704738074047,25.985733740874256,1
29.502281704794992,96.28248300680258,downpour,medium,2014-01-04,191.88141859554042,0.8432654305135523,59.98519039988755,1
23.77457464713613,89.98942761325908,downpour,small,2016-02-22,148.65904972674136,0.7074761589146699,28.941406503049677,1
28.456419891958355,89.45210704009165,none,none,2021-07-12,14.67211656755278,0.11097787726765188,29.963817709505374,0
22.821676168907537,92.71878214166932,none,none,2016-01-22,11.44328187603004,0.1301184927030142,19.265846127547118,0
23.686353779109012,96.01926460899408,continuous_rain,small,2020-11-01,120.79672327429066,0.7550133034889184,54.806481571169286,1
24.293909766576494,90.95869856649995,none,none,2018-09-09,1.816234297099345,0.009996014808354305,27.764273264037026,0
28.753195218883494,97.97625787514394,downpour,large,2010-03-26,60.253941942660106,0.8775960036619748,43.16635784745871,1
28.41858658964263,94.01622665387852,none,none,2010-03-06,12.923322567632614,0.2297390996949405,9.764179190060712,0
27.847859488708885,93.71571991012827,downpour,small,2018-02-22,196.71627910539624,0.983440724016458,39.3451920427906,1
21.8971031288591,97.51720364025428,downpour,medium,2010-08-11,92.90320785671926,0.7330581935716006,62.42016721647593,1
21.921895455472708,92.93994083853026,downpour,large,2015-02-03,39.27170328617005,0.6018544522663196,62.980107576411136,1
28.36185973151605,94.62861568520394,none,none,2016-02-13,14.943999859238343,0.3760776756281787,23.833786148192758,0
27.7730687029316,95.72488492531757,monsoon,medium,2016-09-08,82.25505911019297,0.616545572393787,26.741415846066886,1
26.725406439080835,96.11314131208347,downpour,large,2013-05-08,90.9506981296655,0.5044182190727144,43.74183133139974,1
22.184680172298265,96.9047114719625,none,none,2016-06-07,7.139562265693582,0.05884049828742408,4.020885084147563,0
22.011030691694298,89.0925751256679,none,none,2023-06-05,9.799692966581166,0.3412663214898715,4.740461315299188,0
23.754765070630274,90.2020676502372,monsoon,small,2021-01-25,134.1148274417414,0.9329380498060695,47.68515468805839,1
23.126144909752462,92.48893794429233,downpour,medium,2013-02-06,161.35712274209092,0.8622860853482456,31.379324114089158,1
25.882882952603474,96.13420044942774,monsoon,medium,2020-03-14,191.6963198981364,0.8036386020594208,61.91329529841186,1
22.163055914886538,89.43429418613735,none,none,2012-03-27,13.954123781300716,0.2447378311469303,13.613844903258975,0
21.75906191706475,95.31595969420923,none,none,2020-01-21,10.002621338597926,0.31017885456915273,6.124644785253878,0
22.953651080338833,93.52899842698298,none,none,2010-05-21,3.746620755220693,0.1893884093013846,5.453511950820839,0
25.086833889617857,90.73234104552147,none,none,2019-06-23,7.008858914801545,0.15458974696045008,22.088474018105952,0
28.92941937125685,93.65963983038282,continuous_rain,small,2019-01-19,131.66047252073554,0.696397677206479,27.202717148808247,1
27.841796482688526,92.29994067569262,none,none,2021-02-10,0.3000386311125075,0.046374558675113246,12.063559235946508,0
23.01877299220253,89.94963007614955,downpour,small,2012-04-01,116.47008977602528,0.7050952525492481,58.01992696216274,1
25.89526027154042,97.38836184581487,downpour,very_large,2014-11-01,81.59467242568624,0.9595944354165823,30.256112805416517,1
28.40799160192987,94.70542304800405,none,none,2017-04-10,9.215797103571427,0.0181208951434348,8.204513443437353,0
29.859553243684495,93.4249472651965,none,none,2012-11-30,3.430131448124712,0.011686921291604558,21.64801908708773,0
25.30342197924089,97.72244251305385,none,none,2011-04-03,10.86486802968948,0.31638730778924545,13.573762871190143,0
22.030169891248004,89.49710516295448,none,none,2021-10-23,8.663603583417922,0.13177213668894913,7.118431090755055,0
24.460080139398563,96.64303605463635,monsoon,small,2011-12-23,43.77262799235064,0.8574187213220589,61.09957721686633,1
28.740184910781853,92.4565932778157,monsoon,medium,2019-11-15,143.73279323528402,0.6275981178480887,37.74437490056133,1
29.209383594113906,93.58883447314483,monsoon,small,2012-07-31,20.846871937053784,0.751901900231597,34.51565337572893,1
23.71650468461061,89.15436139512683,none,none,2014-04-13,10.812324568035898,0.02028695083230563,13.01791341803156,0
28.550550649004293,96.98411894556656,downpour,large,2019-01-05,74.5001764880399,0.535701534415784,60.847959821843475,1
22.090444104630706,94.81218676072967,downpour,small,2019-11-01,107.4376127949708,0.5050843981519149,66.50876071601144,1
29.120114060954748,91.63526275399751,none,none,2016-08-16,0.04599988317443238,0.34198257627688866,29.103599558413954,0
21.470352412511737,90.02272050253727,continuous_rain,small,2010-04-28,90.68474438319217,0.6748509303306642,42.76335458682087,1
23.79064472715237,95.2754075201918,downpour,small,2017-12-28,148.27837713096628,0.7515438456006236,56.388524409229454,1
27.376899481702115,96.52151006228948,continuous_rain,medium,2014-05-10,194.59353709993255,0.5091090953426516,40.97232886588439,1
21.24409322847734,95.85309715915767,continuous_rain,small,2021-05-11,149.1799704281303,0.6019330838817405,53.05388505407759,1
25.73418622126317,94.19383842907702,none,none,2021-11-29,6.866455249126861,0.018333897450106384,7.381349780260895,0
27.26759263734949,97.48873760351223,none,none,2023-06-25,3.4586945041262025,0.15224311393897214,23.555326925283033,0
25.817645203804823,96.4431242261201,continuous_rain,medium,2023-01-27,78.46178525479992,0.9815691193769045,69.33146009712233,1
24.01707202104474,93.1536172917942,none,none,2010-02-01,13.747323511758765,0.07427857154354807,21.288452814742836,0
22.337551965454804,90.83723982452953,continuous_rain,medium,2020-02-18,111.84861558377061,0.8440281424451763,31.42093897287676,1
28.41998592702544,93.23743344170833,downpour,medium,2013-02-11,70.42184007096745,0.5053306558436635,48.17033707236932,1
22.679141421748984,94.7535369853153,downpour,small,2012-01-22,71.00161091440478,0.6354295655288513,31.895136288699284,1
23.81979889514672,97.4602773499703,monsoon,medium,2011-11-11,189.12476353443313,0.5066512115303403,58.15222215764378,1
24.480692987001092,90.88883455942205,none,none,2014-01-24,8.014984369259002,0.29496532131382586,14.373594086209026,0
27.38802370609075,94.28646402949262,none,none,2017-11-29,12.255593698555193,0.2725221496138485,1.4927985202152994,0
25.902158634487936,90.9829019339506,continuous_rain,medium,2011-11-06,195.5080534231563,0.8189013714641178,26.980578322266155,1
26.356627495011733,93.89675412595527,continuous_rain,medium,2016-02-14,67.64024753314926,0.8062643976014191,56.19253285382014,1
24.994101932913047,93.17670319784273,none,none,2010-12-22,12.9901294729733,0.2694604546681801,12.936297174082906,0
23.956724843432195,95.97221700468855,continuous_rain,medium,2017-12-07,142.59215635016474,0.5547579577135321,36.100100095616355,1
24.252367503523047,93.02739674092408,downpour,small,2023-02-08,171.39781831081035,0.7996683527517601,34.67803460315467,1
28.459340261433965,97.23362055812177,none,none,2014-03-13,3.564077314184843,0.07225925867972115,2.842065170782301,0
28.489934650302928,92.17514610583228,continuous_rain,large,2012-07-25,144.84179994008178,0.6031814448269199,51.16123733533662,1
28.50231242585658,90.93380379007063,none,none,2021-06-19,11.171837906657421,0.04105490217302524,19.365198780435296,0
22.62157328201101,90.56483112769806,none,none,2010-01-09,0.6674216688446194,0.316750419948825,24.830222811057652,0
27.767634668941774,93.88138506686549,none,none,2020-06-18,14.946368375004953,0.362373248416619,11.666115421565204,0
,93.3615421873151,continuous_rain,small,2012-01-12,61.705610594368785,0.9459908918616716,66.09956934898804,1
26.510618795864886,90.58696892653363,downpour,medium,2013-04-20,128.4342419009942,0.771502125943214,44.20781159725891,1
24.792084124657958,96.87316030313998,monsoon,very_large,2019-12-04,90.43103717585647,0.8517485543267258,44.92685194025698,1
29.34340700358313,94.61815117571413,monsoon,small,2013-05-22,60.25381246174196,0.7872404802743718,50.103066292377825,1
25.74461802178259,91.22695328868264,none,none,2013-01-06,3.05690738303364,0.3705535960952808,0.3351608168273046,0
25.08398343197524,89.79680418324475,none,none,2023-07-23,1.8733429778851112,0.07213133149135285,16.12756023359091,0
24.159655525209715,89.84925243173758,none,none,2011-02-15,5.064450730887678,0.36095377433354325,13.222216643106027,0
27.99666723596155,95.58556420377647,downpour,very_large,2010-11-04,182.14124253928435,0.6868605163726644,33.20393342241209,1
22.870179280908232,94.10346156122102,none,none,2017-02-26,4.955863128991392,0.059678282783597464,14.228429025188568,0
22.924525116699286,97.39661223802014,none,none,2018-08-31,8.595286033460594,0.39764872778076754,29.345018207432666,0
21.96121517116483,92.60319272399124,none,none,2021-08-03,4.0194532664265195,0.09679083564644775,0.30902625339040757,0
28.379608599146785,93.47043687093327,monsoon,medium,2016-05-02,23.274412083380284,0.727619231752821,43.02461908449723,1
28.820273512064162,95.10999328475104,unknown,small,2020-03-02,8.972695479971438,0.5462943101155702,46.83544547846736,1
24.591180767259164,93.02679421909176,none,none,2019-10-14,10.205997594021898,0.34696546892704,4.897669013484322,0
27.646509050043903,96.15648742159311,downpour,large,2023-07-27,86.9755503494187,0.5694940222739799,65.7678749410716,1
28.936275948422097,92.60391092104953,monsoon,medium,2015-05-27,179.21808511038304,0.6561226360234058,61.08275503617523,1
26.457879195085816,97.13945537793462,none,none,2023-02-11,8.203374213880146,0.32962119887472024,4.942243065949896,0
24.070742650107473,97.82502532342326,none,none,2016-04-28,13.051825108941049,0.3315222956974467,4.818593909100308,0
28.926086314395505,96.7574790787674,none,none,2019-03-12,10.130163208484513,0.03473322374178878,17.460164507139268,0
27.200722803142806,93.42460291333526,none,none,2022-03-27,8.987421285810562,0.16864273747719893,21.493706614032835,0
21.62956082748654,89.35864163850928,none,none,2018-04-26,9.222846625040704,0.3101842149054084,13.355571604119858,0
22.92212133547946,91.37377581246099,downpour,large,2018-04-21,142.3802244327605,0.9571754205674972,68.48342129282588,1
28.074869152358104,92.22918149102337,continuous_rain,small,2012-10-31,57.18433914216482,0.602936045159787,49.162545974299476,1
23.299650887703528,97.24754663353879,none,none,2010-01-07,9.889543939335491,0.30788428032760123,10.29103460105585,0
27.950231052977937,90.875770536767,continuous_rain,very_large,2016-06-11,117.41629156513724,0.6054260451685922,50.29769436024051,1
27.57304369258011,95.9093663286485,downpour,small,2018-03-24,154.03432024693984,0.5477773089640721,53.89848368920276,1
26.13482866390043,90.28638476356977,none,none,2012-09-26,0.8986448121314755,0.373733697803899,13.944601447127868,0
28.368943387707347,96.859232979333,downpour,large,2018-07-02,53.1459597096775,0.8004446138063104,57.959226837328366,1
28.791793367820233,91.19769072366861,monsoon,large,2018-04-19,53.31811182203272,0.5533143805615014,37.894502776823785,1
27.91370039439231,90.32523206596663,none,none,2022-08-30,0.8875114787709409,0.1590019305182514,2.7638915563769473,0
24.544002881770318,95.18052479343791,none,none,2021-05-14,8.536205716169436,0.24274227258157413,5.739998559409214,0
25.360729605770082,89.60569267982132,none,none,2011-05-28,5.42724432226634,0.35103167275092806,2.6902247892236355,0
28.768568032388117,92.83626720375689,monsoon,small,2020-01-01,51.85352445168966,0.9941855958063537,30.809843934462325,1
27.817830107874038,91.45157741239053,downpour,medium,2019-09-14,189.65967551956484,0.5048722616208708,48.231656824966954,1
25.407647977587448,94.74992561470364,none,none,2011-07-13,10.413506165424879,0.3536749142367423,17.468861938381778,0
26.400682972450845,93.97948569120732,earthquake,large,2017-07-24,19.61669319663497,0.21966542851213525,43.07567231513319,1
27.809172355033816,95.93654700017478,none,none,2022-04-04,4.325200117662186,0.03821270446863987,18.284862293242,0
29.604157397065038,91.01781048611778,none,none,2014-06-18,11.989953380212853,0.3763862081672328,11.808667514784286,0
23.94216491831337,97.15571185761641,none,none,2016-04-25,13.943547579281201,0.07468646096753302,12.560723976479402,0
27.73335913660535,97.89323255618217,continuous_rain,small,2017-06-03,176.4187198382544,0.7294301870698032,34.248949933056906,1
29.881595591106112,92.52441398368283,none,none,2012-06-23,11.361142611101837,0.2852992124500675,23.6008297810879,0
22.348141873877736,93.13570195702971,none,none,2014-11-30,13.608068662843952,0.07421692264950557,15.374306095130315,0
22.715781599574882,94.92070004058876,none,none,2010-08-02,7.1944497952461,0.03534453888767702,24.008408893673593,0
22.981616097992546,92.6412644313167,none,none,2015-01-20,11.664613544225228,0.3162421626068392,4.656170852249612,0
25.963378887025208,92.26016857612376,none,none,2021-06-14,11.745392605228245,0.3299842656025453,14.433658083507,0
21.984923349053417,92.64848940111054,downpour,medium,2016-10-02,144.39135403177823,0.8787410090302759,26.30769827168338,1
29.443271853922997,97.30343577848629,none,none,2017-11-16,5.114255412047215,0.3882261196419995,23.236843898280156,0
26.618872857938396,89.91190445536454,downpour,small,2011-07-09,115.81702027329914,0.730679589252645,69.72532213362385,1
27.801919010364966,93.47304346920077,none,none,2021-08-18,6.0035615994469,0.34480965248472845,29.743796343203716,0
27.13846202696629,92.48567496059795,none,none,2014-10-17,6.769831715207071,0.11372101837277762,21.22189277962018,0
29.34976426447524,95.38233017687477,none,none,2017-09-15,12.32244873303446,0.016154466675423463,1.1095375069709568,0
23.73815507577646,96.04374903228006,downpour,small,2021-06-12,193.62610991831636,0.712460263218141,29.11090095019637,1
28.633617714573145,90.73660180394616,monsoon,small,2020-09-06,74.56211710412052,0.7246655794971212,44.398779342147584,1
27.372656493766097,89.13461389005555,none,none,2017-11-17,14.926029538071862,0.1782244354034142,25.737606574984174,0
22.49325981077101,92.60047264866046,none,none,2022-08-31,10.025678009043236,0.3270358562278487,4.588775047554623,0
25.419816827017133,91.37528214606272,none,none,2011-11-18,11.30780649027233,0.2294732940621554,11.999748725221743,0
21.877030776553816,97.90912656540957,continuous_rain,large,2012-12-27,47.53168438369586,0.7654924727028298,41.66619879721881,1
23.838969031858262,96.7607799923396,none,none,2015-08-09,1.9937155150926122,0.3822303464410682,26.74419608626978,0
,92.20599489880885,downpour,medium,2017-03-08,155.35118407562348,0.9986142960652673,49.8520100489363,1
22.277167358222147,89.17894977552727,monsoon,medium,2020-09-19,50.22554458111405,0.6844110276075198,34.313414586649515,1
26.91683337748534,93.08368031470523,none,none,2013-07-02,0.6302529325568629,0.19266145425263237,9.801651409806489,0
24.314777454933722,97.25870050272667,unknown,small,2021-09-29,20.495039757712494,0.3268512221835859,27.072517306877643,1
24.64826033973445,94.42177448901876,none,none,2020-01-25,11.61342950742452,0.11216569938467047,15.592981281846917,0
28.27148382760095,93.41392231680372,none,none,2014-07-02,9.689601455553962,0.0353327930946878,5.844122904551928,0
21.04490060349877,92.77322359648376,none,none,2012-06-19,0.004445581132399012,0.2638037035894452,18.2602553101456,0
25.89047452427993,96.0829606691231,none,none,2014-09-23,8.452276682565875,0.2252648169348499,17.850095401242207,0
26.22869060826621,97.54176022175602,none,none,2015-08-14,6.606760243053682,0.3694703414552182,7.886827679277929,0
22.855447248083493,94.23304209812154,none,none,2017-04-12,14.492702140914014,0.01358517585417749,8.876865146589243,0
25.517310919887635,96.47821033960659,downpour,medium,2010-08-08,186.26962904882595,0.5771532658821026,35.091068121609595,1
21.274716117970595,89.25284924478359,none,none,2015-08-22,6.380579885855058,0.28905376746768613,1.8662255187161025,0
22.938326424705398,93.57198969248367,downpour,small,2010-11-22,35.11527198306401,0.9527953022084497,52.75143166970308,1
28.24940839659498,97.60390909400385,none,none,2017-08-06,5.197476317018444,0.3214230696951697,19.37015606396336,0
29.6164199043707,91.80359660804262,none,none,2014-10-06,12.36344043415788,0.2333992967608587,10.411532049826862,0
26.0066044018113,94.25002481558073,monsoon,large,2023-08-15,42.78487335872197,0.6775375955739549,25.581780330027804,1
23.43808700751927,92.59631130704048,none,none,2021-04-06,13.291239844413038,0.15942650902253594,2.4397359747318093,0
27.826353030338858,89.06500989499628,none,none,2016-02-22,2.7010184282526426,0.14779055654253612,12.862378753992669,0
21.124096553702625,94.5265136098319,continuous_rain,small,2013-09-03,135.394101045358,0.7433948217742574,55.043679389942476,1
29.933788812471626,90.05306176681115,none,none,2018-04-28,3.3747535898910757,0.041717183771092084,24.470059944146392,0
26.98657188566345,93.06525233186717,continuous_rain,medium,2011-11-19,167.90146839233051,0.8027884062583317,39.36023397073169,1
22.065216049890587,94.81224435026067,monsoon,small,2022-01-11,142.5925603928681,0.6640767834374476,61.614728953307726,1
21.164178882315078,92.07673546368947,none,none,2013-03-07,10.114601239671014,0.31850844608986284,26.623082455073856,0
26.484443682750697,92.1390781022909,downpour,small,2021-09-30,23.947036447726017,0.6563888511936159,30.809802245697966,1
28.489184681284573,93.08539633807142,none,none,2019-06-26,6.414942305841219,0.18456108441550167,4.197882701918756,0
29.222131844993953,92.98130661704941,continuous_rain,very_large,2017-01-29,39.51503417914161,0.8695809883360701,29.342426117854526,1
26.49563026717395,95.31316179093734,none,none,2022-12-21,1.7850102124448697,0.014865892208146115,14.83677448181117,0
23.964499151940025,96.3882472953286,continuous_rain,medium,2021-03-30,30.091715358506132,0.9999418285228511,59.47559651026179,1
23.189091209327746,94.77656535645765,downpour,small,2020-02-16,111.53877751328785,0.5888673970681915,35.29658724792472,1
29.611332445911742,93.36645081996103,none,none,2010-10-15,9.522521313223326,0.07581705760905307,14.94571112481072,0
26.552027836894165,97.27602312854512,downpour,medium,2019-08-28,22.729502291227224,0.6821793102011999,35.486420131478376,1
21.28008964023746,91.33288863782437,none,none,2018-03-02,3.6457768880538732,0.20945834455569418,29.80661793524497,0
28.18844905312421,94.80332126672877,none,none,2019-03-08,9.706696622533896,0.2155102942020792,5.293645523348122,0
26.511300099611702,90.69969392992347,monsoon,medium,2016-04-12,91.07222250986382,0.9971892736542787,49.335998562466166,1
28.407545728979407,89.32662403338303,none,none,2021-09-21,6.525613902426262,0.09304587271650307,2.4689006324533205,0
23.249843864425834,95.50893189481272,none,none,2020-07-06,12.288196240108768,0.18036994972642217,14.097727884272489,0
21.543439607618897,93.92394933907438,downpour,large,2016-02-21,156.98858387418827,0.8566307707108002,42.54249627105875,1
26.524463246111786,91.34065731863046,none,none,2022-03-26,11.771023044602737,0.3855936583434947,21.824942690914597,0
27.090617037879834,95.42277315244063,none,none,2016-08-23,1.560631423894327,0.3397560286760908,11.003019645389672,0
27.078791552502572,94.83137426967015,earthquake,small,2018-07-17,15.97137293865569,0.4337529875122407,25.064367372202405,1
27.72252105362451,89.64781935609116,none,none,2016-06-12,3.8466725294965487,0.2749792329252446,20.896154349278948,0
24.798057351586326,91.28489378425215,none,none,2020-02-28,5.553277953452381,0.3279829576619738,1.6881497317367433,0
27.29389911335374,96.78022624354297,none,none,2021-09-26,9.91982858743739,0.2659660871021314,3.6140454776209174,0
26.06488099604757,91.36785460813827,none,none,2022-11-24,1.9658398540933675,0.31922740936381394,9.400669330402177,0
25.449859760423134,96.69925840686427,none,none,2015-09-05,1.9254807223030106,0.10889574566729837,16.368956097284197,0
25.862502884519202,95.20868933256105,downpour,small,2023-04-20,109.17031470257434,0.690335140320771,48.96714375112161,1
26.952790009577022,95.03503868862212,none,none,2011-04-17,2.830376429849461,0.16818404165924628,28.95776511606875,0
22.477863238071574,91.10671873674451,none,none,2010-08-27,14.017643195463142,0.04432843285662305,11.516385700321592,0
21.16238031837071,89.15376211999192,monsoon,very_large,2019-03-13,197.66265452299328,0.5696725997885758,63.78543497705245,1
27.669248123063838,91.46140963685806,none,none,2019-08-07,2.435400107387963,0.07312753504874166,5.482637001293815,0
21.67611655871649,96.96233573426952,none,none,2021-07-25,4.911205050869488,0.33934970201832276,7.1098219698338605,0
23.06829313798187,90.1688483065106,none,none,2016-01-05,1.6190584096263954,0.21374735944421827,25.714910994995684,0
29.447753082613346,95.03869392042903,none,none,2017-08-15,8.210466823167355,0.11403907840994361,2.959049474882182,0
21.06366307826499,91.54273239568653,none,none,2023-03-09,13.094123591087552,0.12544121849404966,28.4832380292801,0
28.24270601420498,93.48276334054404,continuous_rain,small,2013-12-20,177.65007384258482,0.9207019209156724,59.77605449604483,1
29.343391560508476,91.70931293934802,none,none,2021-01-10,11.450788524674673,0.08905701497357695,9.046721210848713,0
29.16817579640231,94.93952296576938,none,none,2017-05-22,11.557479743152559,0.2713353161402997,16.112025702471758,0
26.382547871140417,95.07824495838172,none,none,2011-11-03,13.648620912478835,0.3737304682374466,18.11999977178183,0
,92.29710927790397,downpour,small,2016-07-26,151.40080895676695,0.8326997865716397,44.25873180521728,1
23.392618023195357,89.71062622620872,downpour,medium,2016-10-31,111.68999269179892,0.8836607633091554,40.603083171915685,1
,96.1582871274855,downpour,small,2014-12-07,75.90611111803672,0.7828274023397636,29.376860608341282,1
27.257753256530403,89.25077446599647,continuous_rain,small,2017-08-09,140.02369913652745,0.7630094205176736,51.93843492586551,1
29.570744994065194,96.45549276812339,none,none,2023-02-06,9.24242581677656,0.1382979201007701,29.900888910540104,0
23.5692895053156,90.27427346373251,none,none,2010-06-22,11.509269237966198,0.2880399788556132,2.9007824583995365,0
23.723029786003416,95.16394730733194,none,none,2019-08-16,10.461743845692855,0.01114881539745829,10.825548581179467,0
26.780567686470825,97.20893156334624,none,none,2015-11-24,6.810249931420472,0.39539269155513423,22.896408484037856,0
27.327954205674757,89.21661637997401,none,none,2012-03-05,12.023113053313427,0.12878554550859375,5.122294297400448,0
23.149271480777244,91.72843407630468,none,none,2019-10-14,4.06601345370357,0.21276924522360208,25.508387487024457,0
26.999063979909497,93.19901501608456,monsoon,small,2016-07-23,56.42609756727654,0.7483942199468845,33.56505474387467,1
29.844970676173617,92.68441678822828,continuous_rain,medium,2015-11-15,30.081451383595816,0.8065351082481496,68.64633295651338,1
22.683272574289017,94.767625995844,none,none,2020-05-28,8.513432249608893,0.3362108581083357,16.01852383947694,0
21.412492636361854,90.30892641591117,monsoon,small,2014-11-30,142.64635661199281,0.8799664766762849,35.43790428512475,1
,89.40709177786698,downpour,medium,2023-02-10,148.30705742246002,0.6983119422704039,27.88374637192148,1
23.44514389976367,90.90776305214239,none,none,2021-12-02,8.786883510449272,0.023012566723138273,16.495585047328582,0
25.703042739801347,96.25747463031077,monsoon,small,2015-05-14,81.36768715029754,0.8621652600153151,43.220098688706734,1
24.04290757374763,90.53448686407948,continuous_rain,large,2017-11-30,178.8014521935531,0.6924071719057807,64.76900389317612,1
27.355550948869052,96.94952273600764,none,none,2016-06-09,14.45524673638016,0.3481568029796724,29.995674958992076,0
26.94341875562584,92.98199878576497,continuous_rain,small,2019-08-30,124.6349511163874,0.6916017436043922,59.236745097607894,1
28.365558202898963,93.75969070302294,downpour,very_large,2011-02-24,187.64086072217134,0.5325639525739849,60.28880414000272,1
21.99758819998503,95.11869004965108,none,none,2012-07-31,1.9242656651712031,0.17513508980673761,11.939749982228465,0
21.59551423743739,90.17125844720061,none,none,2019-01-08,12.137147671007487,0.15732364078042932,0.6596306265032514,0
29.085486514479264,93.9641810173465,none,none,2019-12-31,0.7409199613145057,0.3896528961075624,20.542764200190458,0
27.47933892032601,97.88194959030524,none,none,2014-07-12,5.296908511494643,0.2606750300213615,14.545700441086709,0
22.860525197825645,94.686016235386,downpour,small,2011-12-01,151.99585079919254,0.9457433293062797,67.00816321375828,1
27.116202619185042,89.34708807422167,downpour,small,2021-02-20,99.44613109877858,0.7770809973342272,37.09016568433281,1
27.460142573377034,95.82583243779254,continuous_rain,small,2011-05-19,126.75091025812227,0.7924642343670507,68.11256689276179,1
25.06720172028046,97.92743568352957,none,none,2015-07-09,14.847460584976758,0.3767483896200054,10.576943046442947,0
29.36896038503078,93.52395779062905,none,none,2010-01-28,1.1158307241145282,0.24004400426881248,21.05999536127068,0
29.944038361991925,92.48895311889044,none,none,2020-05-23,8.919025099701562,0.38806630414657184,28.94592589291103,0
28.61898260057263,92.05212872266705,continuous_rain,small,2020-05-26,116.05094827233746,0.9454689348772191,59.14565445374489,1
27.656718991227642,93.31119099776153,none,none,2020-02-05,4.430635383151759,0.3589055785746282,23.5317143166838,0
26.549450035402536,97.90092514649385,none,none,2018-07-05,8.852276918011555,0.05599565537617393,0.6927781604753369,0
26.60327302050545,91.59423527860116,downpour,small,2011-08-19,72.14313696652795,0.7071079669924458,35.41357717630771,1
22.89027802034085,96.79135331101487,none,none,2021-09-06,4.393965315330718,0.1578866693132147,21.682710845007183,0
23.901712270976287,89.41642247456797,none,none,2020-07-31,3.8894660518770703,0.06358081852144908,16.580041947664064,0
24.34024630570819,96.23625562310829,construction,large,2018-01-31,6.873526623383417,0.21887876922722427,67.83331570620442,1
29.110877627333775,94.21366397060041,monsoon,small,2017-04-21,137.95351260374633,0.7506896346625489,43.49976766622875,1
29.532619351115162,93.46802564085982,none,none,2017-05-22,7.263118886296785,0.1240637511150291,3.306545805390403,0
27.971180310070384,93.11369893022324,continuous_rain,small,2016-05-15,156.76682768940358,0.8817934459000192,35.11183272131872,1
21.6160813699231,89.71550757955114,continuous_rain,small,2015-01-06,48.992630668881546,0.5803051749654007,31.23583915431423,1
29.49293088665413,95.41799387456625,monsoon,small,2012-04-14,90.39649249277203,0.8641442192279496,28.564110251948698,1
26.183518798509795,96.12355213767852,none,none,2013-01-30,9.987320455682898,0.21805518595833728,23.16557471491362,0
23.357441702589217,93.78014523491137,downpour,small,2022-05-19,194.4798348108861,0.7104414213505902,58.614610370903726,1
22.963906235893873,90.68486438915642,none,none,2020-05-06,7.776751294496539,0.15277295559362566,5.184881008414804,0
24.55509084057751,95.37311282729519,none,none,2014-08-12,7.558488301657013,0.11702577596843233,4.569001449860028,0
25.27061928416145,94.4031856919927,none,none,2010-09-15,0.9993284062439639,0.28585497299805657,1.8456263243257964,0
26.13569040477868,90.89544197288538,downpour,small,2013-09-13,160.1878892216099,0.7456497684887241,57.16714260396503,1
27.158380798368643,94.96645926381136,none,none,2021-07-19,6.113304099065104,0.1644904232353097,2.6561759384746164,0
25.570548334848986,97.13521667476738,downpour,small,2018-02-08,120.87300179361819,0.780559970971618,44.65387920029747,1
25.387530311277025,93.58013730772947,downpour,small,2019-05-25,45.52841815919365,0.874129589475619,55.76214129654536,1
21.09969759169952,93.73433538808034,none,none,2011-02-10,10.817584081052235,0.28511502082137724,24.64956749939348,0
27.103872624289078,89.76843627807139,none,none,2013-12-31,5.547951964689128,0.3653924635898338,24.577860120265523,0
24.032528008936758,96.51533259307712,none,none,2016-08-16,14.232853118080545,0.135908019884591,17.497072407753794,0
27.85374856931995,90.22125372934897,none,none,2015-03-14,8.153690425328367,0.07154714439477665,23.86172167942134,0
22.11470881000606,92.87091052093598,none,none,2018-10-12,1.955090702420459,0.25057463858358625,14.118346351469228,0
28.704868630153726,92.67594152525014,continuous_rain,small,2023-02-02,115.10966029171544,0.9337308371329616,60.548261177446115,1
21.497145614424177,93.84049754574184,none,none,2014-10-29,8.207784285228696,0.1055495299998225,27.774915353961788,0
29.018983044990005,97.68224604234643,none,none,2017-07-11,11.075661306199153,0.10573613029421317,3.816673351552039,0
23.39570748213292,96.90450669419849,downpour,small,2013-01-25,137.45710879841477,0.5897921468921015,46.89562211527859,1
26.333387765097243,94.61492902505881,none,none,2019-06-24,12.869427544716713,0.2167223504397634,25.659545041186046,0
28.718435256630137,94.44450765671203,monsoon,medium,2015-08-12,158.74532825390966,0.9772949708518791,25.329663507018235,1
21.06085847979107,93.93974884071936,none,none,2022-07-28,1.0718112005185016,0.22576369776327634,6.566061172966215,0
22.578782251474763,91.02811295263766,none,none,2011-04-18,3.2584482318657013,0.018799979838942174,6.583933299566608,0
25.45498162721732,93.85521011831919,none,none,2018-09-14,6.6394668924612095,0.33498017120977597,14.002259108424923,0
26.51821361132042,96.19829691952523,none,none,2013-08-16,8.056685910017109,0.100691659955021,16.124413521596043,0
25.334975147669397,96.3668984317375,downpour,very_large,2011-10-31,85.92778851845783,0.9809344537803057,61.82874452600025,1
24.30254180150409,90.8752955348509,none,none,2020-11-30,8.942213936565441,0.33797045235315104,19.16612882288005,0
21.425723385694372,96.41139573277827,downpour,small,2023-06-22,171.75287652433005,0.8558447058400995,47.64351188582715,1
25.63550674737562,97.17264738413967,none,none,2022-04-22,13.889412079099914,0.2674469360058313,4.465578555689768,0
26.23807833938669,96.98670955697004,downpour,small,2017-10-28,65.20683344120101,0.6631441720413528,36.28945378932944,1
21.8097802928846,93.33766253919849,continuous_rain,small,2021-11-01,66.0920579111172,0.5858172114722107,68.28005156267446,1
24.019032708440363,90.53977365785177,downpour,small,2015-12-27,58.714296388370414,0.7773091149494284,43.29300683170317,1
21.429951776167503,94.64871821552393,none,none,2016-02-20,6.261718364052958,0.07681158882507187,5.660866736234377,0
25.21586882191923,95.6439827873723,none,none,2013-10-12,10.540751668600628,0.17473630734432266,16.339039977013716,0
25.247612234794104,94.0688854490348,none,none,2021-05-23,4.928444777700116,0.364918537002514,28.852543306442286,0
23.50646967275224,95.72207649226274,none,none,2020-07-01,1.3083793327292352,0.26891576772860964,4.435104326369821,0
25.338444535784518,91.51909703144123,monsoon,medium,2023-05-26,74.15304754822719,0.9588024627475868,33.17105182792274,1
23.79540409497011,90.17977652911745,continuous_rain,medium,2015-02-01,29.885406575883092,0.7940506258764427,49.944876380191246,1
24.988600400679037,94.31416530701033,none,none,2018-08-13,9.17775670261751,0.10398935783087496,17.919638916781246,0
22.681321774191165,94.8956544303759,none,none,2012-07-27,8.162000805154104,0.3021039718198987,20.89408286811632,0
27.343179860391487,96.16993385544298,monsoon,small,2019-03-29,119.50380954473616,0.6610528899052501,55.80527369397859,1
25.570538696231587,94.6493739168768,none,none,2011-11-19,12.854309672902867,0.3973440679500493,20.05092512473738,0
27.61165446519069,94.98944798607884,downpour,small,2013-02-02,112.36258314113083,0.6121702346208329,35.3746103536739,1
22.35251298371073,92.13208791259692,none,none,2012-06-29,12.926821360756255,0.26494950545711754,9.534353843608926,0
24.937807578769608,95.25579001619543,none,none,2010-08-07,11.411495278217371,0.3026669050871431,24.655735340480476,0
27.593559757211587,97.25144611058494,none,none,2015-03-14,10.768467465353758,0.10692818117036113,23.87871703474833,0
21.353944116215335,96.78299226713746,continuous_rain,medium,2011-07-29,81.3185926573118,0.501567541015244,67.21810586847775,1
22.663742485178997,90.62832050652513,none,none,2017-02-02,1.0367116866805022,0.10780425178305869,5.602512477201964,0
29.44886044495228,91.75437215656144,none,none,2017-12-05,6.442287184613972,0.35821315456443303,2.856839189027843,0
23.788351967824365,92.16612881580274,none,none,2015-08-15,3.184607370782982,0.3150970815925007,16.332551771052856,0
23.01708408120397,97.88365026017009,downpour,small,2019-02-07,92.92009470866165,0.8865153759763142,41.60328582724978,1
23.39844360080015,95.53790717918731,none,none,2017-02-13,13.248875984836687,0.17430554349583802,16.08837719697273,0
24.119588812174666,96.38305404801346,none,none,2017-11-18,8.433190766595951,0.04903326871725544,22.791610393248746,0
23.813227465173874,92.32786736723504,continuous_rain,large,2015-02-13,155.4236268411326,0.8068079662580533,65.08893202866568,1
26.298367976070203,94.15177876212006,monsoon,small,2013-07-27,36.36355926700729,0.8963355905681066,64.15462338221211,1
22.127745010741542,91.91917398458577,continuous_rain,small,2022-04-11,101.46839417909345,0.7758543409478672,66.84281102159267,1
29.414595817871078,89.79450272001122,downpour,small,2014-10-05,170.27412161633185,0.5933149331195469,56.994767398960136,1
28.985781459890205,93.41308313002867,monsoon,small,2018-05-13,54.320302165495484,0.7774181445086557,30.25703390325404,1
22.680470399979704,93.89661037389452,none,none,2021-11-08,4.191601759918718,0.18058133182549316,13.915045760618577,0
21.34165783771812,93.44654195071405,continuous_rain,medium,2023-06-27,80.54117193823467,0.7600893952641361,38.9739481950297,1
22.596503864938647,92.03168372462093,none,none,2016-02-19,6.821218478465144,0.2762820568921746,11.489177299120248,0
28.300124410108225,91.62574909090124,construction,small,2016-10-24,19.12502501829921,0.3769113993187797,33.254778331878654,1
26.24010126703151,93.76918173505346,none,none,2013-06-15,11.68771171045282,0.020030818563708544,23.560426191640634,0
27.403344831563466,91.93280934050996,continuous_rain,small,2016-06-07,132.72797372528277,0.7423578696430009,60.285703946912,1
27.114758909453734,94.3755844582009,none,none,2016-06-29,8.47509304061592,0.24077440519417204,6.997068036766033,0
24.721826029875217,95.2169960579275,downpour,large,2017-01-22,174.64341717381603,0.7966128957599119,52.06929843068925,1
29.45435402580258,93.23599505753172,none,none,2010-12-03,9.696319748440807,0.2030318150680758,22.940221014378707,0
23.670163548817563,93.41430355384935,downpour,small,2012-11-18,57.71876985590398,0.6854288970972235,56.58196480781888,1
21.61632678462418,95.21825154409748,none,none,2023-02-26,7.236764150933491,0.35725046286210127,13.356541947752836,0
25.28076500988447,95.3958600513616,downpour,small,2022-10-15,177.9189540289786,0.8199757367042158,54.31134926102479,1
25.366475063827234,91.71451037249852,continuous_rain,medium,2012-06-06,194.26196318657674,0.8955676646580187,66.87466309767454,1
26.017070244640916,93.98386351162151,continuous_rain,small,2011-09-21,150.8030418029964,0.7931014773872564,49.411023075952485,1
29.70696899781447,91.48506563916355,none,none,2020-07-08,2.1946371813968,0.2504274548748572,24.07816061709864,0
23.674554106137233,97.61857165706623,downpour,medium,2010-03-20,59.20342427615722,0.6536390897653475,68.68107024176778,1
27.779334781687147,95.14190981800816,none,none,2014-07-15,0.4670305092888022,0.14202821658871365,7.7263565605405615,0
28.905394824447395,89.83814346716642,none,none,2018-03-03,5.750261458165094,0.3365086045613534,23.129899555166958,0
22.672125798565826,91.0908152891955,none,none,2020-03-20,5.654238557810408,0.0452034095644966,18.10197001970743,0
22.421916070541364,89.17154583002346,construction,large,2010-04-08,27.2056023847291,0.26262606528465005,39.65627316823431,1
24.38564025919928,95.17911967935547,none,none,2023-06-02,0.417445053464256,0.11144636305489142,16.033833615367612,0
28.932424883480678,92.48395769431379,none,none,2019-02-25,3.5944364603081755,0.30551613927223165,27.72059563662486,0
22.599573182985427,95.92997631953683,monsoon,small,2019-10-28,87.3059273927545,0.7408548194891471,43.67935354029433,1
24.231353202976635,96.59570933635514,continuous_rain,small,2018-04-16,38.33117497960995,0.6762684573792804,26.18527725380716,1
24.186978694813657,89.28674518809895,none,none,2010-05-21,0.8674476314588642,0.22058752850424057,9.14350516726939,0
26.80424486798242,91.06543362559104,downpour,medium,2010-05-06,116.06403024506062,0.5100525265277083,53.51129956533315,1
26.42473713830713,94.46609639008994,continuous_rain,large,2019-11-10,179.19966013658254,0.9790244910759318,30.65294033173854,1
24.628801860534704,89.4772708508917,none,none,2013-08-23,2.431676836142774,0.28853624209333084,4.3417411537611885,0
27.414247645751125,95.6261570202343,none,none,2020-12-17,11.812798093268986,0.24061497767768866,2.0723492375509167,0
22.6751236447344,92.16128780425984,none,none,2011-01-18,6.239218986858958,0.16898314885062748,26.352746359063,0
29.30616002260581,94.05826514799472,downpour,small,2019-09-15,56.84038416840573,0.933410365063968,28.468815450444563,1
25.842883583814643,93.27398561536252,downpour,small,2017-12-22,20.88863240231174,0.9742012136932792,67.11695096344062,1
22.766669371138917,94.21831767348665,none,none,2012-07-14,0.29500561722295093,0.3299339963153269,26.426697815665737,0
29.909759824937623,94.4522416713044,downpour,small,2013-07-04,46.43011938174991,0.8495164756539026,27.375738388691232,1
21.13940922675026,90.90197326069698,monsoon,medium,2021-04-21,73.75572816501654,0.8326781919928177,58.371123774696535,1
25.315058914522258,93.5343588460684,none,none,2014-09-07,6.828107504329071,0.21133323356112227,25.484824835963447,0
21.056553968841577,93.14220254032064,continuous_rain,small,2018-12-14,51.73918507407968,0.8337194160232962,44.94259460718796,1
23.73508750330882,96.06026742730222,continuous_rain,medium,2013-05-18,95.12995944414277,0.7954448516397145,47.5761611183633,1
28.550720861784747,91.61118046753299,continuous_rain,medium,2013-12-23,75.11764402190511,0.8422519279642389,62.442354759452364,1
28.37113872360961,96.96728650676984,none,none,2015-09-07,3.6568627136798684,0.0005381594469283435,9.152971160350386,0
28.084107488792284,95.40072032058386,continuous_rain,medium,2018-09-23,165.7939844249741,0.7437062925796301,65.03739052184211,1
29.534488938017645,95.47207406724485,none,none,2018-09-29,0.3022359517971407,0.3866138408736934,1.2364492800128968,0
26.53219769980296,96.22191919115082,downpour,small,2015-04-10,42.73557185687885,0.5766929837486126,36.40202529540013,1
21.62258728367782,93.31075530107765,none,none,2021-11-19,3.4073383460686517,0.339369797137516,19.161322592035333,0
23.426677869474062,94.26955128473168,none,none,2022-07-08,14.771866235351762,0.15606901997480094,11.347074584984714,0
27.825713057144956,95.00324961617142,monsoon,small,2016-02-01,29.179351827634548,0.836391541483623,32.142430347777776,1
26.00703188273135,89.1134174991687,none,none,2016-12-27,5.460603141570349,0.365608711954153,1.962532848649221,0
27.660252613320857,89.136773484942,downpour,small,2019-09-26,134.8856975430776,0.6155660214711054,47.099007441853274,1
27.22912243230698,90.27998593450073,none,none,2022-11-29,12.142955419939321,0.2326224272419345,29.892442121830573,0
26.080503443912857,93.29588624540868,monsoon,small,2022-08-03,124.53096045601463,0.6929979029323213,68.50584508400428,1
24.60278185369865,89.315751476545,none,none,2018-05-25,10.310565625149136,0.23677235342528796,2.973218729306326,0
22.596095165535864,93.79103964800599,downpour,large,2016-08-26,96.99730305715778,0.5855390322694769,58.18589259919759,1
23.597860461422687,93.24604477914666,earthquake,small,2020-10-19,10.56342895625684,0.37439496069983136,67.81924789291485,1
21.937789029739342,96.2550658417635,none,none,2020-09-30,7.67316954216361,0.3459541853520621,10.2025096080581,0
23.749224458856222,94.0586304015568,none,none,2018-04-18,2.8991859682060452,0.2606903639394759,16.132059240600793,0
29.38923162096495,93.23503157619875,none,none,2014-12-17,1.2863146879413434,0.33143691259573604,27.436807265488184,0
29.966159105309355,94.46829750552752,downpour,very_large,2016-10-04,21.631879217666963,0.8032861357662915,41.642713911427364,1
26.755524168540518,97.78427032646502,none,none,2020-08-20,10.02792421591025,0.04937343879833285,26.839206071211194,0
24.598781055878483,94.04455550023559,none,none,2017-12-30,5.969664271995853,0.329082935288034,22.9049696129305,0
28.71236463407293,96.96440582515561,none,none,2017-04-22,3.45025922800467,0.24033432985882178,29.381316266499283,0
26.414494122475084,94.54360203333296,earthquake,small,2023-03-27,2.480816214986249,0.42810566815298623,28.678442493289314,1
28.4271729994561,92.79113909219721,monsoon,small,2017-09-17,59.40659450462809,0.5366181262599861,44.357729004013414,1
24.322002890514682,97.56900863850927,none,none,2019-03-06,11.756297881955973,0.3981377770658769,1.0322732522729916,0
25.033440694222065,90.84846413654186,continuous_rain,very_large,2010-03-31,98.4295228132638,0.6320460773457637,26.032850811784435,1
28.053057293627123,94.19102027335015,earthquake,small,2014-04-27,5.78261619788905,0.2851517510150353,42.102410398374474,1
23.547634598373453,93.28050111433342,downpour,medium,2020-07-05,142.48812505455246,0.6899502142631224,34.52616722788032,1
25.28892394209779,93.73789231854688,none,none,2021-04-07,6.7863737611943815,0.01391854434842248,10.320436448542988,0
24.105669120471408,90.95750897307674,none,none,2011-03-15,11.906330221267899,0.0797028260321297,16.292275629673828,0
26.98941743565923,94.06283644581642,none,none,2012-01-31,2.8930673377803977,0.17715442345225618,3.8787606000587047,0
24.728849992822248,93.95004612242364,none,none,2020-10-01,3.5789369392590595,0.31834835705561826,21.205735580435373,0
22.828699243475043,89.92648492654163,downpour,medium,2010-03-21,123.06168725576373,0.9280295618937784,47.667709269728924,1
21.944818717676142,90.30515287933126,downpour,very_large,2023-04-21,60.0250878040128,0.611800884882759,27.157793979884747,1
28.79995710405844,97.8050802063323,none,none,2013-07-04,0.8381894536781648,0.3537760317583416,7.252307532894814,0
23.276797123512935,97.35613435983807,monsoon,medium,2013-11-10,130.2009769524675,0.8250790425818616,42.12069222548331,1
21.341765135218637,89.4659938780229,none,none,2022-04-08,4.492709468762637,0.30520125466970366,9.258233557997162,0
25.19038456047039,90.33103033254157,none,none,2022-09-11,2.5151965330234867,0.2260171661519951,5.0065033026599135,0
26.792713896719082,97.97415045968897,continuous_rain,small,2011-09-24,151.12712826723427,0.7777692519634765,64.6902500841586,1
27.014061698135293,92.20533139028181,continuous_rain,small,2011-03-11,115.29894499373329,0.5906566143851331,63.66779671497175,1
29.67634176099878,93.87248270453867,monsoon,small,2013-12-14,54.62123512876687,0.9885830355299037,57.89117511737649,1
22.872873400457625,94.82519900089324,continuous_rain,small,2021-08-13,179.84672997195875,0.9092251343102526,44.68644098878986,1
26.14484745833457,90.9898345101341,downpour,medium,2017-01-13,156.59055982602493,0.6469755750247111,36.052718376679195,1
23.145437053781386,92.58264985172376,continuous_rain,small,2014-05-07,177.71528194538442,0.549808636490408,61.50756224319768,1
25.24272398530183,89.82522760263024,none,none,2018-10-16,5.376739287747247,0.3110016374074316,29.429574483112273,0
21.792732032881858,93.14623766392226,monsoon,small,2022-11-29,36.416079488904785,0.9799484421292584,26.05774423587343,1
21.36702143870592,95.72802547543668,continuous_rain,medium,2013-09-02,45.30669626983954,0.8328918817121946,61.91547173795075,1
28.707394682089376,90.24743070267175,none,none,2012-12-24,11.540816052747527,0.050871039310536895,25.405334243344324,0
24.78909579909305,91.68165927295429,none,none,2015-09-08,9.373033677015687,0.20564375403356172,22.652344478355058,0
24.35811413669967,95.69530075400635,earthquake,medium,2015-07-16,8.497160101691218,0.2685558251956854,69.0188619809831,1
24.318694676331933,89.58113199123937,none,none,2021-12-26,9.231403039639973,0.39140040116072433,10.443064149577213,0
29.98176916940021,91.52504967818236,none,none,2012-06-02,12.631498378780421,0.0007209246825117255,8.89489611551303,0
24.330366747382925,89.86907148156949,none,none,2010-02-03,0.9307178267016569,0.31955943253170305,25.560714247249827,0
27.99567190378465,96.58091716367336,downpour,medium,2014-04-05,101.55389744095798,0.9356530673869118,44.800570455569726,1
27.007259547791083,93.94224724324839,downpour,small,2010-12-11,71.3073302398428,0.8353916603035518,63.523887890308636,1
23.929210976781558,89.67685052361264,none,none,2013-06-09,1.4756794783457643,0.00716379017662332,15.320644160219066,0
24.989573929511067,90.10339914897149,none,none,2021-10-25,1.724893765714558,0.1711662746963851,15.386922872077196,0
28.24417330280724,89.984206944328,continuous_rain,small,2014-04-26,196.1072963326377,0.8036235643041811,60.07768329248901,1
26.40907991687669,97.64456627378962,none,none,2011-05-20,0.5789762025434225,0.0003295559220410471,2.282175066015586,0
23.406212999277137,92.18443751265418,downpour,small,2010-03-19,150.03491534091188,0.6590071672593099,31.90223935205215,1
24.875533225544626,90.60269833705935,monsoon,small,2016-01-30,66.18730262487296,0.701425039632029,56.95746304200625,1
28.585498035687667,95.67023006458663,none,none,2018-01-06,13.924259865294056,0.01570981455143312,29.587369082012035,0
23.720844251729616,91.2314918799708,continuous_rain,medium,2013-05-28,111.52555069183113,0.6169885802934256,61.21615197128191,1
24.751415412836156,93.45008022036231,none,none,2021-07-21,3.1689001032350737,0.2342553228071688,24.678267560981222,0
23.320721011249198,93.04819311108338,continuous_rain,small,2012-01-20,44.603440852487125,0.7944274518252092,41.26344197453957,1
25.75200666118636,89.6035088758266,monsoon,small,2021-05-23,110.89451977879423,0.7408159563720492,60.63730316551984,1
23.554407415788685,93.38446337810275,none,none,2013-11-24,13.248998759760923,0.25645886920952915,16.217929931441528,0
27.374928876131637,89.69882871495935,none,none,2015-07-29,5.586550232649209,0.04568481349414269,13.986853626909433,0
28.766170279344813,97.46269201177,continuous_rain,very_large,2017-08-21,157.58110070986731,0.6048091483433922,53.470921602483266,1
21.256413036908228,91.4447759568251,earthquake,medium,2017-07-25,6.033538520203532,0.2050248295240821,54.777061030500676,1
26.501105559971585,96.03338443903509,none,none,2021-01-25,2.631587097222769,0.016796266622389224,20.130326793985386,0
24.997430381006033,95.2285215950177,none,none,2017-01-10,2.232757459638211,0.29038377943080107,20.229503742888422,0
29.46934939667527,93.3470166529939,downpour,large,2021-10-12,106.11430012444528,0.7668817682822016,46.602552094685436,1
27.44968284486675,91.34808831119975,downpour,medium,2011-04-16,63.93286836966667,0.8115719842559208,33.370064960001244,1
24.21429360311137,93.06584372118004,none,none,2022-06-04,6.512342222193411,0.1753269985436346,15.739615379710184,0
29.714380166749056,95.85471933168887,none,none,2011-12-03,11.57178767449128,0.326578328573518,15.500785834566305,0
28.088417891385895,90.5901080521032,downpour,small,2020-09-10,127.76314115250672,0.9372693080235349,39.31895527687537,1
22.303314912238562,89.7052357144346,continuous_rain,small,2021-10-11,119.51560750461041,0.9892955931795889,36.0157601344161,1
24.91876124079161,96.68425860997314,downpour,large,2015-12-12,133.90448121025065,0.5420355401106769,54.54594235470721,1
21.13489557147773,89.11521744514013,unknown,large,2013-03-21,5.51333063000535,0.29717265076653854,55.537117667815565,1
23.948223700062947,90.23268513850014,none,none,2017-04-03,11.144210709122106,0.1967454736158478,10.909722762693711,0
26.496243376980285,89.88939793402429,downpour,medium,2020-10-11,55.850667315852164,0.5930986039619857,48.932288961096944,1
24.408924030235298,95.65466287943093,monsoon,medium,2014-11-19,128.25182320658388,0.5896683111835441,50.328714301890955,1
22.87509227018392,93.3981992312311,downpour,small,2021-02-28,150.7635510296894,0.9794322284710171,26.48969673487062,1
27.873370888332843,91.30896069445951,downpour,medium,2012-01-05,70.74363391270782,0.7147413485002251,41.19087190499318,1
25.570838157541267,93.70584414111151,none,none,2017-03-16,11.366020021799379,0.22992493453917026,15.200421312924693,0
25.432203649984952,92.61801611564874,continuous_rain,medium,2011-11-16,43.57696806257995,0.53714715355264,56.06693722565331,1
25.135586743855733,93.6711672523645,none,none,2013-02-10,5.781210431434742,0.23319617350396996,28.471854235586687,0
29.45174714205676,96.88420058907931,none,none,2014-01-13,13.758339141616402,0.10599829790377756,28.9929554781269,0
26.28464340866526,91.26862891377698,downpour,small,2011-08-07,135.00656823452505,0.9968164340056527,55.53325007330571,1
21.609657067081912,94.69125035533013,continuous_rain,large,2017-07-30,153.4793422913494,0.5884821224305754,59.30356149691211,1
27.38895604184421,96.47384276132735,none,none,2022-01-18,2.5236553882172954,0.011978586998493013,29.91448439246057,0
26.808648386060753,95.77202903927113,none,none,2021-01-02,9.846739334079201,0.11296997544143346,7.776323207032981,0
26.44120673700825,96.06469511721947,earthquake,medium,2014-06-30,29.071001576474558,0.30933292198563894,27.525728072265338,1
26.556009173052722,96.82235737121431,continuous_rain,medium,2021-03-15,41.49622341169636,0.8430850985466376,59.48747180702592,1
26.99760529207719,91.65550300785284,continuous_rain,large,2020-11-15,49.975037041667704,0.9684171699661082,50.440861112885074,1
21.045573396713852,93.63941343793464,none,none,2019-03-27,6.930359625256618,0.25318524940976816,22.94358185375272,0
25.71418724648462,94.14814721207958,monsoon,large,2010-09-30,73.27919301154665,0.738253250872755,40.97643412944395,1
28.764330053793188,89.90294880080674,none,none,2015-03-07,9.311885896790102,0.07376589641331087,5.6115300129352015,0
28.009359930405843,92.48119778900002,downpour,small,2017-08-12,141.75957851391274,0.9771501152608043,34.14241376713355,1
28.07024568590215,96.96222456332984,none,none,2016-10-31,0.4231089198285065,0.17918504056166373,16.826110686245674,0
28.800865319774843,89.64130927195758,downpour,large,2015-09-26,154.1856422563925,0.8154647007503364,50.453889423302996,1
21.95517770662429,90.76106668739341,none,none,2018-12-08,14.936372072051377,0.03454034084545463,19.881045213005127,0
28.839577733628147,93.07998004072908,none,none,2011-12-26,9.392608383903642,0.18388780970654703,1.827959340389057,0
29.762882219184966,92.01257943879608,monsoon,small,2011-09-28,41.31580556687272,0.6385080582468463,57.5206680559114,1
21.849181780052703,90.31443398265392,earthquake,medium,2016-02-20,20.93988378965652,0.27314086661229453,52.63195316998449,1
23.647942000428333,93.0822177708234,none,none,2014-04-28,1.8446515503604828,0.28762719910604667,14.486448989382406,0
25.023616341547473,91.2181582406036,downpour,small,2022-05-10,127.88073719264372,0.6829249808200667,56.194355127345254,1
29.485956094920226,96.12736469171665,continuous_rain,small,2014-08-16,98.64952754777575,0.7415349060610281,34.62252860886027,1
26.847168926642745,95.46237348246652,downpour,small,2017-07-15,68.11287888475937,0.8488771092404928,40.8263424998859,1
29.27582165668035,91.87417041644596,none,none,2019-06-25,10.12494391978993,0.295763948652239,20.943721225467147,0
27.940343682579424,95.35396143010418,none,none,2018-01-21,0.37535102661876263,0.28946898742481125,12.004758817313485,0
29.626559749423905,96.78219150709351,downpour,small,2012-05-17,24.39524787342276,0.9386580106013847,68.88618036571464,1
29.87193381582844,90.85469797393588,downpour,medium,2016-04-03,83.85243986406927,0.7078117452507093,43.65915406351425,1
28.760452403489413,91.63199630586902,none,none,2010-03-04,13.499110246791869,0.05315669954908042,28.80351884971509,0
26.28415084492328,91.89294151309427,none,none,2012-02-26,2.5347368559220627,0.10800321321695741,9.59417809350403,0
29.308058374063023,94.26287297442748,none,none,2021-09-04,0.6788413505318724,0.09708831690999627,28.293199661281665,0
28.49721973290042,95.45702945736117,none,none,2014-08-17,12.096459826474376,0.22906738385749909,4.595567257278267,0
28.74076119753284,97.17613978930473,none,none,2013-04-09,2.0917695844946023,0.13445888280601923,13.707501977287313,0
23.866403119093963,89.47532614913786,downpour,small,2021-09-09,185.9957200791481,0.9309128664678945,64.35094164325291,1
27.783711628962035,90.60970278742897,monsoon,large,2017-01-14,184.8792189584277,0.9857047789231814,33.33705182297989,1
28.496385911597663,95.19607468848575,earthquake,medium,2017-03-23,14.151047581218682,0.23896689404494983,60.0126616743487,1
22.11376767056681,97.42470746025761,downpour,small,2016-03-13,197.2474077068217,0.6883372625536355,52.73960615710284,1
21.538224822305402,92.02264311794688,none,none,2015-08-15,6.911847087252997,0.23028082687625817,5.1179905405510056,0
25.19921604194913,92.37728775316249,downpour,large,2021-07-19,45.6399698841111,0.6940999023531139,56.2179609262445,1
21.500542365135782,97.00786669854192,none,none,2022-11-16,7.156778849140935,0.12144725032347577,24.567562115588537,0
29.475762953211003,90.09213891836019,none,none,2019-01-02,7.914620794313694,0.27341773416242143,1.4416477989648746,0
28.37808336993638,93.05272955522747,none,none,2019-08-27,2.028944277558274,0.10788840457588794,0.5349838144219332,0
21.5563207181398,96.0662914087168,monsoon,small,2011-02-02,130.2569589671806,0.7159131139467292,30.28967134658743,1
22.487275420939756,97.25968765604784,continuous_rain,small,2011-07-19,94.59795144804689,0.79985531706018,56.22818637638981,1
28.34867706808422,91.6874146987606,none,none,2019-11-11,0.18350325519796595,0.018731551374048163,14.170619548128771,0
29.161764642912377,97.2888135828612,continuous_rain,small,2020-04-11,51.84971164244803,0.7630235120617839,25.706775701781712,1
24.181853436510053,96.24817768376927,monsoon,small,2020-08-04,180.03775291239558,0.7868349440115762,30.141263805636775,1
27.895812212338363,96.2453301661722,none,none,2017-10-09,7.516591678474219,0.17045427442861327,27.151200527828717,0
23.80435003543983,95.0177909371844,downpour,small,2018-05-21,95.39233961037795,0.5646536241734386,62.28017734723074,1
22.35694171838784,94.03174864918034,none,none,2019-11-08,1.1418847713567488,0.259484658425997,24.937562464597175,0
25.98439021573246,96.45203747230974,none,none,2010-10-27,8.17822638090233,0.3616411948937418,29.594630196391954,0
23.777499650917424,94.65502011839907,downpour,large,2022-09-06,56.258240921514464,0.8414390069724647,34.86328781001876,1
25.72319111490131,96.70524385767102,downpour,medium,2019-12-05,40.69215314560848,0.5902200181941497,33.64631149267626,1
23.568446471170414,93.2207540970716,continuous_rain,small,2013-10-23,74.10843038131205,0.9023367982715497,31.596171469875735,1
21.543799658674015,95.77920335117841,continuous_rain,medium,2013-08-03,24.524434530377363,0.8972952547153862,26.507059446119616,1
28.402977631518933,90.14854799787047,none,none,2020-05-13,11.066843289978626,0.13350311826127323,15.292806632025751,0
21.36095883841792,94.32738396710909,earthquake,small,2011-02-12,7.330516123063646,0.3920252363689102,50.470366520297446,1
28.99925115542893,93.21647772931418,earthquake,large,2016-03-04,5.191951269352151,0.23621744361711913,61.94459382563882,1
21.819888545212414,90.91157911084485,none,none,2017-04-14,5.175052225064382,0.2377396718692114,5.750949367129866,0
23.5211936160853,93.0046275746004,downpour,large,2016-08-08,39.65320020774335,0.8037985393399356,49.508945429452076,1
23.756781735081624,97.40638457816867,earthquake,medium,2023-05-21,22.549386923612367,0.3870992216909207,52.03041998528897,1
25.29532552244527,95.25319922849563,monsoon,small,2013-09-17,20.40728248832702,0.6634448238679539,49.98501945730864,1
26.879849088779252,95.13354792667188,downpour,medium,2015-03-29,87.69093797195443,0.5595194661480763,32.46420683489832,1
27.386444470473073,89.58117231424383,none,none,2015-09-27,10.122813178933152,0.3604037775434161,16.0218570317768,0
23.21422937846153,89.35232393558869,downpour,small,2020-10-31,63.18315246573331,0.8017188424721453,52.78842664946404,1
22.403818050491598,94.90787833354467,none,none,2022-12-19,6.160302264885892,0.07195419242664296,24.716302715501794,0
29.216161149229066,96.02016045448212,none,none,2018-06-18,6.686866195461752,0.2723735898901646,28.313589452619027,0
27.931224126987573,93.3468469765568,none,none,2016-07-03,6.730316312649729,0.26676672114689465,21.16787157383898,0
27.766147823634977,94.90214343061248,none,none,2022-07-30,13.77471948920589,0.18938296989934497,18.213819778872764,0
23.926894267069287,90.24678806676945,none,none,2021-09-01,2.6105404789156683,0.10362810299360636,11.465358378122518,0
27.31559589422829,95.65418470332602,downpour,medium,2018-02-23,85.76621021248549,0.9233127395828058,35.10801063712546,1
29.044340956466748,97.34232090674625,none,none,2022-06-13,0.5576173371085996,0.254586509087908,10.705750340592722,0
23.138298840877145,90.14464722266362,none,none,2013-07-11,0.8888991173809002,0.06395930772052849,4.973611746323683,0
28.08433900038213,89.36477248651984,continuous_rain,large,2022-07-19,176.43203862088734,0.9446152470134004,59.59396463256754,1
28.28133849646174,95.43062687391418,continuous_rain,very_large,2017-05-07,38.615922969301536,0.6970273997166602,33.98467934706008,1
22.44672570060197,97.71019339602026,none,none,2020-11-19,10.669001870894208,0.1548808095517659,15.406199044514775,0
25.725630699783316,92.63298146271576,none,none,2013-05-26,7.9816774045163426,0.30609699652230704,17.286092076888625,0
29.565712874512116,93.81273489237478,monsoon,small,2011-06-11,186.668902315653,0.6159515823717632,45.96084550393123,1
21.55947679498914,89.04847145464502,downpour,large,2015-07-17,64.66700383175552,0.5765738567010098,55.88185157230217,1
22.62745907489346,91.99724594274437,downpour,medium,2014-07-11,185.27538171639836,0.9877654395744786,45.40128934884845,1
24.842043276458988,91.3678819538572,monsoon,very_large,2023-06-23,100.90533925109455,0.5915217350071265,25.559292798833063,1
25.300925071379435,91.16472805554035,none,none,2013-12-01,4.261777665821988,0.3463962846159554,1.025025801920607,0
21.034861496815136,93.6898371877904,none,none,2021-07-19,9.67966604752096,0.3491620034354173,11.869228234021238,0
26.19545862868594,90.16001739386819,none,none,2015-01-11,6.3251421820800475,0.31687924622901975,13.943173028859674,0
24.27570251197676,92.8177441110297,none,none,2013-05-04,5.0776548758986015,0.255072000489928,13.243349303846948,0
27.51531023573056,96.82805503029036,monsoon,large,2018-08-20,105.47805920807977,0.7805561232645368,35.79644215306848,1
25.33809341468328,91.28543008003624,monsoon,medium,2023-03-12,95.73375677114275,0.6783046113278556,56.52391678919318,1
24.125141562622595,95.55072270964958,continuous_rain,large,2011-03-01,53.02046616028994,0.5791990995263208,69.17469601997476,1
24.431494155451215,91.78063139552837,none,none,2018-10-16,13.121265674174678,0.07860689366178204,28.914074481082796,0
26.357900316723132,91.86271024791239,monsoon,small,2014-11-25,166.9193863492777,0.8802554871938403,47.88415627939312,1
21.759656042952635,92.81707938765148,none,none,2012-06-12,2.587604389996217,0.356804640710091,0.47830324255373147,0
24.71848830782671,92.69645682901285,earthquake,medium,2014-12-24,3.793466197489448,0.47773774826069,36.7861859736569,1
25.48417898231942,97.69908749577024,downpour,medium,2023-09-10,29.349973412337192,0.6349560183700083,25.577919688676257,1
29.29300154460953,93.51897842449314,none,none,2015-02-10,1.1491061362412425,0.05167188133089584,21.741393782236816,0
29.820615240461464,93.29652320678846,downpour,medium,2017-11-02,156.39000190780362,0.7152931475904805,68.44802764684746,1
23.87097221881506,93.91637762575603,none,none,2022-12-01,0.12395691771879547,0.21187170693817614,22.464191783854613,0
25.18790591990561,90.48812890777712,none,none,2020-04-01,8.902946756693172,0.1543285190862886,28.59486341169508,0
29.93873479314297,95.18234425236473,none,none,2023-05-15,14.393220415323444,0.027701430536523342,18.166547341116768,0
26.786253984808603,93.9274154697586,none,none,2014-05-06,0.05579489752805422,0.13447653906413595,4.134552427605481,0
26.302120389317317,94.2513744961552,downpour,small,2015-11-08,103.37982460792415,0.6886287285707691,35.58117894377571,1
21.057800365983464,96.59847966099122,none,none,2015-11-09,12.103715085781763,0.17492599392131716,23.715441557268807,0
21.151209620742595,93.93744955721124,none,none,2018-02-06,7.017755734409217,0.059973587586175506,24.82369652961998,0
24.771174993221305,94.12228566179476,downpour,large,2016-06-29,28.20262360091906,0.5597587758375053,46.53849918514829,1
21.185648722759936,90.57246293376016,none,none,2013-05-17,12.624405218044444,0.19560802768824737,3.9848097906271818,0
27.383703943734776,94.46437384768964,continuous_rain,small,2022-10-28,176.8255279159885,0.7051205163568223,31.4213082407186,1
21.335850887176512,96.58636103557079,none,none,2014-08-03,0.5898856511093437,0.12965998805852622,19.97903377441018,0
28.519583100325654,93.8687004315604,none,none,2021-04-02,0.7452095075004561,0.31445362093984247,15.27555949720464,0
28.355907882555336,92.90942582497686,none,none,2012-12-15,14.894350907448285,0.3591940374645844,15.635872412348096,0
26.005856835793967,90.79369134272638,downpour,small,2013-01-06,52.04150097894552,0.6300771156009626,61.01721090293692,1
29.005845671802625,97.27688769061642,none,none,2021-02-05,12.115810363961199,0.18631118263716995,4.6309369738145385,0
23.783442100561487,89.7259113134074,downpour,small,2021-09-01,40.0731237674226,0.6685194562881,35.75465532180256,1
29.79855332974596,92.16670598668073,downpour,medium,2017-03-27,153.5144127921302,0.6463388915418882,45.857381490640826,1
24.701788697066178,93.54788394547303,none,none,2023-02-18,2.180324810521199,0.3648178970816034,17.907643806530974,0
23.19423222964486,93.32950340732378,none,none,2022-10-25,9.914489816388063,0.034998716827839484,2.101631036659258,0
28.417344414700377,91.87168026562094,continuous_rain,small,2019-02-12,38.99475862695992,0.9346508740917738,26.955730608485403,1
23.171643546753874,94.32698092680458,downpour,medium,2018-03-17,20.08087446974494,0.6884080743334385,37.66131707637575,1
25.713825868845962,97.97080619856355,none,none,2016-03-29,10.546986129916593,0.08587031179041578,0.3190191332564807,0
27.713006279534454,96.2910960075298,downpour,small,2012-12-27,60.48084575553633,0.7139864814335783,27.710944644860536,1
23.1723229465735,90.66621044448775,none,none,2016-03-21,4.934919533087966,0.07330326574895056,26.603145679933874,0
29.11921532427659,95.51501466662204,none,none,2020-04-12,4.919639790938647,0.010503894490814814,26.624740568355655,0
28.96711620262012,96.54545759357566,downpour,medium,2014-04-08,93.36027628339369,0.8427905846171903,50.058538362600174,1
29.00505092467533,93.71878757604944,none,none,2023-04-24,11.560404324989614,0.1465109621679573,29.525750735086913,0
28.951165213281268,96.46672976023969,none,none,2020-07-23,13.826959247461762,0.08204451173542493,0.5903882411808159,0
28.184716699477544,93.23017789094064,none,none,2018-10-05,5.355899302360183,0.09392472969333499,13.044662111618498,0
21.701058137269886,91.13402109509288,none,none,2017-04-30,0.575203604118838,0.16860878808412286,24.344799206167128,0
22.933190872193435,89.3937076014296,earthquake,medium,2015-05-23,16.149254209399437,0.41471517470792335,62.941463102589836,1
25.06128921705992,97.42813722097296,none,none,2014-10-25,2.6452777403657897,0.3196912068880873,24.975191349310347,0
23.495118797363812,93.43376848931271,none,none,2019-06-30,2.2880628822134357,0.053272672320025465,11.864625558916945,0
24.47508519435935,96.35623162917746,none,none,2011-02-02,12.658458706030832,0.03268349802876682,3.4385894635919154,0
25.191830810527918,92.78518340729244,none,none,2014-10-18,7.981940597789227,0.033283474094996636,2.720017434331532,0
21.78509909233555,93.38027338528465,none,none,2022-11-21,12.142615538478362,0.32337828530968976,17.236599219723352,0
29.67835485021605,96.44672409160214,none,none,2012-06-23,5.703861064465886,0.3981080698099936,18.042799946783,0
23.174179228566988,92.62508145425574,none,none,2019-03-01,1.79146784673768,0.09330055852333588,6.254650594417007,0
28.36130054507165,90.56868232278073,none,none,2010-04-06,4.847369356790174,0.30362354767072086,7.778113296482072,0
22.555645154067854,90.12738466776551,downpour,small,2015-11-18,199.25667363444697,0.9876071384544995,32.79156342546509,1
24.134857759014118,91.96639766286674,none,none,2022-12-15,6.05120611182989,0.3938024221547253,26.265998961902255,0
25.473960813401387,89.61429196010506,none,none,2021-04-03,11.866131163721432,0.3875084738664783,0.9070013069527061,0
21.4809975987274,93.91543298843749,monsoon,medium,2018-05-21,199.08669615103958,0.5751477185267613,42.88596605569797,1
28.42191447080405,93.98427046866396,continuous_rain,medium,2016-04-01,160.99048160913034,0.9061779447928591,68.64130357444799,1
21.88656712467814,94.8188723848495,none,none,2012-03-16,0.31067091976121175,0.3202517744272137,10.339133641041148,0
23.578999471291173,95.15357215159847,downpour,medium,2018-03-31,156.5003643158715,0.590040825317618,34.544743619804045,1
25.851455181287196,92.34454526821827,none,none,2013-11-17,1.6792966300395045,0.3382883426070013,18.497493964148084,0
28.16885010196498,91.65676125646276,downpour,medium,2016-07-02,121.01928588192298,0.5187118025263582,42.53505155633053,1
29.028944445014655,91.17585924024276,downpour,large,2010-12-20,143.43487742295218,0.7709450440033184,56.07820470493692,1
26.933417432906758,94.75340161112857,none,none,2015-03-15,8.043427429783184,0.0613865040282664,21.12792998340528,0
23.776210246081206,89.72704201782625,downpour,large,2014-04-30,100.67208899695737,0.63868848223543,35.223742063960536,1
22.066059044306336,89.84487104347328,continuous_rain,small,2023-03-01,29.122912406166787,0.9996512201628852,48.54523895627639,1
26.277045738454678,91.08300950178557,none,none,2015-02-24,12.977463178523285,0.39012331414373735,27.455634288414767,0
24.100939056540813,97.01778691221355,none,none,2010-11-17,7.8492696921637215,0.09452510383836313,19.28495854599677,0
24.932678946314027,89.88561432359386,none,none,2019-07-28,13.296413821889628,0.3445266871800048,9.594776004804764,0
23.752066464643512,92.521522679861,none,none,2015-05-03,14.347212279227383,0.025888538854394707,7.3556301423357375,0
28.26260623128018,94.91751085420904,none,none,2022-10-04,7.03311760470001,0.09454733803236032,16.29944815905722,0
27.054375815467623,94.09127275904429,none,none,2021-04-23,5.996920241973061,0.27528709975559046,27.170248291857046,0
23.807143326251893,91.0057315844487,downpour,small,2022-03-19,26.375460378179696,0.7904585489943035,42.58068339612545,1
23.91393623718447,95.90499380362586,downpour,small,2018-03-20,108.49713357159561,0.8150377278422232,58.147498317692055,1
29.380292119910496,94.96004258281343,none,none,2015-09-25,3.037672236035689,0.06012351433850349,8.024617814106746,0
26.746699655691078,91.64786191272628,none,none,2014-02-08,9.930474687086576,0.05701428699266669,17.17737651350949,0
29.557093976719553,97.99013254579387,monsoon,medium,2014-06-17,198.08112197896736,0.8769663601230633,32.52909414405567,1
28.87694488744165,90.02837315071267,downpour,medium,2023-06-18,85.68914521382867,0.6813046685900805,53.32386887694788,1
26.443989843767937,90.2516164875848,unknown,small,2013-04-05,23.15990576636994,0.4006391672405251,62.59555872046628,1
25.61039627728472,96.30748772058358,continuous_rain,small,2011-02-05,120.32463225913466,0.6490937658583513,52.95605944338786,1
23.024877803154432,97.50908423552258,continuous_rain,small,2014-11-28,138.59288278373737,0.766605082426941,68.30628853728122,1
27.52371420020335,97.03555279357793,downpour,large,2013-07-23,146.51700474925298,0.5809161048810405,53.296477578071595,1
22.473027660024467,96.07309336277537,none,none,2021-07-18,4.709464249351028,0.053574513081766154,9.014919724040857,0
22.93028041422808,96.93206142051835,none,none,2011-09-18,10.706250994915012,0.33998274073270307,29.297668986634093,0
24.62133552074088,89.71280373347278,monsoon,medium,2011-10-26,24.035247188560618,0.6721809170663058,42.74617741535309,1
25.61708026850317,97.89975631770895,monsoon,small,2013-06-13,129.65079978325298,0.738431392778237,53.09095984871397,1
28.378028528985173,96.50807694610708,none,none,2020-12-07,8.314717555004773,0.32831899969665607,7.952969106825382,0
29.3726292000565,95.55477722382702,downpour,small,2013-10-06,24.35606011873255,0.838358151183096,48.641934360239574,1
22.470621776645316,93.28628623673032,none,none,2010-02-04,14.81034714319858,0.14576243675024134,27.234102333113377,0
29.404604475746616,94.03761691721887,downpour,small,2014-01-01,101.95809982047913,0.954852871618574,57.20971044209984,1
22.419726967577162,89.33783427712663,none,none,2020-08-01,4.908112595365544,0.15193957443436418,0.9858934156877119,0
23.60878721157533,94.46556274057482,none,none,2012-12-05,10.581975329099537,0.3883246916286914,17.723234404708343,0
26.5616317589767,90.62581785179742,monsoon,medium,2010-03-03,78.8673208640478,0.9500752019822074,41.3757907061485,1
27.86969144553247,95.57227893353098,none,none,2023-04-04,4.841675413926626,0.27733125855111823,24.975751842237504,0
29.000807868987067,96.48757074480056,none,none,2022-11-14,7.62870747369347,0.03322874002643026,16.135097244752835,0
25.152249312722425,96.73622259327367,none,none,2020-12-05,8.145384448603497,0.11814525295269447,22.936384648661157,0
23.66776352594941,94.94869530149951,downpour,small,2015-10-02,71.1056577138335,0.9536624161115983,67.52761028325457,1
25.104435027704923,93.05586093735302,none,none,2016-10-08,5.376546012642562,0.0662062602450733,15.169348335645502,0
23.155300889545575,93.86393460700386,none,none,2014-04-06,13.202625954729509,0.1342356790233495,16.38693340922561,0
26.760047526785858,89.92614634548872,none,none,2015-06-13,9.921358607350683,0.2587034270579399,17.949131043847643,0
25.89895487754388,93.21185544634244,monsoon,very_large,2023-06-10,21.407622314211707,0.8179496145153583,56.868510767961936,1
29.71369160724763,96.70733658606407,none,none,2015-03-25,4.922701409260614,0.20996324550554746,26.812009679556592,0
22.27481447600135,96.86453009089367,none,none,2019-06-24,2.151774077036892,0.37126666879854553,20.970810364947553,0
28.78222643919985,93.66181581698572,none,none,2012-02-18,8.960044476262528,0.055066582614635706,28.199797981801577,0
25.239320203388505,93.11371642362722,none,none,2020-08-01,10.73886929136515,0.060842244166738,12.611800660196339,0
26.84984051746674,92.30780465306772,none,none,2014-01-10,7.611848781035922,0.07973841768361103,22.36317104757051,0
21.731126197796684,97.22485244885745,unknown,small,2013-08-11,28.68309327584069,0.5300030445708461,33.944174044463466,1
21.239898105517078,92.53995868608992,downpour,small,2021-06-27,153.9472949858343,0.8446158160733834,40.795907816511814,1
26.41217344417199,91.56466521704114,downpour,small,2012-03-01,54.46411216013336,0.7995628122265384,69.8516412713953,1
21.810071364262093,94.63019200075759,none,none,2011-04-24,8.912069651418827,0.26909218439721067,3.629729603167319,0
26.070897329966186,91.44341059773407,earthquake,medium,2013-02-24,2.7163946382636714,0.3750755329957921,66.71575564711532,1
23.652812750232727,91.46106214665473,monsoon,small,2012-05-11,139.36119488033913,0.5535009099437249,36.917929968795924,1
27.802986638393637,94.36900295489737,continuous_rain,small,2020-08-26,22.81784114390412,0.7981852564451763,65.40417817601357,1
29.918054036262063,95.462002983667,monsoon,small,2015-07-13,157.63086688756894,0.5076000699043417,29.4975429793249,1
28.560490563056614,89.24726781817229,downpour,medium,2016-09-14,173.6287423823239,0.5173815319467436,32.990258710123435,1
26.567356918019637,94.95839293153782,continuous_rain,small,2015-08-12,150.7882979535273,0.8153040570657157,49.174590943536344,1
23.114689788220566,97.74482701951966,monsoon,small,2012-09-16,108.11022794986286,0.6847627262858691,49.38247324797477,1
22.332477656489353,94.01310330269143,monsoon,very_large,2011-06-10,42.150316043041144,0.7921173328368203,60.09180911364012,1
25.330571580423342,92.97883916441006,continuous_rain,small,2021-09-17,140.68900133609085,0.8113618516536303,35.88400338957797,1
26.676494355460783,94.64039262740701,none,none,2020-02-21,2.5950963831204255,0.14770683312643623,21.368428445134544,0
21.127776904684517,89.56181817928886,monsoon,small,2015-02-27,189.83793773242485,0.9742441314402819,50.127037814782824,1
23.326326603324187,91.9679133231944,continuous_rain,medium,2015-03-16,22.245410232071833,0.9974086241981497,32.823354526703454,1
21.251846379296143,95.22705140694372,none,none,2018-09-17,13.223281072538462,0.07336836998617687,20.056572417492347,0
26.954135225681412,90.36849733434754,monsoon,medium,2010-01-25,175.76903964238184,0.9374640660070216,62.506574882474446,1
28.25229675160267,96.53395053810443,none,none,2013-06-28,0.37063004615981,0.16928832057158286,11.486485552131393,0
23.821776857200128,93.6236031449455,none,none,2014-12-23,1.8563720406225614,0.267737956399505,11.451245321954998,0
28.07360022776318,95.10417484775996,none,none,2015-05-03,14.155491887491138,0.33561775300318786,23.263135212218838,0
29.149810899705862,89.25784821627745,downpour,small,2011-04-12,153.31001332864903,0.761720387675334,33.001607780671435,1
26.774275177839428,90.14561391995078,downpour,medium,2012-12-18,34.236769642679064,0.5152402113917339,27.619521682165264,1
23.517900014416895,90.37138440956818,downpour,small,2013-10-18,66.8053850881628,0.5098197110783309,63.70329610076609,1
28.28072141616692,97.29671476075582,downpour,small,2017-12-12,199.84595795644088,0.9490837697841599,30.234045533278973,1
21.869637929666258,96.80188836485381,none,none,2012-12-22,3.066296932276699,0.3441176773141116,19.939801711319497,0
28.703974804953518,97.35853576213431,downpour,medium,2022-04-30,74.75371890032471,0.7751958901279612,64.41731510597808,1
22.756784142913595,97.11616424674499,none,none,2010-10-10,10.225371938849811,0.08281213219719735,20.761843442356238,0
25.784208925788356,89.99858873737062,none,none,2015-06-09,1.3081939121679902,0.3975154420378551,26.39236819067927,0
28.267182989378036,97.1736143610841,none,none,2021-02-19,12.280153436882873,0.36978536667256323,7.2678829466300225,0
29.208696637914635,90.04907959634734,none,none,2017-01-26,6.677429818647615,0.32851871554876166,12.96985822356174,0
27.905180249566747,95.87869523063979,none,none,2021-09-18,12.504967611277504,0.27953176860335177,29.106502828552536,0
22.829861202728644,94.21867097733711,downpour,medium,2013-07-25,80.35804151644518,0.7002422294553015,56.64417584110288,1
28.28028569952463,89.5400567164018,none,none,2011-10-06,5.576092171097295,0.14656775254156856,17.602301368242635,0
23.442171889049533,91.19955094567946,downpour,small,2018-11-14,97.91236468827496,0.8718580856143947,59.642391330436176,1
29.625324787874145,92.25137571219116,continuous_rain,small,2011-11-08,68.11114755246831,0.5133680423331255,40.83846957500289,1
21.785305789872307,92.96021788429705,monsoon,small,2020-06-14,113.56128141724625,0.6468540608156559,41.63808832598655,1
24.232202116603975,93.21073716735356,none,none,2016-10-23,11.902570423627648,0.05647818286913826,28.232174414258285,0
29.778658737551684,89.98525828077342,downpour,small,2012-06-21,190.76887095845834,0.8973291277087792,38.903123847372775,1
23.4606060609544,97.54292310815259,monsoon,small,2016-12-07,143.4102757793021,0.504614564691585,55.99686466362053,1
27.87207901079738,93.92894828995811,none,none,2015-01-06,11.954694600703856,0.02601133460718268,0.9588295896291332,0
26.46892685313546,93.87160503492831,continuous_rain,small,2011-02-27,57.968333078911144,0.66102723181609,47.51190818798447,1
28.10072132574283,96.81350296871075,monsoon,medium,2022-11-15,170.56604393715241,0.7606077635413726,59.2180417841906,1
26.38987861497116,92.30055915364993,downpour,medium,2021-11-21,60.74974803745185,0.5890359686828978,26.437679452884083,1
22.590728357583693,92.32104390529472,downpour,medium,2010-08-20,58.62593251865951,0.6384345823073614,53.22285160819204,1
23.08608859116541,92.55478487881724,none,none,2014-10-13,1.4511581721905287,0.2097261635336437,13.012964884333304,0
23.049881138057483,90.07097275681565,none,none,2013-11-20,14.434541956563864,0.37746750066470763,5.934534177461696,0
21.78572162534971,94.24602451257186,monsoon,small,2018-01-17,103.8558691903068,0.9556253416074489,40.32593874374032,1
21.011005049899506,97.78957425016524,continuous_rain,small,2010-09-21,90.78137072510393,0.60547903357811,62.44872539106019,1
26.601453401027225,93.97789963334162,none,none,2015-10-22,9.51250528911995,0.12824985461503968,7.905739644950046,0
21.117914747060073,95.86079859623504,none,none,2022-12-16,2.2874234211240956,0.1291530365381627,21.85302471118944,0
21.095260985659813,92.53243939039022,none,none,2011-12-18,10.711610254611351,0.1658165128210961,23.553890405852517,0
26.25968493491181,90.63129298588795,none,none,2022-10-02,9.906764518822218,0.23391211228468023,3.632038130283104,0
25.04156482751911,95.366853436287,continuous_rain,small,2023-04-18,127.85733346369202,0.9522383807137016,45.173422336542984,1
29.67670232134697,95.4783600766938,unknown,medium,2023-08-27,6.4943107587214435,0.5561816486982147,55.99113076099362,1
29.173008436321126,90.41288878219608,none,none,2021-07-28,9.511210647260674,0.08792514149670053,3.0980964501914188,0
29.6012219084411,95.96373554954572,none,none,2013-01-17,12.770107239055902,0.36163203960634427,20.38730331831665,0
21.849248623473795,97.14741434095161,none,none,2021-05-19,6.648804593776323,0.03425985538804004,19.772877933677957,0
26.869104415708406,91.60650146619905,downpour,medium,2014-06-19,42.760350472490835,0.8848236237652685,52.292272143102835,1
29.958726345423525,90.3250709883168,downpour,small,2022-06-08,97.28346339429474,0.7999768559046634,27.020155005089844,1
27.655614385120025,92.44817308147239,continuous_rain,small,2016-08-27,151.6546452288655,0.8594388207389354,69.08857481790014,1
29.03960529013385,94.11708239365011,none,none,2022-08-03,6.5053114855552785,0.16384572707642492,26.96273989028433,0
23.537679626014135,94.4197540691109,none,none,2012-08-12,5.824643367465862,0.34414898171294467,17.630386579764256,0
22.480520587680644,92.44037645372806,downpour,medium,2019-02-15,87.05480708294256,0.9275769475369171,28.86140301897021,1
23.919576621346835,89.22578910389612,continuous_rain,very_large,2015-04-20,84.61055594147513,0.9816961867541221,37.75521075537407,1
25.260723316841208,97.17595781910012,none,none,2023-07-19,2.451560853563961,0.234912443458374,27.68188231592305,0
28.23746477855363,89.31448038279437,none,none,2012-03-04,12.396961820991825,0.261880572236216,0.6755363387927771,0
29.811453160026566,95.31262836337879,continuous_rain,medium,2013-05-21,181.91531938104538,0.9405812784127612,25.321053777011105,1
29.450917529820757,95.13192381531192,none,none,2011-06-27,9.123641481965572,0.35958856517038307,7.733378500203054,0
27.69386779571605,89.79282291335431,none,none,2015-03-21,9.80212897308315,0.23047323917964002,18.120844010663497,0
22.497067099392396,89.25925088054555,none,none,2017-02-28,5.570515441963712,0.061048835449719265,13.753876676888328,0
23.924022216763436,89.3634476472494,continuous_rain,medium,2011-01-03,74.4499715536241,0.9562093877279093,34.12328776030476,1
26.238678106327054,94.17217337499588,none,none,2017-07-05,0.5306587264805057,0.34183143738892824,20.777254010819547,0
26.216842488076356,94.35100664074383,none,none,2016-06-03,6.665974666530644,0.14919010524862283,27.17828123975656,0
23.647956887247975,91.28090333921396,none,none,2011-06-14,14.955533187147033,0.06653148888831173,16.135667137767665,0
25.41412868317483,97.80449889217434,downpour,medium,2023-04-23,34.439144491515805,0.8139310064691315,28.361247288210944,1
27.560562178875628,90.69157627291519,downpour,large,2023-07-06,133.72631291574035,0.5416317240958801,62.02234038656743,1
26.661688031459267,96.60983913383498,downpour,small,2023-05-05,40.77400994597996,0.7828519572080022,48.34876722041564,1
21.276382510048865,92.14358538999183,continuous_rain,small,2021-09-18,48.083468261221086,0.6700173873861754,56.523860957550156,1
29.617057840651402,96.03891269822361,none,none,2013-12-19,3.7825386038385753,0.19204731335194386,28.4366246224807,0
29.18228684845667,94.49538670474772,none,none,2019-08-20,14.255081744601984,0.04251138541961122,23.557252340600076,0
25.76266456342075,92.88954091594668,none,none,2011-05-30,8.789133884518234,0.04325259887565158,23.72663137678277,0
,96.4394965967164,continuous_rain,small,2022-01-26,34.97307178881442,0.9627806696479506,56.175848819247065,1
23.31492234724548,90.78336514862168,none,none,2012-04-24,6.923439059290513,0.1732441306338286,15.068256866754492,0
21.470962330465074,94.29634014658508,none,none,2016-02-01,9.585216195844879,0.0825130734222897,4.225379939461433,0
27.412060008358623,90.65851355513969,monsoon,small,2020-07-31,120.61280864947179,0.5840423165300188,35.715817627494076,1
21.57100396173101,90.55345629374484,continuous_rain,small,2011-06-17,69.26773930168223,0.7809699969076713,49.90642110967178,1
26.058065171358614,95.97399298153648,none,none,2021-04-09,6.079911022688073,0.38371969019636337,13.536390533779473,0
26.848935132333096,95.34991515633344,earthquake,medium,2015-10-14,17.899613735224815,0.3978473101865725,57.502506109688,1
23.796828343963217,91.09081861857238,monsoon,small,2012-01-31,114.79165191288799,0.527287377961358,36.76453649483274,1
29.136777340771275,94.50710491368216,none,none,2014-10-20,6.166460398351811,0.08250804697794663,11.573355677627697,0
27.792500668250153,96.4777863499051,none,none,2015-03-16,13.588453487047998,0.35281648349178757,23.31976765519924,0
27.555157382202992,96.73955335303891,continuous_rain,medium,2020-10-01,99.11422019518501,0.9745958184917164,46.034883189039746,1
23.219136767143937,93.52761470451638,none,none,2010-06-24,11.68771700956401,0.2927451943543335,9.220133634481302,0
22.709815156981364,97.44694358970187,monsoon,medium,2021-04-06,114.18790578425549,0.6974167368886232,27.42902071143061,1
25.175738439619177,91.2727805121563,continuous_rain,large,2020-03-04,191.43061509438036,0.9410969071714476,50.93863301255189,1
22.366388377225192,91.61820542664891,continuous_rain,medium,2023-03-29,166.61127891368687,0.782271145726646,64.93425366473868,1
22.031920659065296,89.93853844235895,downpour,small,2020-12-24,199.18947162218254,0.9087225318760503,40.01279055393643,1
25.54156189291026,92.50086359171105,none,none,2023-03-13,0.47989794548793596,0.10099753082058914,3.3206809418074346,0
25.02909786352766,97.88832273833154,downpour,small,2010-12-03,185.68885220793263,0.8493221276642138,68.49907180048854,1
22.5460357116832,89.096377247468,none,none,2011-01-03,10.158530335530882,0.04465600225151403,4.616042107132588,0
24.110531055040152,89.73254422358829,downpour,very_large,2016-12-22,36.65514025274891,0.9766228017900616,36.46973480257667,1
24.413988381347977,95.24272859617496,downpour,medium,2020-04-08,33.46419814407071,0.557648111056631,50.73334960898002,1
25.594995355637828,90.64334260884472,none,none,2014-11-02,1.5753692868162346,0.026171283383323155,17.8424903191103,0
28.298436028756086,90.12091232599123,none,none,2020-01-09,1.6497658296024953,0.23678282595731615,23.418491678777738,0
28.150216373344037,89.9062906861444,downpour,medium,2016-09-29,160.9450128147527,0.9713892545189422,56.1557756407141,1
21.867872419336738,92.58851719873964,downpour,medium,2023-09-07,151.53475869160616,0.979712557381587,55.379617464380374,1
23.001537710389194,96.0811634230219,none,none,2015-10-21,8.468137544785876,0.16169250436760968,11.918385895899455,0
26.183460647028518,90.32232813998208,continuous_rain,small,2016-01-14,158.6462039826123,0.5283529710627204,47.26195919121212,1
21.464321753958142,95.31858015976916,none,none,2022-12-09,13.778706190955596,0.1165637957460612,13.328706688120919,0
29.480386345088768,92.89771543995056,monsoon,small,2011-05-16,185.2208603075799,0.689999198569315,66.62035299093176,1
24.92385354604058,92.97411884477427,none,none,2011-11-28,3.7818925256879132,0.02621253479352168,17.245079356509013,0
27.7683577667936,90.46583364309586,none,none,2013-09-30,11.605765696443013,0.207143065635973,22.56423360633553,0
22.949171217771713,91.60990924125312,unknown,large,2010-10-18,13.478751401054708,0.4290661528889085,59.00283199840045,1
28.842896882617588,97.5044835350273,downpour,small,2023-01-20,101.08215034733257,0.5388856144792259,55.216077041668,1
22.358679274416552,95.59658378349047,continuous_rain,small,2015-09-14,112.15384594491523,0.8570785888265811,68.11751744562255,1
29.8026946138001,97.24065109674703,none,none,2022-03-21,4.3941831208307915,0.035962592710103845,9.693042301901064,0
21.846070606005792,97.01667862684354,none,none,2017-11-26,14.733119291925615,0.2964849265554061,24.27657674527555,0
22.754849342475136,91.67922540406013,monsoon,medium,2019-08-26,112.08383707357835,0.6255664707726523,31.929098237157525,1
23.271678896723216,97.09553863413977,none,none,2015-02-21,10.336622322466203,0.35185982781900377,11.034459586219356,0
24.994398458563296,89.6858555098034,monsoon,small,2013-12-10,56.08482596531613,0.7288982989387017,36.44057615838291,1
24.983897089177958,89.54302695498484,downpour,small,2020-08-03,183.55831424713696,0.8629341822316619,57.013231817543286,1
29.44054283067525,89.3179876611087,monsoon,small,2018-10-08,189.35248999376466,0.7751489335697148,68.34325125088921,1
29.303448499186693,89.87119553028079,none,none,2018-02-13,10.536428935526006,0.07518029193629268,27.600757139007573,0
29.767970631459125,92.39663213489094,continuous_rain,small,2014-11-22,187.22047984261957,0.5844676758876164,50.53347731211322,1
29.679180882913215,95.76327240268199,none,none,2023-05-12,0.43809614685267784,0.014367251464390796,18.192132928396706,0
25.832041849967528,95.6921392768485,none,none,2014-08-19,6.802191165863448,0.3602469747523596,22.69029063906527,0
22.98794426047107,95.61265422374554,none,none,2016-09-10,5.262510864938951,0.057823563590483046,29.980717211614976,0
27.28496026431448,92.84203193464846,none,none,2015-11-11,7.203533751894745,0.11627055711862809,24.246733684277398,0
25.216000744686315,95.3670417373347,none,none,2012-03-08,1.2669754919632887,0.08498234539057288,29.227149461701934,0
27.784171697328937,94.01257404921317,none,none,2015-06-03,11.065223534609363,0.2505914584459162,13.54065251485063,0
23.42873780866244,90.48845009581159,downpour,small,2021-08-01,76.99431556011108,0.8738212063028501,64.7898013306972,1
22.221117123814025,95.96802313467389,downpour,small,2011-11-05,114.18378206429523,0.7101809610444376,60.53285404233665,1
27.555774331676112,93.9949472719422,continuous_rain,large,2022-11-10,27.549032023573027,0.8690112974051658,65.5110750311153,1
25.79716125284962,90.31599221556058,none,none,2021-01-10,0.7714743092914844,0.08249277407018818,11.322856951655103,0
25.317127550320578,92.82675269429376,none,none,2019-06-27,7.583010644735669,0.3899738323030001,26.928050084519658,0
28.351010778879132,94.65893936803094,continuous_rain,small,2012-09-25,27.266833709974016,0.9962677077778342,49.387639261259295,1
,95.92502308890963,continuous_rain,very_large,2023-08-02,50.113370710778014,0.9208127520895351,69.43041007908359,1
24.677886956514875,93.23775046758443,none,none,2012-11-01,3.3834063037429174,0.30576849752312296,29.82039445398585,0
25.943680520177118,92.05905189855693,none,none,2021-11-06,1.7435850918745877,0.13369832074119323,24.046017817938598,0
22.65363995958727,95.75764100711928,downpour,medium,2012-06-23,186.91099369187978,0.6950672880065707,44.66548385377903,1
28.620697444107886,91.17344270639579,none,none,2019-12-09,1.5855447181361826,0.23346848050947627,4.608678960848415,0
25.884618188214976,89.2480038231999,none,none,2016-04-15,0.15607213764553984,0.35832260589487397,27.856126576598445,0
27.37323097660388,92.17107582190783,downpour,small,2013-11-28,133.09900543824165,0.9329128071783397,32.32528835468908,1
22.344485487297078,90.30894680408761,downpour,small,2017-09-04,105.39928065700535,0.9328743188628189,68.94973976979567,1
26.201321136098183,96.53354698669432,monsoon,small,2014-08-12,141.09613090454303,0.8440359380860705,50.37705659630938,1
28.420850289185285,95.57111554879356,continuous_rain,small,2015-10-25,128.5696626246626,0.5582644378508845,66.17529805050305,1
22.597692671249046,95.22651299942191,downpour,small,2019-01-11,185.8902459130719,0.5570151651971877,55.835984909557254,1
26.65083800111215,95.45734544545913,none,none,2019-08-28,13.25707351690525,0.3227814839314441,23.051620717338707,0
22.33983311219516,94.0294343093882,none,none,2013-03-13,12.733014807931337,0.016352642505795646,15.027848967894812,0
25.819966798059024,94.63919648604374,downpour,medium,2021-09-11,165.7427370812783,0.7877387463390377,60.86572145206185,1
24.30711801569463,96.63226158768556,none,none,2019-08-06,0.027785760795595027,0.3490339803852332,13.1353062550118,0
23.873177951729595,94.65774121568472,none,none,2010-11-19,5.896315899805478,0.17159229230369652,24.859316227613025,0
25.754226454981797,93.83421795857963,none,none,2016-06-12,1.78288452852282,0.35068403211839255,25.225811791860558,0
24.398392730101662,95.77948493280282,downpour,small,2016-12-07,199.5441120970049,0.7494165836556891,37.429748382193466,1
21.444923695809237,95.65363628341663,downpour,small,2013-08-06,133.8417836108578,0.9656136222553173,58.297145076668805,1
27.28685679301405,94.0092327580276,earthquake,small,2021-09-22,29.913504394531323,0.21815921357022627,54.068372977038095,1
27.48299530801786,95.55165950284974,none,none,2013-02-15,2.9503765817025562,0.04816826618303658,26.172986842577302,0
25.531945906523585,95.6462059403201,none,none,2016-01-28,7.343187582801807,0.2149516566872287,4.3246485574106295,0
22.69876734808201,91.75713374279374,continuous_rain,small,2010-09-03,157.05103375957066,0.7724633097907322,48.953220247989194,1
24.226555913543095,91.8460872684594,none,none,2013-07-23,11.462904994103921,0.3626021999867542,8.848044605050019,0
28.137554183375574,94.12659704456989,earthquake,small,2012-06-06,17.779940404593965,0.20698680892849286,36.79955581952647,1
29.12913501607389,90.82749118840444,none,none,2021-12-15,2.4065502597048276,0.22602939644951348,2.671346790806867,0
27.664693746333462,94.69769430744955,continuous_rain,small,2016-08-17,138.3901677738824,0.8692946889773767,32.068532340240694,1
24.789574842746482,94.11614969231027,none,none,2014-12-11,3.2749932526059125,0.15886104475123455,15.09068919196555,0
23.139203928672735,91.7480157917984,none,none,2017-08-29,6.110519629940378,0.025010624640830592,10.398750993054227,0
,92.7225177951736,construction,small,2012-08-23,26.664086286833616,0.3598881213517681,36.07244192406059,1
,90.73276636918956,downpour,medium,2021-01-17,81.42078438350686,0.8762451888670133,50.39752074362648,1
29.313263971186792,91.32981680655911,none,none,2022-07-03,12.048553839474305,0.29274560597378047,9.912077527554377,0
21.718225552759733,95.9716869082587,none,none,2014-10-11,9.512560263355319,0.138017314067194,4.992772855782751,0
24.505597624944887,94.87629454792139,continuous_rain,small,2020-12-08,143.91705866296732,0.826842429872615,57.88047235217088,1
28.97518788961638,91.92684408244011,monsoon,very_large,2010-08-12,35.18615574070296,0.8336969284815496,40.26173694157565,1
23.380069378274936,96.48970865219236,none,none,2016-08-28,1.160629017871004,0.3002040897928244,14.58731938974887,0
29.097886950443623,89.13930732793267,none,none,2022-08-25,11.571155099688188,0.11249524227539186,20.996227334596874,0
23.748822447129395,91.47176863345913,none,none,2017-02-08,7.3163685143594615,0.043395468750799186,2.987860947729609,0
22.64829730864305,90.24323747167861,none,none,2010-01-13,12.64967780147427,0.004074630498889987,23.15522309360851,0
23.205851461310406,95.69679379447763,none,none,2012-12-15,10.270045151048445,0.08914155739244199,24.08750268086586,0
22.998572554395665,95.23248971025728,none,none,2019-05-27,3.1681098521934374,0.08786903646202404,18.604863023164715,0
28.119792922964358,97.63281175526596,downpour,small,2022-10-25,24.149138657202904,0.8383597224331492,52.389040847259736,1
27.288802019734398,91.2279805909058,downpour,large,2014-04-14,194.19464412514372,0.7369546269537577,69.04689904709166,1
28.465045929856487,97.18721217698513,continuous_rain,medium,2011-08-27,88.68504035976922,0.7363270461051341,42.70159033528634,1
23.611007945490293,97.0337295314972,downpour,small,2023-07-13,138.5310951122915,0.9252579848834823,66.77646550264103,1
28.413136716551985,95.12085128475962,none,none,2017-03-27,4.513864016962084,0.3733035087538555,26.46160753467358,0
26.697443000169848,94.13285887214349,none,none,2011-06-03,8.134104380038462,0.04975530956215386,27.655597550686483,0
27.50057353677795,96.79302680921482,none,none,2010-08-27,3.158102764873701,0.09095381252718085,12.01247514461838,0
27.245350960198557,92.33632715633792,earthquake,medium,2016-03-25,12.271753219646435,0.2639180345328301,61.14545519110412,1
27.362022897177653,93.2075905210335,none,none,2014-05-10,4.258725528442695,0.04948163793038014,6.027732237692236,0
29.33063786984917,94.5580678067179,none,none,2020-06-28,1.28758932904798,0.09414474332236736,0.2544316171197003,0
21.52648754977271,97.13424876396245,none,none,2012-02-20,8.789421088244488,0.1958322021056918,2.711272227768525,0
23.939857935279882,95.9389163726251,downpour,medium,2013-07-18,85.32744275080229,0.7791569757257704,49.92911713263693,1
25.095516184079813,89.5277720981255,downpour,medium,2018-12-05,56.29146673287953,0.9244239909385882,40.647809685860054,1
24.167785476393288,91.65132595702899,continuous_rain,small,2015-05-17,69.68675377046411,0.9126815299913358,46.859385718022736,1
27.34213057972378,90.28540248987065,continuous_rain,medium,2017-07-30,175.23376285125545,0.9314746614890508,69.22437193300283,1
21.357276017294208,92.40603251796864,monsoon,small,2012-08-04,154.44657165896936,0.6469836236705745,63.63288310355629,1
25.38623394813327,92.44431252044429,none,none,2021-08-20,1.8479798149888254,0.20144393845079414,28.42478864376203,0
29.48433631255039,94.81663201434667,continuous_rain,medium,2020-09-25,184.90814644033915,0.8006216322728182,52.272873123395705,1
24.076589653192634,94.45186971445474,none,none,2012-11-11,12.687727456644962,0.22085866765586448,25.121717919484567,0
25.286081391908947,96.71068200560765,monsoon,medium,2015-03-10,59.90578465766934,0.5047420424320799,66.11068013704718,1
24.20083891114956,91.29945303095968,downpour,large,2017-07-21,157.92999195552494,0.8666306553313,53.89737232469302,1
24.28935325932798,97.46785530637905,continuous_rain,small,2015-11-20,186.12117653620444,0.8322335225817572,51.24142200426884,1
27.684291532124664,92.84245376130157,none,none,2020-12-28,11.995015683459325,0.3313306316556993,2.1204383645052083,0
25.707022981754804,96.4573098000069,none,none,2012-05-27,7.727072655606433,0.32215861054065986,19.724193677557487,0
25.558690448761254,91.95402398345144,none,none,2016-09-21,8.95874502631308,0.3503498489116488,7.981087214482306,0
27.096463918605966,97.4074072995252,downpour,medium,2017-05-01,122.6633186026375,0.8686037460938758,32.65281793196087,1
26.81386738094767,97.31888191567516,monsoon,large,2021-05-08,69.01512569736735,0.7703990595355172,30.404290377088216,1
23.75623419067252,90.28481822476253,none,none,2010-01-01,5.0729498929352514,0.2599154985904272,23.975402807813587,0
21.841460195473793,96.78542483869808,monsoon,medium,2012-10-01,119.36405412075707,0.6693867206755918,46.50601250665117,1
22.858156343096002,93.03034001731547,continuous_rain,medium,2010-02-27,195.84116128917444,0.8043746268527419,34.14246782807888,1
26.787967935509513,90.08371226879414,earthquake,medium,2013-08-21,3.0671522879584123,0.2575957892774009,46.198475287581694,1
27.53343486464511,93.21834599712572,none,none,2012-03-10,9.72231287558031,0.32187005050962425,20.323304341525876,0
22.180386677798335,94.3651348103887,monsoon,small,2023-01-14,188.22646119960697,0.5276827615224045,51.29260173631182,1
23.46984870491791,91.05163822418697,continuous_rain,medium,2020-09-30,152.64455984470888,0.5647796430829441,44.072761810201776,1
27.215398781587822,91.99616788220489,downpour,small,2012-03-07,64.2460426501139,0.7468939109763614,52.180566064823054,1
26.53527981300858,91.1574774361567,downpour,small,2023-07-19,130.41134951159222,0.721330614131866,36.714056110258554,1
24.797701361623453,94.86591937607128,none,none,2010-12-23,0.8128874171653155,0.23061592826431387,29.198927835543046,0
29.60923629357918,95.5941538005328,none,none,2023-07-23,13.61493492504144,0.2082803599778963,26.025391596232293,0
28.635097323580318,90.27176773262998,none,none,2020-03-07,9.49413659205539,0.3574344293600709,1.9126332985153716,0
24.66385841710574,96.3210698285554,none,none,2015-09-07,5.79261913623995,0.258497565470348,8.535332378861803,0
26.434192133545643,90.6412505135688,none,none,2011-02-01,14.637497428414946,0.0604834547826584,26.512894319823225,0
21.625981959632337,90.57640640759176,downpour,medium,2020-11-20,67.29405023151818,0.5042759557103631,29.874327792052743,1
24.65399598844798,95.6388259201103,downpour,large,2013-11-02,79.87307923729566,0.7801858737934176,64.51459359396671,1
28.56662075474282,92.75031407938494,none,none,2010-01-20,10.915739163562142,0.2301270086561505,27.886008798388744,0
24.43836106111758,91.39630304070872,none,none,2013-02-03,5.181642918615195,0.013365386936034352,25.37661090724297,0
22.472198403373362,95.39044817998455,downpour,small,2019-11-02,126.51656635939788,0.8360565105155613,29.616380194157397,1
25.672220356750177,90.68037061072165,monsoon,large,2017-04-21,93.65084472553713,0.9273174485493549,49.01333388518957,1
29.639026241996643,89.59240531143868,none,none,2010-09-08,5.89753853265057,0.009793733786034054,17.51841035230167,0
28.272109825255704,95.27580914593193,none,none,2017-03-28,0.8814784974234219,0.09144896234642995,2.3324104764574907,0
21.844737643555263,90.88402692835963,none,none,2010-04-19,12.24849008046366,0.04654357982072868,16.207314414684546,0
24.65522480990585,89.73315817513837,none,none,2012-02-06,3.9697441351647518,0.14310154746243448,18.056206051524736,0
21.354979066811747,90.02022201194768,none,none,2018-08-03,14.730653176876794,0.15538627836140081,0.42707357659978906,0
26.629342317701717,91.83075656307335,none,none,2022-04-11,3.2315221315728184,0.3797284596231272,1.419463804759925,0
28.142235962345328,96.67514381663243,none,none,2015-01-09,6.264058186633694,0.050191573504134813,17.945627946880702,0
28.338306037567925,92.1670676617298,none,none,2014-10-24,12.766820916639189,0.3677708852173993,2.419990852929449,0
24.068223343005258,96.56788685014672,none,none,2013-01-28,11.025260831146987,0.10475309602268168,4.035527325516065,0
29.488758828232967,93.91412716535787,none,none,2011-04-26,6.601650051442334,0.298473935315258,21.59564217643987,0
21.85433190637218,93.35381326419244,continuous_rain,small,2021-02-01,87.12591145650323,0.8173507658925616,26.017114232442438,1
22.268668849754246,93.59062894273137,continuous_rain,large,2019-10-08,46.62945270738431,0.9914480956685818,37.95382944379482,1
23.262682888027506,96.44986947013061,none,none,2018-01-16,2.45397565657529,0.33442418268932395,16.571409865190642,0
23.68475938982475,93.93570264184055,none,none,2022-11-07,14.297555579361992,0.1914517811240952,29.567721228441776,0
26.18971355040326,92.43878008393561,downpour,small,2023-05-16,172.89334159247036,0.5843433476014851,68.98380172569301,1
25.995906473753465,97.10793166477441,none,none,2014-12-31,2.143155380774189,0.10825563989753234,22.083408772898707,0
22.929358645414336,94.00166387391087,none,none,2014-10-10,6.457829069143433,0.33129778180962755,6.890706115239324,0
26.37812144002735,93.23877269483349,none,none,2022-06-05,7.307456821246877,0.3892904063924583,10.411492863140856,0
26.77710841785437,94.23637882622616,earthquake,small,2023-02-09,18.95090307938136,0.2124477696362178,68.38122312257562,1
22.127832100823888,94.86663525637799,none,none,2021-11-20,1.5317452932868836,0.32537806014895637,0.9188054984600047,0
23.27685185491902,94.89587009885342,none,none,2018-02-17,5.693998977008769,0.35635821245590393,23.50801413191523,0
24.257062322200618,94.94346605327078,none,none,2022-10-26,11.178362373768651,0.046850706435124546,1.0089039553432644,0
22.407756434415457,97.07469998397045,none,none,2011-05-27,9.806540719409313,0.3657893292816567,16.658856059312733,0
22.032798771261078,94.52572220612184,none,none,2020-01-30,11.845860147906725,0.044071188687295405,14.64321395277375,0
21.989673695230273,93.732854825558,continuous_rain,large,2017-12-31,137.58307154281084,0.8172653958696501,64.18318988057858,1
26.306233310967528,90.82357188163967,none,none,2020-02-01,1.581857854301647,0.14931646696966147,8.60032692793839,0
23.263639734253477,91.76078512874201,none,none,2019-10-20,14.750352890557163,0.08128735681120346,12.90419614678495,0
21.236488476805274,91.21264135865263,downpour,large,2022-11-26,118.69154079119016,0.6918045312632768,33.54756937379962,1
21.62047385858195,92.00431083195272,downpour,small,2011-07-07,63.71387218324359,0.5551150717076676,62.54160452227409,1
27.947194480327454,96.90857585366956,none,none,2010-08-18,3.202358744549176,0.1263150514590241,14.81078758302271,0
21.488673488289788,97.95228925429082,none,none,2010-04-13,10.426097501985153,0.13405487891024978,2.6387325201349423,0
26.905460583918646,91.64254736385345,none,none,2015-12-06,12.976372517879238,0.34912672038255,25.60936286582073,0
23.90495879579653,97.1785844483824,downpour,small,2014-04-20,195.9133578179952,0.5077850783881823,35.31930142692035,1
27.480096221630028,93.89651281985556,none,none,2015-10-10,2.677060966115556,0.33709903963951476,17.611162392387627,0
26.288466427508656,92.34348729558772,none,none,2023-07-22,9.571222589732487,0.05120704965669867,23.32002830794758,0
27.137818217694942,93.43640599428262,none,none,2016-06-19,1.132300441116059,0.3642498258962639,23.841675604308815,0
21.29678291630845,90.82494099695374,none,none,2010-11-30,11.648924097945601,0.21639730892013065,29.919696773811587,0
24.982706995082953,89.82237174503466,none,none,2013-03-31,6.410723781105743,0.18726923735619275,1.8663146527360608,0
23.037347276843704,94.2830613687223,none,none,2018-09-24,9.786373189096334,0.32031988131469785,13.536203774349513,0
29.01110482086738,97.57566784390714,continuous_rain,small,2019-08-17,59.54860627914428,0.8013043857734814,25.670728820086104,1
27.977343387224305,97.9412752859062,none,none,2013-09-11,12.213886943226374,0.24937358980032204,4.392069389158571,0
24.170581389374412,95.70920727355721,none,none,2020-11-08,8.842242056523633,0.21144201295369836,15.445221087810264,0
28.31873353117927,97.49966602367505,continuous_rain,small,2020-05-17,28.417152450541074,0.9295741159574347,52.153546384443466,1
21.57713326850982,97.60254090148693,downpour,small,2020-04-15,192.71475019758927,0.5367115515992581,49.566334469613466,1
26.472639224358772,92.86356740266126,downpour,large,2021-04-03,71.38659670029315,0.6742456463454114,63.555295407175414,1
24.99620930473172,94.59240771020445,none,none,2010-11-05,10.48197552972027,0.29707241312193483,2.847375948639639,0
23.2782093683642,96.10914210021873,none,none,2010-10-18,2.233979680885951,0.19690624964766743,5.302627781039934,0
,95.88884772516352,continuous_rain,medium,2022-09-06,75.33739271914776,0.7051086169363681,46.65335059810142,1
24.3731743258868,89.38932280843689,downpour,small,2012-11-12,69.73074673893912,0.7428203461385378,40.1548038405081,1
23.195108588540084,92.05411910786167,downpour,small,2017-03-21,56.89832654932126,0.5811056432564541,25.37166514584105,1
21.908440088202898,97.87101454490966,none,none,2017-09-15,2.9828472635405348,0.24088750411100973,9.679390662537742,0
25.739999357273305,90.27183845193612,downpour,medium,2019-02-22,81.51966867277993,0.8536177942545801,58.949416271301516,1
24.906113799068294,95.9130588585958,downpour,small,2023-01-04,187.70545881869086,0.9137895929852179,61.26962328907741,1
22.680232487092894,92.25125175470194,continuous_rain,medium,2013-05-31,184.56070342738778,0.8722328280898031,26.40713950801604,1
27.93810655855452,97.13218730292465,none,none,2017-10-03,3.384339500333353,0.20198838846745082,10.519258629502822,0
28.29019689506565,95.3228187462091,none,none,2023-06-15,6.685877277689376,0.12676365065554826,10.980342848614171,0
22.190519951055215,94.75916436089427,monsoon,very_large,2015-12-08,63.78913328762148,0.6777266306811776,26.47853709729311,1
27.528584322457466,95.09443013333734,none,none,2013-10-22,3.875947135696535,0.19320303920074539,6.269198949431955,0
25.748773204310258,92.50106253409527,none,none,2019-09-07,14.649371797464354,0.046382291048264614,8.848913564837645,0
23.774676757682176,91.7684001515642,downpour,very_large,2023-06-30,162.00014520694646,0.8163590653821294,46.08603768953405,1
26.617231086843308,92.48974842926013,earthquake,medium,2022-01-22,12.1893230876745,0.4562970569279509,57.634491242565296,1
21.9489247101664,97.49557022152892,none,none,2020-10-27,4.075688375006859,0.2489454659960746,8.026140610449836,0
26.897857942971356,92.22842349164345,downpour,large,2012-04-04,162.85074513427324,0.81231923502488,30.196863045557134,1
24.090249976672446,93.34542828762741,monsoon,small,2013-09-23,163.1259993896111,0.8617459829907819,69.05194563584084,1
25.592377653426702,93.48858203684175,downpour,small,2015-11-05,93.87443137276303,0.7049167624813999,38.86261762274029,1
21.155985798465792,97.30463828689211,earthquake,small,2014-02-08,15.511709096176281,0.4228834879774782,28.174063010104888,1
24.266393961351696,96.66512219654147,none,none,2022-03-21,8.281333929840267,0.168921484769609,1.254485388883062,0
26.470666800642956,90.64534028018802,none,none,2018-01-02,4.722757816760307,0.20846522486756577,12.47508673152991,0
23.411545289043467,91.00445554779535,downpour,small,2011-06-17,191.32359037087977,0.9887105573900816,61.71387967335664,1
26.293176382843786,91.17550656162193,downpour,small,2021-06-23,77.8090820984647,0.9030856715036297,58.884292152228994,1
28.80474000082879,94.32841480004991,none,none,2016-01-16,6.218272460779523,0.04038533522158834,20.74469135844236,0
29.8586218553899,95.83715114688854,none,none,2017-05-01,11.07785952921828,0.21011752702684972,20.91499530357252,0
24.316172573947746,96.45007333939455,monsoon,medium,2019-02-23,79.60996773424766,0.909595792568703,69.35533849145968,1
28.870946474279283,89.75550121619715,downpour,medium,2017-10-30,60.95020660715156,0.5582826729209942,46.52497916981551,1
27.92422250810999,91.5769589832751,none,none,2016-05-19,6.9983001194853784,0.2547912441124226,11.296537824207348,0
25.44635586134023,93.47419731061107,none,none,2015-09-20,10.35738939115554,0.3549194940225877,25.619927966385372,0
25.735320111421796,89.14253282677113,none,none,2013-07-10,3.4702064895449687,0.29633363382373584,25.64624484940366,0
24.354315447928624,92.41778801362871,none,none,2012-12-04,12.44921200137991,0.3191687610851017,16.368230753315203,0
25.221283274738322,96.75444629577062,downpour,medium,2011-01-12,137.82009260303198,0.7712354528533976,51.88996760263991,1
23.684696734113544,93.8447012945998,monsoon,small,2012-01-31,113.4050876179328,0.9265740989549787,38.47650101786102,1
24.11649579373239,97.63189793857734,none,none,2020-06-29,5.199313581452008,0.08046170539457043,23.648413528922852,0
22.743278271635887,94.91250268098158,none,none,2012-03-04,14.774716917321966,0.07924736137492579,28.937018467024004,0
27.960691045211675,89.7094476254485,earthquake,small,2012-11-14,28.934286699796676,0.28451635959284405,40.55922722193769,1
22.36676194104808,94.01397355095772,none,none,2020-01-14,7.685238832011267,0.3200827814369718,1.578677633833232,0
25.6421856842257,96.08680377664001,none,none,2020-08-03,6.888644048618696,0.39198974190934444,10.983539677951924,0
28.382187548601188,90.53514815830816,none,none,2022-02-15,10.052640278525786,0.015689875511044706,16.044278949852806,0
,92.74209095470867,monsoon,medium,2022-10-03,60.0998797461981,0.7006619167179715,60.08262823056035,1
28.064020586076666,91.23546223713214,downpour,small,2020-05-30,154.0761050089783,0.8944181453987823,51.66587822938371,1
24.135714438082246,90.8624728880748,none,none,2022-07-05,0.2106385465705296,0.38624853978457363,9.065953561031183,0
22.530210281056437,92.63734571327558,downpour,small,2015-01-02,28.108043674900976,0.8636970607760452,57.95482152595848,1
28.819306507885457,95.10607136969689,downpour,small,2014-09-18,116.14881279318828,0.6803207577918797,37.59133331242147,1
23.666451663285127,90.83309517402893,none,none,2015-07-19,2.649620062877773,0.39944350574605136,22.375785278384885,0
27.30520791971194,92.28950909501265,monsoon,small,2011-06-19,72.44407471297654,0.8142358905935514,69.17845210448178,1
21.2288173428282,94.46302950292463,downpour,medium,2020-07-12,138.18486205954196,0.6714367607095922,52.18389495354143,1
27.655806777412884,94.83387788988944,downpour,small,2017-10-02,141.00241405583444,0.6777418012401442,57.126183355986335,1
25.165429139168022,92.15761907559526,downpour,very_large,2021-10-01,193.7513236633982,0.8109512315019662,39.035152226378514,1
23.34041577080747,94.10349033652392,none,none,2023-06-12,9.927459519736118,0.3357124341524833,7.759523423136855,0
22.88058381822849,93.61240805272283,none,none,2017-05-20,9.92304589696717,0.04324036838967147,1.196710095910677,0
27.55924557502626,94.23481203782418,downpour,medium,2012-08-02,139.2794916247891,0.7202833311885624,63.20618164734637,1
21.852433262766773,97.79655721368458,continuous_rain,small,2017-05-12,120.62359255793461,0.5666048122472148,45.585286696800694,1
21.37062883092425,92.76675470717795,downpour,small,2022-08-13,199.00927339274037,0.8847886399567875,51.44445995821235,1
22.147510249824204,93.63754204967427,earthquake,small,2020-04-13,22.81341988533786,0.5147801282390789,41.689090005239265,1
23.702339077859016,97.78259337742075,monsoon,medium,2013-06-05,124.44614032814954,0.9473152890960157,68.73074985873151,1
25.107806686977817,91.09326648252592,earthquake,medium,2019-10-16,10.539944541972734,0.46520459971023637,63.69586561150884,1
21.795502955782055,95.95502395464698,downpour,small,2015-11-29,38.31283274059344,0.8682829152698648,58.520237178026996,1
24.04643340674089,94.71755001022626,downpour,medium,2021-05-19,135.02769145118782,0.5387282171721226,25.696268903592035,1
26.399195655669416,96.07577489992666,continuous_rain,small,2014-11-09,140.83436690762142,0.7568873415508466,56.784358563053644,1
27.210605749172263,92.26088448197174,none,none,2017-06-19,12.12642028333198,0.13011267054919815,2.2524814549268446,0
22.13514248521088,90.22171505188197,earthquake,large,2023-03-22,21.938959350741097,0.4898842865885494,64.34181768009883,1
29.14792392857164,95.52014161719552,continuous_rain,medium,2020-06-07,176.55249968410843,0.8583493162282243,34.4309934090604,1
28.42550621676358,90.89984203071273,downpour,medium,2014-02-17,89.46266474337139,0.806494348123713,59.1555244503828,1
26.31106016011217,89.3646071296236,continuous_rain,small,2012-07-28,30.80947911978859,0.7410633658823005,29.082669695302087,1
24.51361242891862,94.93605386538312,downpour,medium,2013-09-18,45.695589070378304,0.7911396764605387,59.81805101406451,1
26.95247245575503,94.65529292312655,none,none,2013-12-04,9.289808589352555,0.0797130863155219,13.650411493343205,0
24.751785212185116,92.0849067908969,downpour,small,2017-12-07,154.32245783425685,0.504655127203993,27.1382888287811,1
25.712772574583163,97.53064092766832,continuous_rain,medium,2011-09-08,141.25794169798485,0.5932688642095196,30.216814573585815,1
23.782839929975644,97.96687824301732,monsoon,large,2015-08-22,26.802934508855117,0.5985378639218131,44.567246166002356,1
22.549613156312663,97.20248728172118,downpour,medium,2010-05-28,93.10263950036186,0.69753358645524,57.2403965263244,1
22.751437812658345,91.57538169760014,downpour,medium,2017-11-06,163.70808084017597,0.653913295650618,65.55358972029659,1
28.149684796785056,90.10780668621861,downpour,medium,2014-02-21,177.4356211536673,0.6138997358611457,33.07474014625203,1
28.473900863303726,91.56200708445382,monsoon,medium,2023-08-16,74.12300012268184,0.5613671049168791,65.2871648283961,1
24.932418854870342,95.12417234747821,earthquake,medium,2018-11-05,2.2519183137908314,0.3027467727349743,69.54020074894689,1
24.84095640628128,89.780008190002,none,none,2016-07-31,11.325382882300882,0.23369550991868526,16.703796262905833,0
21.966212952201577,96.17492765064671,none,none,2023-05-14,12.18696227155306,0.13777260606651148,27.82903016299473,0
21.12167042040666,91.24156190666326,none,none,2017-06-23,1.464782272000642,0.21646780425031376,18.49002821147916,0
26.140213949377706,96.09774998495595,downpour,small,2015-04-26,79.80686319129097,0.7810340114520073,47.739402662434145,1
22.302891601457294,94.58862050406803,none,none,2013-04-10,9.47215671914406,0.38574029180438935,7.982505260157113,0
28.294617735160887,96.43451796287961,none,none,2018-03-08,4.271897465242201,0.12658555347297723,0.9185667546070808,0
28.37645699855171,93.06052372782429,none,none,2023-06-04,0.7475061131006083,0.0005940962978840059,15.253701050415575,0
28.756746258261607,94.02126355393901,downpour,medium,2015-08-02,52.11272922942568,0.5263479109424687,38.05310282162386,1
23.135196959908548,95.02767598856062,monsoon,small,2013-01-24,23.71170173928881,0.824376290926843,32.01836415685404,1
25.297138723306738,91.05337818036391,downpour,medium,2014-12-09,79.82909006122549,0.9646293951425696,36.01839219389179,1
23.830632011478237,96.6029034803442,construction,medium,2022-04-23,29.98777480711414,0.5914462993779441,41.990546334719944,1
28.93850393098123,96.13697866744384,none,none,2012-05-25,2.4260679208550098,0.3125753682241612,20.5115226261868,0
27.743433821151633,93.76845559855592,downpour,large,2018-11-02,72.24078451040411,0.8033674302378524,65.65395040394269,1
26.495474325200554,91.38718375296637,none,none,2015-05-05,4.411570256364891,0.3840480196761191,28.99861030125645,0
23.566049104996377,97.05665047304878,downpour,large,2012-01-29,175.9002492359609,0.9685600501508866,40.87990199634156,1
27.761914712723318,94.05175181206322,downpour,small,2017-06-06,166.6906756797867,0.6231449508311313,53.82427993639956,1
22.749777054382275,96.28478832856459,none,none,2010-07-27,8.028751799304873,0.21994233266603033,12.343725706784882,0
23.87366756681318,93.89753882055278,none,none,2019-04-08,4.270033242924801,0.2332248976190806,21.88372296687183,0
26.72380132167689,93.10816386129785,none,none,2011-01-01,14.428893112932407,0.3534112049972741,6.029628391453827,0
,96.01733669060194,monsoon,small,2019-11-22,31.141020144107628,0.6900480163500291,66.42780794383836,1
25.14917855011342,90.02244956734911,none,none,2016-11-21,9.2636467670004,0.3994389178717435,10.222622498575237,0
23.369955447578327,96.16634809529543,continuous_rain,medium,2010-07-18,65.89994537983708,0.7182455535893197,42.619216827342626,1
22.907536285335095,94.11187070907424,continuous_rain,medium,2022-05-18,188.42844474728773,0.812198080248238,47.40345135575447,1
24.39306797523226,95.58537143278852,downpour,small,2018-08-05,131.54738833980372,0.9512962495758721,30.2703569294157,1
25.764602706159103,93.48690554493895,continuous_rain,medium,2015-12-07,99.37979923468602,0.7584967919619023,63.41289573794729,1
22.334533629295468,90.99988570606263,none,none,2022-10-31,12.595775662940758,0.257529092041971,0.5782313683129581,0
26.492131965384637,92.43194498642951,none,none,2010-07-05,14.38111288795413,0.27937809850881984,18.460943874095705,0
26.052354425532336,91.7627754075099,none,none,2022-09-30,14.215962486059015,0.24665611910607543,5.805026031531224,0
27.416223433339056,91.52286355141597,downpour,large,2015-08-21,62.664094345802916,0.6938843568430991,31.999101122044458,1
28.693069943221705,91.45784673056755,downpour,large,2013-08-19,58.25072875582485,0.9082477763199783,60.875353606025904,1
28.910801119591902,97.01158935123053,continuous_rain,very_large,2011-09-22,180.71294136651179,0.7737124474214498,44.725845249797814,1
23.199438407682685,94.89751856935827,none,none,2018-12-13,13.110076998643796,0.07551121438705254,12.604121577009797,0
23.98550758366625,97.02256781497982,downpour,small,2019-06-05,103.15481146666266,0.5425637340759644,32.858686756518324,1
24.499112392621715,90.49459061741143,none,none,2018-08-30,14.877574748748518,0.3685128266559934,11.237627930400665,0
29.98724590659468,91.98319245638356,continuous_rain,small,2017-08-30,54.68437958797384,0.5567966387632153,63.639517810787105,1
22.814578845402437,93.53267523482496,none,none,2020-01-22,4.999498818241348,0.11178319856793882,8.000213094023618,0
27.513765517599204,89.5688628421869,downpour,small,2021-12-16,124.71642920523531,0.6717695276779128,57.42832691411657,1
23.372716161392795,92.98851784409247,construction,small,2019-12-14,11.694155553317175,0.4132525046924099,44.861906865431195,1
26.043994017944108,93.9929720379429,unknown,medium,2015-12-27,17.266699176085407,0.28406436391323386,47.82032275364632,1
23.08634144457971,97.94947442480223,downpour,small,2013-02-20,163.46976029219502,0.5301063726478858,53.562255805981124,1
21.64487721471683,95.40224181601256,none,none,2016-10-09,13.218728485761543,0.1966173899889827,11.943396155107655,0
21.860172379492074,91.97406402189677,none,none,2014-03-13,4.902726406077279,0.3482909715801097,1.0624277945589966,0
29.27545675083591,97.52704702185767,downpour,small,2016-08-26,115.22964216750192,0.7431841269406168,38.60203608451993,1
23.86544149467531,97.89811305346284,none,none,2017-04-20,14.866910956640279,0.18741407898914725,3.2744449589600935,0
29.745281420285835,94.62236071011031,downpour,small,2022-03-03,84.22167748535442,0.9438705897641955,50.10934634806511,1
23.822513325920813,95.54949189043435,construction,large,2021-10-06,16.73423469066085,0.3945759645135944,53.76799179787173,1
25.224514559071224,96.02743507578218,none,none,2014-10-31,8.314135765877927,0.29306780231904556,12.405502746362366,0
21.212018409652035,89.74832641120652,downpour,small,2017-04-28,68.33164425367619,0.6070550486915178,33.681302092104715,1
29.95505219401339,94.94892796622561,downpour,large,2015-07-03,167.09589502933508,0.6949829903928337,54.201878681161396,1
26.082047081611044,97.50824291239533,none,none,2013-08-08,0.3447340364794399,0.3286188622855634,16.255940490632927,0
27.337927510558494,95.51037431682134,continuous_rain,small,2010-11-23,195.436478135473,0.535202132434965,67.69550869137004,1
29.700614229065543,94.0948600187745,none,none,2010-12-10,4.68208190077615,0.318831704969704,26.105306869759676,0
29.14275866025008,92.970818063134,downpour,large,2018-10-30,99.72797619913142,0.5869463148811198,67.65518541696952,1
28.354786950356722,95.84093646238568,downpour,small,2019-09-12,108.66931458396795,0.7620489138647255,58.19776595149406,1
28.767866569229376,97.50390526411215,none,none,2018-08-27,1.155964099545247,0.31399901344637166,19.385354571927827,0
23.05274218221711,90.51490863990307,downpour,medium,2017-10-30,37.56807088133772,0.9957411098052655,50.391741724680514,1
22.265598602596747,96.02868238068787,downpour,large,2015-09-16,140.57287732402207,0.504092772980982,54.5560107819972,1
21.48534751914434,94.9207111714081,downpour,medium,2021-03-05,47.23194788738354,0.8498225871706993,41.014125951126104,1
28.406297490996646,95.8509545112587,monsoon,small,2019-12-13,115.2407078691814,0.8453348834793702,47.365939377852335,1
27.717669982995297,89.15851068909569,none,none,2012-07-20,3.6876713566569626,0.1470982297257249,25.37225872883228,0
27.090741973845255,95.07439670425092,none,none,2015-10-24,5.245851126412086,0.23942443058534707,25.352084006602116,0
23.372637907119184,89.59702487323631,continuous_rain,small,2019-08-31,58.82781533721621,0.8942218795400092,64.66665132257425,1
23.872274021569506,90.20288522777614,downpour,medium,2017-05-18,64.56065987356386,0.5995503405647632,48.610360914376,1
29.6947826904021,90.57884662519946,none,none,2015-05-29,14.627375711089993,0.3626721474558341,21.144925549198696,0
27.14030064764477,96.71478959823327,continuous_rain,small,2013-08-23,147.26131249192747,0.5974561290893006,65.75012048762909,1
27.190786160909763,97.27396411001466,none,none,2014-03-10,12.816142957381441,0.3238448573318852,27.734066529872273,0
23.053294878924277,97.31890014167902,monsoon,small,2017-03-14,113.84301544919282,0.6476651171771679,58.554735465487866,1
24.8693758355851,94.3777682758903,none,none,2022-12-08,0.1692773149982013,0.263747935133935,6.139303357982095,0
23.555542287240986,92.97523735958055,continuous_rain,medium,2011-12-25,42.104721098243544,0.5431721781851064,35.464391982813524,1
27.08054772392082,93.37653598374592,none,none,2012-10-20,14.383832761211206,0.3304306366150531,13.830812619461879,0
29.152111390119956,95.95064321857461,downpour,small,2013-12-27,127.83687856263536,0.5668976930552959,48.57219038106583,1
28.48491025265245,97.618832111404,none,none,2014-08-28,7.952719354487925,0.24707222790944852,8.65080397485165,0
26.796325299139518,96.14685214198346,none,none,2023-07-27,14.951012786459223,0.02842347146894735,9.05238733239127,0
29.865785812182004,94.66147549746645,none,none,2015-05-23,8.801000949593933,0.0490718498791162,12.0754910902636,0
23.41095428720419,91.12925523165147,none,none,2013-10-06,12.355662605671228,0.020891679822314657,26.248711578091125,0
21.620752586348598,89.71997463563378,none,none,2016-08-04,5.941652483903016,0.04759467952141545,6.580126342189016,0
21.2911000195921,93.3334217956505,continuous_rain,medium,2018-11-01,128.30242351412647,0.6008017621141164,40.71916161435361,1
26.94812835158319,95.15243948850578,none,none,2016-09-04,0.9019912407816716,0.31747222997451124,8.626313255552963,0
24.30407251870087,92.28669693402597,downpour,small,2022-11-09,63.02188235601148,0.6720829356694518,28.432185558293753,1
28.1928056619866,96.55524024975662,downpour,large,2014-02-18,123.4376261189817,0.9916436762524755,28.223141971116533,1
23.026312013618004,95.92697888983113,continuous_rain,large,2014-05-17,148.22714763335534,0.774811585149916,39.25524393079593,1
27.225465358659378,96.69436369158183,continuous_rain,large,2016-10-28,169.83034081303515,0.5663021373295569,43.60458520644733,1
25.82332489915775,95.55619323783615,downpour,large,2022-10-13,174.05050660207885,0.7120809908641823,48.5772615014714,1
25.951751119181225,91.90935682825004,none,none,2020-08-26,12.505131184025313,0.044494909338266234,3.8992079923762923,0
24.031889695339714,93.61444792946396,continuous_rain,large,2016-10-14,124.20684231535171,0.9852635203951536,36.74403428472375,1
25.517532890983297,95.45316037601518,downpour,small,2022-02-01,103.05569069343667,0.6157864667912413,33.42196071308292,1
22.98088509176425,91.3525354436453,monsoon,small,2020-03-13,196.2262123016134,0.5827900266783246,66.05462608092883,1
22.14669334612366,92.23796683173475,downpour,large,2014-03-12,118.88169032228757,0.7302468140105014,34.26465261698893,1
24.754191097532054,90.78864856617987,monsoon,small,2020-08-08,178.93373304310848,0.586895370344888,66.85804879213998,1
24.256449565826976,94.87070255513756,continuous_rain,small,2018-11-23,29.849955644016553,0.6341791399554614,25.98145988364188,1
23.242415467243035,90.28126258307734,downpour,large,2010-12-20,128.25436235647703,0.7396880033934261,40.90007992090029,1
24.050268898568746,94.44177030455724,none,none,2019-05-14,9.755538940827769,0.20685052299092588,22.408462764178186,0
26.77316116255143,96.47786042621017,downpour,large,2022-12-04,91.93647401186702,0.5970081887795395,46.50533320462465,1
29.495273999976828,96.47118573805307,none,none,2022-02-22,7.060584666593348,0.1588046215415091,10.163642655698986,0
25.780066967113576,93.81592823726494,none,none,2021-04-13,2.832996112409598,0.27907809944979917,21.026916534303638,0
23.870160323277407,91.87362182580583,continuous_rain,small,2023-07-20,147.04895021051325,0.6065464748474811,60.69321016509386,1
25.78508622043637,93.22004929381967,none,none,2016-11-05,7.67111349166237,0.02924775428668234,22.631968430510913,0
23.50955227186123,89.9204291230672,downpour,small,2023-05-30,77.37716964114772,0.8215642494518982,58.157143845407525,1
,94.08004076504278,monsoon,medium,2015-06-01,145.37209968294144,0.6756636526624052,69.01780091519474,1
23.435583092977236,89.02267649557754,unknown,small,2023-02-16,18.983728489640143,0.546063118597299,62.66656475068728,1
21.707940819788327,97.35652733250957,downpour,large,2018-03-20,135.79731049742745,0.7953048922090966,66.6441178281881,1
23.148504729981276,89.85953321731431,continuous_rain,medium,2023-08-29,60.057173026722865,0.6726081717843991,50.73662935383493,1
28.353987126778538,94.31120954853903,monsoon,small,2014-12-24,48.22564953473068,0.7761294017470091,66.70295920944069,1
23.478141540238084,89.31742655935196,none,none,2021-04-21,14.471321378969765,0.1194615153892884,9.544743491496124,0
21.566993347835712,91.18400479016262,downpour,medium,2017-04-23,161.51416951184007,0.6952894675886614,47.72648445645539,1
27.42419736595591,97.86459587646492,none,none,2022-01-15,9.689498560487106,0.18571779072878464,29.186510748959407,0
28.165525365927444,95.37274428856017,continuous_rain,small,2016-03-17,43.43934847296812,0.6783155426660485,38.53622703033878,1
25.771058625081398,91.20541533943359,none,none,2021-03-03,3.14614227880841,0.022045109489560667,2.30323584275279,0
26.173853948886,91.68655372107493,none,none,2010-09-06,2.4018200776469905,0.2761163721205621,28.967301333047967,0
29.57936260391104,97.14628309581839,none,none,2017-07-02,8.343368889669435,0.0030050448213071236,14.105283671720192,0
25.421810216399113,94.0456631086665,none,none,2021-06-21,0.6128646310883973,0.03836327291827884,12.256774058501918,0
25.100581755684324,92.08431749498459,none,none,2011-01-31,10.865380816682583,0.35974554634195854,19.25411127682601,0
24.11221888982973,89.87231458975744,monsoon,small,2011-08-23,79.38768613246323,0.8113402286560254,51.94447965367132,1
29.74557412760359,89.91134161039663,monsoon,large,2022-04-07,33.513729822444056,0.7119035417170221,58.89436053307867,1
24.818002698588426,91.44135636944834,downpour,small,2023-04-09,162.29618526433987,0.7910211932324323,34.60929498613968,1
25.017445800342916,96.74032162744948,none,none,2015-03-21,6.739089177110095,0.16633900580280203,16.437998912776184,0
29.327755267693984,96.44224695150243,monsoon,small,2011-09-13,136.71790431566444,0.7935615548251123,26.664502882080217,1
28.801705018681126,93.86189493798636,none,none,2018-12-14,9.5909992791492,0.09300464504876547,22.67035887748892,0
29.120020490762393,97.03564333565907,earthquake,medium,2015-04-04,3.617449395718466,0.40232367940246705,36.8072216775362,1
29.22116562658786,92.58933918480344,continuous_rain,medium,2010-07-09,124.56815760346703,0.9871890560941776,56.439065594632396,1
22.964026175821274,95.28668721129112,none,none,2021-05-08,8.617236470144666,0.11704368204046474,8.884880860933748,0
23.4741456249614,96.86326848934495,monsoon,small,2012-10-08,162.62891554512535,0.7778380853303475,65.20850928534023,1
27.54801202226279,96.20121489435084,continuous_rain,small,2015-06-14,52.236921114555145,0.5269301321133757,53.80019660406493,1
23.59360124661287,94.29591264606732,none,none,2022-08-15,11.60922745544906,0.18608794019960806,29.033096711379688,0
21.67388708319363,97.44283917978576,continuous_rain,small,2021-09-04,91.00340089495838,0.8603699811674563,63.508080357579914,1
22.265538948716603,91.63133190565057,downpour,small,2019-04-08,161.33231262436436,0.980512164264657,45.53985384793289,1
29.846768347952214,90.4830618865413,none,none,2021-10-21,10.582600862406826,0.3544702617533095,19.820528013587893,0
22.389634850317226,93.11761535617522,none,none,2013-06-28,10.820119509203687,0.2265184386277322,22.99903202546438,0
27.591125650427458,95.9273300296932,none,none,2014-07-30,12.923032231888602,0.2959974133138499,9.908072333013923,0
23.71230299383218,95.14394962667681,unknown,small,2017-09-20,20.558833182634732,0.22902713542459857,60.27630317254443,1
23.996928724469363,91.4969314238983,none,none,2011-03-24,9.849064482600298,0.35341299257676084,7.965446402869661,0
28.780205525872166,95.27622649316596,none,none,2017-11-05,4.252673538644351,0.342496567390669,4.232379389849167,0
26.310568500150097,92.36678848415768,continuous_rain,medium,2011-07-30,74.46919228591611,0.5850683125545912,55.425757967088074,1
24.72036290570606,94.45475465866286,none,none,2010-08-27,3.4728504577462136,0.25367928422881714,12.015450956067252,0
25.40828266043039,91.6990904492016,none,none,2018-07-15,11.630143532351706,0.040094374001303335,12.067427047281367,0
28.77572845783234,95.90208079287679,downpour,small,2012-12-13,141.9998765890715,0.8064681584174612,31.193362698817698,1
26.44554476242329,94.53823858649386,monsoon,small,2011-12-01,74.3403197175418,0.6175410207343573,67.46766987138832,1
25.827168310544707,97.69863462120438,none,none,2018-11-03,4.8777565685097155,0.37350083430113484,18.773473364787602,0
29.485661182820152,91.24888102086955,downpour,medium,2015-07-08,105.60571663215349,0.7096435166707151,65.58815532747357,1
21.826598950559507,97.16612136007726,none,none,2022-12-21,2.22778553865699,0.33567436987652527,3.9524440564263807,0
28.896519210739648,96.58600821620631,earthquake,small,2018-04-10,10.57522233161719,0.5895376586907586,27.27336557942409,1
26.23270004734217,91.40129512411718,downpour,large,2013-04-02,129.26735972503585,0.5154856867793418,43.83697493464395,1
28.390007909571228,96.73046274268265,none,none,2019-03-14,3.88096969005303,0.21603816446924134,10.32101705489523,0
26.353219054782933,93.81705585111817,monsoon,large,2018-12-04,64.07243391852687,0.5164888427965579,68.7269214231712,1
27.97591658969533,93.03145835911198,none,none,2010-07-23,6.802047052017186,0.34364487267622856,3.048424023258539,0
27.538337003006184,94.6640262053703,none,none,2015-08-14,6.639304499698163,0.14671858834685653,16.421027965130964,0
26.160451150407653,97.79736567573067,earthquake,medium,2010-07-17,4.927527899048645,0.4348834939202064,25.38179953530527,1
28.223718803093114,89.85756119237259,none,none,2018-11-28,0.7870994793756486,0.3836622980550263,9.312236611162687,0
28.75308316173873,92.8776584976827,monsoon,small,2022-06-26,196.31252679779914,0.8702678209315687,45.37735957021358,1
24.25652725482304,95.25669728466818,downpour,large,2015-04-18,79.9243525379425,0.8811122401742726,30.24634676990637,1
23.07237925165369,97.19781537735157,downpour,medium,2022-12-06,138.0662614351396,0.768169306582152,56.887865619611766,1
27.667154464903557,96.38309893946963,none,none,2016-07-21,14.794497518958252,0.3601860451863097,19.49351644415514,0
22.403085193457642,97.66153435584114,continuous_rain,medium,2023-01-11,118.23823316402488,0.6001319402402276,30.714064892908645,1
21.336760426947187,94.03975166726937,downpour,small,2013-01-25,172.15663593907144,0.8191742715088561,51.56421331314151,1
28.641408169527043,92.54379340189402,none,none,2010-08-17,13.014702390320076,0.11001070863870517,7.351523652227144,0
21.921197245255122,97.38253178093045,none,none,2016-03-07,5.965554838754568,0.3417088781282143,23.317159050695462,0
25.066731213617782,94.83998056576611,none,none,2016-01-15,6.608772182076425,0.37271676865173065,23.804500228022082,0
27.788069610658958,96.47788882077815,downpour,medium,2017-01-23,177.81813240386447,0.6420571905954724,67.87067709175156,1
29.041118642336933,90.36355494566101,downpour,medium,2018-02-06,42.63357339703791,0.75831464414459,39.57088838877843,1
23.448026456385968,91.71196586182037,none,none,2015-06-12,2.4142744825039064,0.14026880006755751,24.518490693860244,0
25.20651932210586,94.96015438350594,none,none,2019-08-19,6.212612164499957,0.009263553618049647,13.376639508797837,0
24.02590705024425,90.40851302558582,none,none,2021-06-28,0.300353287301367,0.0376074062599447,19.78040493234521,0
27.243982785859114,96.60149492504654,downpour,medium,2012-06-07,85.2979111730154,0.861919400750607,41.742175934183095,1
29.527865582942596,95.68870568525918,none,none,2022-02-14,5.678273608388973,0.31597199392082836,1.099571374564704,0
23.620448687587718,93.96337352076604,downpour,medium,2022-04-16,31.858100243379123,0.9877819478075269,30.84600546639962,1
24.756304475484086,97.48492760654847,earthquake,small,2019-02-07,27.65616651438858,0.4553161829833718,45.21917262475906,1
25.91118070039322,93.36186588866977,continuous_rain,small,2016-02-27,175.64535535811916,0.674911781567753,65.53103120346125,1
24.69184991982669,93.15237541100866,monsoon,small,2018-09-28,127.64851166618313,0.7363809808802556,53.16617482676101,1
24.769296519378347,94.1870916845923,none,none,2023-07-19,14.124180745669369,0.17145177255185062,23.196035165570258,0
23.19563218351849,92.04979151000862,downpour,medium,2023-09-02,110.33439881659363,0.8423701132656374,54.24902352274385,1
21.81826882487689,91.20726294287944,monsoon,small,2023-05-19,94.67980107387095,0.7671263946846056,39.36367997793686,1
28.299802378648195,90.9960135569959,none,none,2015-02-12,0.6207022253349859,0.007209863434006803,7.451233370644145,0
22.047118647211956,97.33401499559434,unknown,small,2021-10-30,20.87063502995594,0.21261120952010462,28.29898855720341,1
24.645162815607094,93.43523530149086,none,none,2023-03-12,8.111404921917615,0.007856141587425558,4.160072465179052,0
21.527690811422477,91.42149067833705,none,none,2023-03-17,5.483041444805593,0.17710932601878598,6.8537836265673135,0
28.794311176457192,89.82606004227584,none,none,2015-10-31,14.988243471613993,0.26101204078140383,23.940980060719653,0
21.642652888467527,94.67555138123465,none,none,2022-08-28,1.875836213886245,0.3820775162934377,24.42022890111333,0
28.51066434965228,90.47692457162488,downpour,small,2017-05-14,184.36406100900012,0.6810879676887576,57.59426163434352,1
24.199978069189275,92.5118663501351,continuous_rain,small,2019-10-13,135.9088898337053,0.833997948217226,58.369852694674556,1
25.57527165372862,96.6949756775811,none,none,2022-03-28,7.687199359339351,0.23186014890293835,24.939198294894343,0
29.845022373380736,97.91966110931637,downpour,small,2017-07-07,46.4880137022742,0.9017440526181159,66.87161452382693,1
24.599906443533623,96.7695096384359,downpour,small,2020-06-12,111.32467179217994,0.5949133842780783,37.41889661620347,1
29.93932916694658,94.55544623912003,continuous_rain,medium,2017-06-09,137.88298999589108,0.8777175090519931,36.12096194593325,1
21.190901509790827,94.49036410211262,downpour,medium,2016-01-13,155.34574870181828,0.5948339794082564,29.567478079773768,1
21.39303316112776,90.14066642224928,none,none,2010-09-02,11.936932474302528,0.2934250465794222,14.681567489031329,0
21.972952146869243,92.66770453343582,continuous_rain,medium,2016-10-16,31.925997600337784,0.9960588449031009,68.61776729719753,1
27.352099357348635,90.44090407483387,none,none,2013-04-07,4.573527243336501,0.03104295539975559,27.130998544501036,0
26.71410380467182,93.5157793721744,downpour,small,2013-09-28,158.1621126595344,0.7502407321013109,54.92448135595261,1
24.649152244229846,92.33641439413145,none,none,2011-04-04,0.9013425297416078,0.14952966360048353,13.451408131232425,0
29.902935369222376,89.56608275449555,continuous_rain,small,2015-04-12,100.04357167360921,0.8802614390126655,42.1288084240243,1
29.199993362627975,90.16823419504185,monsoon,small,2014-10-27,163.35592158814043,0.8512216355330731,38.93419639874391,1
25.590950216603705,96.36354241529844,none,none,2020-12-14,7.333237694389082,0.1336846262860729,21.514972330086504,0
25.227170836339006,94.82087741097375,none,none,2015-02-05,7.789328289370402,0.3584767618098943,18.564019874170754,0
25.729389548972616,90.67181864675834,none,none,2017-10-23,2.954290929225585,0.2211681484903929,12.12438384583889,0
25.997441739658903,97.05758078046597,continuous_rain,large,2015-03-24,158.24931463600137,0.5699756655409207,59.78265210732974,1
26.792988759398504,92.32305831145392,downpour,medium,2014-01-28,54.338947702931286,0.8967677259321647,36.95559581508556,1
29.933300301533542,94.39765004906668,none,none,2013-04-21,12.215395735963142,0.11949010794091014,21.620007012790396,0
27.797065573408023,89.53346709267235,none,none,2014-05-20,0.5413577518742552,0.33571469020434425,24.042556008126965,0
27.621847589258486,96.53765283767918,continuous_rain,small,2014-03-24,124.67078017304631,0.7973597168613136,34.303959273799876,1
29.821434701883348,94.64881797579913,continuous_rain,medium,2017-09-05,123.36366576464702,0.6371974699218557,33.64091669287237,1
25.500192618167034,92.78447977092083,none,none,2021-05-29,9.58812503833653,0.30292542311389603,18.043584993839545,0
21.44157360602066,94.59429945838346,downpour,medium,2019-03-13,76.8125308101311,0.7253151528206228,60.22715931963591,1
25.10859509567705,90.7397056738343,continuous_rain,large,2016-08-02,142.79749062681975,0.6210859904837784,31.03147741325148,1
22.065742839461418,97.83495487697469,downpour,very_large,2022-11-10,44.439849105520025,0.5341815719038189,35.892003411701836,1
24.50877214966702,96.34828996030555,construction,small,2012-09-02,1.9157746073838544,0.2706253338355181,66.69352472936306,1
24.562236983538693,95.77646372594627,none,none,2016-04-26,10.644994472007312,0.07547451728552673,18.089770044644432,0
26.144755500459574,97.76734745919606,none,none,2010-09-29,5.569707583669174,0.07948806799457087,12.187448610837947,0
27.3936587689253,94.09685505140291,continuous_rain,medium,2015-07-06,188.53593261185136,0.8760177874218162,51.903706217847784,1
29.270383926044815,94.97649931760618,downpour,small,2011-05-17,122.57051714238075,0.8687837765818021,58.58674426450834,1
28.885997722155974,92.79998023093448,none,none,2018-10-25,3.785907337588915,0.003273819863185912,28.024814867392287,0
25.410007298765272,96.43651504279951,downpour,small,2012-03-19,155.68581519077222,0.7749110912781096,45.21186633708495,1
26.946904111319753,97.80838896706973,none,none,2010-05-12,11.711568836051377,0.080460032662601,25.48099709340605,0
28.387567846241126,92.32873783013862,none,none,2016-12-19,6.838475630794655,0.10837840547113436,23.896748034118847,0
22.81712667707713,95.56442529178823,monsoon,small,2012-10-20,45.44384847277603,0.8021270425347412,49.17284334224828,1
22.331161855351084,96.61347996605824,none,none,2015-02-09,2.9500110028785813,0.0718868031656887,22.102688830377605,0
25.816713967102658,94.12364138038095,none,none,2010-02-09,2.1282108706014506,0.09800266904951034,29.987703951353325,0
24.631444431490568,96.60707751610424,none,none,2010-11-24,10.49857106440627,0.3633513563249156,11.282749065220617,0
21.20807407721143,93.45573139217561,downpour,medium,2022-08-26,162.39424467174288,0.7693907823920245,68.39885176199411,1
23.805638389301052,89.73114682522582,downpour,small,2010-09-06,39.81365505192031,0.5083697779096368,29.004200167827207,1
28.104318495063385,96.53834597485422,monsoon,medium,2015-12-15,114.17021849807368,0.7717228199136943,60.45170318425247,1
26.842004463271714,97.80661467136103,continuous_rain,large,2017-03-31,45.90374553430634,0.600507638223063,47.808488101358535,1
26.94591269132815,91.54667906142208,continuous_rain,small,2020-07-06,108.520298256046,0.6665749384869751,46.21493464759652,1
22.16991577183129,93.7665788867042,downpour,large,2019-08-29,76.27261762170329,0.5567093066791238,63.72056194439873,1
25.54261901656189,94.59762382571557,continuous_rain,small,2018-04-23,178.67703623939857,0.6346077208599298,26.48168935239575,1
21.943898257473872,92.85341500303333,none,none,2015-02-05,6.74286482084153,0.36219678391057825,9.417577746259616,0
21.31443733997558,92.04565443305594,downpour,medium,2016-06-18,77.83354357777034,0.8364719871260129,55.942107800199395,1
26.25657620720076,91.10878449160184,downpour,very_large,2011-03-03,58.27549126116536,0.9276429610099719,51.53256645452903,1
28.727169687121958,96.45194859323145,continuous_rain,small,2018-01-17,146.90942116230917,0.5905622050191321,66.36776041008828,1
23.84787091223464,94.50444988208508,none,none,2018-06-30,12.942856157759678,0.12601433091197434,2.8673568384689374,0
22.77476232694286,91.2371772540864,continuous_rain,medium,2022-06-15,183.20616207893303,0.956656029322733,47.55136011710001,1
23.37705174304557,94.2620419672606,none,none,2019-07-30,3.4141580467915347,0.36019494841863964,13.701177454678286,0
29.392681985658086,90.52082456876602,downpour,large,2019-03-19,65.62531610456381,0.9672616889368932,30.592437174997514,1
21.672771463904024,96.48126406996657,continuous_rain,medium,2011-10-18,127.99099651473662,0.9986948112236815,56.600905027071576,1
21.428754757685653,90.0862650602936,none,none,2020-04-15,14.042893847770243,0.1383611126756256,8.03491256693435,0
28.474855962491887,95.47925867514937,none,none,2011-09-18,9.963855411453647,0.27944804692653474,19.11839248085428,0
25.992896188481815,94.98507103701769,none,none,2014-11-06,12.134413980422295,0.2972282961909134,28.198985403227436,0
29.626381197607902,97.63621786985611,none,none,2017-10-04,7.292598409899504,0.3879315147503706,15.011363284358328,0
22.159748617400616,96.35270154610079,none,none,2011-11-12,7.3804295953592245,0.13585195377742024,25.123353698633846,0
22.119072770164106,90.06309656970981,none,none,2011-10-05,14.81814988265114,0.22707104899558594,12.134462311530571,0
21.72698480919425,93.33446592426242,unknown,small,2013-12-18,5.876043219357112,0.21045410245637766,35.50606657308291,1
23.935146438493625,89.49670134585159,none,none,2014-08-22,5.378744597513831,0.31977569903840486,3.6780256979257886,0
25.31424290943519,95.60765447363528,downpour,small,2022-07-03,85.30364465338575,0.8439030613315601,63.92330585211506,1
21.460221677268667,97.06725290445341,unknown,small,2010-09-03,18.8741305892048,0.3846693605827582,57.76151302880617,1
22.897327724530168,91.6605219776089,continuous_rain,small,2015-10-11,85.78763308242384,0.5991802357772069,37.63126425748051,1
25.083268944567156,91.68612058981705,continuous_rain,small,2020-10-19,29.11528010350919,0.8705761237862714,30.505173150890215,1
26.55119068020109,94.02159295573956,monsoon,large,2015-01-03,58.549962569137485,0.8556889148224385,68.26464763261811,1
21.13514360162056,93.86022536154346,continuous_rain,large,2021-03-19,170.5439058288955,0.9462348510302322,35.98251513471385,1
26.223523119303238,91.73194544451401,continuous_rain,medium,2011-10-23,116.34075923734422,0.9663830881861668,61.92782058608421,1
25.55008632514372,95.45745782029887,none,none,2014-07-17,14.660323099177441,0.34959802323896055,17.083109716462083,0
29.17301156146081,90.37826652511615,none,none,2016-07-07,3.6860213095615673,0.28054729645288967,24.23230432585707,0
26.7001464298187,93.76081628581396,earthquake,small,2011-08-03,7.3456979008728265,0.477461394895227,38.78786779294626,1
21.162520989389666,92.13049005934302,none,none,2017-03-20,9.728794316520887,0.33115926827731756,12.675058860353378,0
23.582241652903164,97.37241996837261,none,none,2019-12-15,11.66317975921393,0.18224311664656787,28.113550039822364,0
25.644291254108303,92.688766844583,none,none,2014-04-08,4.73712523431601,0.3789476886432908,21.32647514433761,0
25.123080871536054,90.20807804244215,none,none,2021-11-12,14.07663047282969,0.016999060654372844,8.889447998309153,0
27.48623480396205,89.75612704383109,none,none,2014-05-13,0.5499833256961634,0.34902200186367754,20.312608477896664,0
27.111025703593793,89.34446638166169,none,none,2016-12-06,10.391425430452717,0.07427340111263173,18.233059627973784,0
29.926802208192868,90.79221626334214,none,none,2018-09-14,4.3506929167306225,0.19381193614883424,14.563407560847136,0
29.4503170737515,93.87633618957203,none,none,2014-05-23,2.6788423060353983,0.16568351038140353,2.6510268475196517,0
21.070767253825853,97.93010579383382,earthquake,medium,2020-01-18,8.337430383229023,0.4166724188936054,49.579342620289395,1
25.30039002138955,89.13626030402038,downpour,medium,2014-05-08,69.90410176743083,0.946321437851632,30.17483737881546,1
26.67161488114722,93.72384512828084,none,none,2013-05-04,12.007959845224663,0.06551469915330004,16.834427572890455,0
24.746024392930046,97.07073312765003,downpour,medium,2023-04-20,21.340741048418113,0.9132672106565797,47.807654182460595,1
27.638800314340582,97.88871355981415,earthquake,medium,2020-12-15,6.27971658208639,0.3885939787453443,44.02856220933722,1
21.32220312933622,96.56404461456845,none,none,2013-03-05,9.800035691544672,0.11020489531049882,6.927741522732377,0
25.318560150643542,92.34463179055332,none,none,2021-08-16,10.01977082926736,0.36324279678454097,22.13939271875727,0
,92.29173692346285,monsoon,medium,2018-09-25,63.384667269525735,0.6595929621964671,69.66307503020127,1
22.746693084060635,90.3283863492085,continuous_rain,large,2018-01-13,107.25754981121551,0.9451787652612391,27.1249207674713,1
23.196763668621095,90.80019663141877,none,none,2013-05-25,9.390323171248806,0.09126748153352487,25.66437954571859,0
24.86316388166719,93.67508234435186,continuous_rain,large,2022-07-06,164.05112254678087,0.9428760144792748,31.27207461806563,1
26.50354316359241,91.61924754950492,downpour,small,2015-09-27,67.26898679179786,0.5952342300746294,50.49667763685158,1
26.635669469355914,90.97212206874816,none,none,2014-02-19,1.1741123006808551,0.20268512246482207,23.13844683571302,0
27.434858389083686,90.35599835615506,monsoon,small,2017-12-08,131.39332954031397,0.8725224663989707,36.77427295845289,1
29.20904809399713,94.88515407742167,monsoon,large,2011-09-20,80.70616696673659,0.7178868228658077,39.41971103946716,1
21.7047688321366,91.77559660792012,none,none,2020-09-23,8.804055250883785,0.22526759312326497,21.26287334626913,0
21.078240384261083,92.10224878743551,none,none,2022-11-09,6.681226936393306,0.02708022184734431,11.982727946047593,0
26.067890057228553,96.223074906354,monsoon,small,2022-05-16,74.90792553847646,0.6784121337095025,58.41194281687185,1
22.142864050488196,91.49452071452166,none,none,2021-07-11,9.039675810987525,0.13466498968940552,11.758551995501952,0
21.82350878275108,92.48334714207917,downpour,medium,2015-10-03,89.45861552229006,0.6830664911276709,36.99536920979703,1
23.519164330429813,96.93858737414125,none,none,2012-12-06,5.554533981831905,0.3058421430903894,9.70834141437387,0
28.00151967400427,90.62039810123203,continuous_rain,medium,2020-11-15,142.8208938731613,0.7612372762342035,46.632283423880835,1
23.08328016327672,90.83350358972518,none,none,2022-01-02,12.79017044926358,0.3836545244215843,18.921944504965406,0
21.53355021313094,96.07482826313132,none,none,2019-08-26,4.294457500178776,0.22941807041442164,22.781381379408963,0
21.75867634936598,96.62205896444839,unknown,small,2015-07-22,1.555419785427088,0.3188457017383349,67.55094324603677,1
26.334264794420655,93.41020580443531,none,none,2019-03-06,14.20954294265548,0.1379833747371361,17.889308766948766,0
26.478268549157296,93.16907399136835,none,none,2022-10-21,0.7695498090804687,0.21883215363008626,23.77496005426957,0
22.964383667867608,93.76252370640385,none,none,2023-01-08,5.1299796050642374,0.23512886704544333,15.323639896599643,0
27.158631428912983,89.85678797425419,none,none,2020-06-04,2.5948402402080086,0.2942425183190203,8.609878493159595,0
23.844234253728654,94.95814871185934,monsoon,very_large,2012-10-14,21.070153959046408,0.5469891417822232,67.47507008467042,1
24.596574649315034,92.25600303666722,none,none,2020-07-19,8.565287880824748,0.13179846837689677,1.4082508314103803,0
21.016228344938884,97.05237627880011,none,none,2018-08-23,13.007315230121893,0.24532376972027184,28.440465196834566,0
24.465064683486847,92.79607856972912,none,none,2020-01-07,4.893659547356599,0.1717632396769714,15.05717725439782,0
29.379791503529084,91.5787922655753,downpour,small,2015-01-28,89.85139124532819,0.8493619624392408,46.677626120661785,1
28.94216566336793,97.48805365387864,continuous_rain,medium,2014-09-26,161.735180295683,0.8270926983711728,37.51327453822419,1
26.696466708513757,92.1452262467872,downpour,small,2015-05-20,96.95664511283309,0.7832380998582333,60.86354346097408,1
25.73177343673911,96.57300095374771,downpour,medium,2013-12-15,122.49200425120695,0.6697438908002765,55.77575479617159,1
22.30180617864257,97.87883629110155,monsoon,small,2016-12-11,110.40843304038702,0.5749213266221248,34.806618254854925,1
28.320159568070746,92.2951034743191,downpour,medium,2011-05-14,25.48634237968707,0.9484467137380294,30.62087314802407,1
26.59631358969886,92.3437641589413,downpour,small,2020-05-24,190.75391005692396,0.5076064799192661,34.82912950550835,1
29.49163075952085,96.20796355889263,downpour,large,2013-11-14,136.4049524198422,0.7047398831066802,68.45647636810622,1
22.345959376231093,97.41422602289119,continuous_rain,small,2022-05-24,82.66061690766712,0.7217077499784272,47.327649756430915,1
24.650440327871138,90.83945377579936,earthquake,small,2020-10-06,24.728879639164386,0.46488077780324943,31.201916302716246,1
26.657105537316802,96.33645419511588,none,none,2020-12-31,10.463673452733238,0.17967333951517392,29.716271090864133,0
27.120579648612374,95.39058967409545,continuous_rain,large,2013-09-16,24.09463982327067,0.6583332907647995,47.21832773649996,1
21.70752108206821,91.83533985151347,none,none,2016-07-14,12.707365511102957,0.05277590701865083,9.050404886557207,0
26.06642440940573,91.17689499511032,downpour,small,2015-04-14,23.280126447226674,0.7930671810157578,68.20048896794168,1
23.184979510526667,89.12194381913817,downpour,medium,2021-01-02,198.9600889328121,0.9375963020451357,48.901742364861434,1
21.316870450562106,97.0408156490078,downpour,large,2021-09-03,73.55462391075221,0.7105378652100194,62.878230666679094,1
25.093697290691942,91.98911662402156,none,none,2018-08-28,2.7824770141582498,0.04279070586418454,13.999787657232265,0
29.268510832911762,91.99047658612535,downpour,small,2017-07-03,52.97562067246608,0.7813165500744097,68.28027900790795,1
23.8215837193103,90.19925413116779,none,none,2016-04-17,11.05881493493898,0.34181260225428667,13.482129424523253,0
24.936325925050653,97.90224608265784,downpour,medium,2010-09-22,60.362310379413685,0.991445760080175,51.08108246706644,1
21.41981419686699,91.52068389505588,construction,small,2020-02-09,2.558567162280535,0.4005880845393092,59.93089239945775,1
29.927667218693934,97.47972425125164,none,none,2016-08-14,4.401386955763272,0.10425165633735363,17.348959590737515,0
23.71624027666475,92.11146969875915,monsoon,small,2019-10-18,31.419593072966265,0.6178357102262584,49.80570018184007,1
22.73370599931643,94.24922440353856,none,none,2011-07-28,0.1955948553071174,0.290337694816959,10.70613256476886,0
24.3560099846624,95.48476339970418,none,none,2011-06-05,14.808377650695821,0.3564315878840072,20.329705339252307,0
24.065869947183824,90.65856721353782,none,none,2019-05-07,1.1359590318370028,0.07184607147368181,16.26529587413577,0
22.456641261115013,94.56995983835698,downpour,small,2016-01-26,68.6608323378025,0.5319853884502304,33.42675795242082,1
26.79377401551228,93.93717544374513,none,none,2012-12-12,7.462421112668022,0.05136428902707229,8.721129030875323,0
29.453964172927343,91.00500418819134,none,none,2019-04-14,0.7524288527278583,0.0694378491566984,2.9948999138753116,0
28.763668770219883,90.18662958409726,downpour,large,2018-02-22,27.23939510108149,0.7570424952754212,65.62291079035163,1
21.319953009061965,96.02875273518916,earthquake,medium,2022-08-03,6.5267457807778175,0.4752738409380201,63.38185659193751,1
26.98604009022294,89.35845922042034,continuous_rain,medium,2015-04-22,193.1939673324009,0.8596352008093664,54.932358852058286,1
21.36910933043987,91.1630615280872,none,none,2019-01-18,3.6537556821129122,0.08478618696116223,2.814525606326972,0
24.230445830952032,93.34400906838482,downpour,large,2014-09-06,117.78915795441543,0.5253870351099232,27.371205857654378,1
23.496350938273537,94.02525356134821,monsoon,medium,2017-06-16,110.84127546524309,0.8682951298974272,50.15479957695593,1
21.662452222291066,97.78613146073623,downpour,small,2020-09-29,175.44238209240763,0.5547263367227556,40.98667489956114,1
26.991793993242123,97.11883711178065,downpour,small,2020-12-17,153.98703158770905,0.9225802330473049,32.66446149713394,1
26.266698002831966,97.61763898280176,none,none,2011-08-21,6.373215904327121,0.2050196172788978,13.927873554105144,0
27.80491393288375,94.77393428351347,none,none,2022-11-19,8.34014215921129,0.09267666430750549,21.649551117988544,0
21.55299353685136,94.94704014809916,none,none,2015-01-29,2.4254813635165178,0.05002987770772167,23.63273869474273,0
27.52417233216811,92.25330562874683,continuous_rain,small,2017-10-26,105.12035251861978,0.5638198736498723,58.46226774133853,1
21.061487383223334,93.49517105136019,downpour,medium,2014-06-25,158.43842266756792,0.840240440782938,34.879951114943694,1
27.005605282537005,97.87533063130776,downpour,small,2013-06-01,84.21764507402398,0.5328070049977198,66.41824309629695,1
27.325435859629863,95.73970887776778,earthquake,small,2021-04-22,24.000126424361273,0.44216679335507425,38.386379974655924,1
21.219303689640412,92.78274809882244,continuous_rain,medium,2021-05-26,120.34169434954543,0.9447514720313437,27.334162323891903,1
23.171089473561253,93.27977304361323,none,none,2012-12-14,3.395006687603197,0.07416578091970245,17.48247859034027,0
22.085890519537973,92.4620757815932,downpour,medium,2019-01-17,98.65138655368014,0.9577134173845447,51.13755986609617,1
26.47073542822481,97.96188978966109,none,none,2021-01-28,6.198741400760846,0.011662908030500276,28.346789515427847,0
25.414956443482424,90.67663586186715,monsoon,medium,2014-12-14,166.7285137937626,0.5032582155895002,35.0822083578511,1
23.47419624990248,93.02736444998938,none,none,2016-02-03,6.202226977771474,0.08910154962361645,10.814533378004441,0
27.968792263912018,90.24645055352333,none,none,2016-05-25,3.9510750521480107,0.34870598702497524,28.83567569149137,0
27.297492488467704,93.61892831237384,none,none,2018-09-19,4.523878436391126,0.18592439736880256,20.03032085329616,0
27.666127593544157,91.00210560318641,continuous_rain,small,2020-12-24,196.2808450688701,0.6733610612041423,29.418029719216683,1
21.845733541246656,92.67785537977474,downpour,large,2016-02-17,198.60628593807536,0.5395369737472289,27.49735674067254,1
28.417858860503575,95.63361925968691,none,none,2023-03-13,4.050493486153601,0.12210292740524814,8.581940771292562,0
25.36395722630593,96.15065185235406,none,none,2018-03-29,3.174313501383037,0.2636712515652322,2.837676585214272,0
29.921065178816605,94.74185433273375,downpour,small,2020-11-29,186.8828452676716,0.9388416980801255,33.28485748973679,1
25.844993419897797,92.37293310375273,earthquake,medium,2016-08-19,2.6704422960302896,0.5622573194672278,38.753641547777164,1
24.408191349233135,90.80431544306016,continuous_rain,small,2013-09-30,137.10503703830298,0.9009923899157166,51.125155257860406,1
28.117260057691247,93.77197852802355,none,none,2011-05-16,4.586703021647494,0.3496408793042354,0.6423878176629461,0
26.86055859121603,95.84978931338033,continuous_rain,small,2012-12-12,23.712678577855105,0.609572567637379,69.00558874566742,1
23.91759860064939,92.09780366242573,none,none,2022-03-22,2.588248824929046,0.031566854763543574,13.346340814820364,0
28.83784635150328,89.53620153125024,continuous_rain,large,2010-07-22,187.7636209967232,0.8483411266420346,56.4475426208877,1
21.590071438799622,90.35767983938071,downpour,small,2021-08-26,74.36036272360282,0.6767430770961177,67.63248494842675,1
27.479685137049522,90.51198180156574,monsoon,medium,2017-05-19,105.89918170228401,0.8218984204618678,67.40388144896822,1
26.8108518134106,95.82706633528042,continuous_rain,small,2020-02-14,137.25976081791597,0.8516974527762002,66.70912284843007,1
24.719824739185395,94.89251633346836,downpour,large,2017-10-11,44.3290350658435,0.5120143592863484,27.815051265954377,1
25.439765531251993,97.78510682179478,continuous_rain,large,2022-08-27,116.35039851690361,0.7155151334578012,68.2794369265024,1
25.713170141518358,89.85807891762987,continuous_rain,small,2018-06-03,74.32908842774546,0.5566186594966066,42.73509004855562,1
24.031383836559478,96.95859292566638,downpour,small,2010-06-27,176.25577865690826,0.6659006422436586,43.57375722237636,1
26.331772982511694,91.01670549801426,none,none,2010-01-15,10.317250257365249,0.21572810368295625,15.215243057670314,0
28.018761407368878,89.54597268331277,downpour,small,2011-04-17,194.17637263939403,0.7095349653971821,37.6527859559402,1
25.335905070386445,95.97491569057716,unknown,small,2013-05-22,1.1835759148219316,0.30741490230482577,58.48117270583218,1
25.843648582203958,89.00265750649214,downpour,small,2023-02-19,128.25565253718128,0.6972252018546656,54.167303236068456,1
23.135798590697494,91.86980691612771,none,none,2021-01-18,14.0932166156983,0.022071381044519268,19.734422596854717,0
28.057365702911447,97.670153615176,none,none,2014-07-01,12.190047440293638,0.07801925437077006,22.179146259424975,0
26.958827470731073,93.52860428131775,none,none,2018-07-04,4.93080102976874,0.29996704841169686,1.6341782836545693,0
22.72593621417118,95.15717246606188,earthquake,small,2016-05-05,25.566014436808075,0.30650752864799286,33.97932507134007,1
26.05299014813042,95.30862844169494,downpour,small,2018-09-11,62.88724742467987,0.6855855753022246,51.24256340951251,1
23.935769889446714,97.26656675256382,downpour,large,2020-07-17,186.8642364421902,0.5588737939811123,26.348533314284374,1
27.30027280595838,92.57385842904978,none,none,2013-03-15,10.062104410926157,0.0510694179474887,14.738674304294793,0
22.85892773079753,90.56725948429145,none,none,2017-06-13,11.005634661930298,0.0952321441055149,20.968075876610836,0
21.80431050726588,97.42995566966913,downpour,large,2015-11-27,129.2023275178438,0.7983993008701211,58.71537475423144,1
26.904426509374105,91.27212262128754,continuous_rain,medium,2018-12-09,122.02450718973634,0.8486958897664865,29.58647395180831,1
24.52161505030273,91.23791076175475,monsoon,medium,2011-10-06,89.91225343900737,0.5243292261052295,51.7380119385917,1
29.764238707667772,93.91976179637045,none,none,2022-12-11,6.020348981287652,0.3829366634078281,13.755527087667433,0
28.43886602964304,95.92813878170058,none,none,2010-02-26,7.712804112975827,0.19956454604252516,1.429422524518229,0
21.054083175504715,89.82458347253318,none,none,2014-07-09,14.621919054028188,0.2367457561550959,26.03001662588449,0
29.438376538687052,97.30282979509802,construction,medium,2011-11-21,25.133456605440823,0.3487954623082574,53.93107719600044,1
28.2789616116609,93.5053743203515,monsoon,small,2015-11-12,66.89632904025876,0.6824141305584257,44.53047908465732,1
23.819304447679123,94.84253484754187,monsoon,small,2022-02-23,94.93311179256806,0.6485766489326196,62.89223459620353,1
26.253808271874057,97.91565223877492,continuous_rain,large,2010-03-03,181.98341043899768,0.550738400175511,26.644347546229206,1
26.488513224611264,94.16366374408517,none,none,2019-02-04,11.73554871357763,0.3554734334544695,1.4772371579763943,0
28.16627555491094,97.05131936204715,downpour,small,2015-07-18,121.72868409315299,0.999033818638996,25.15952571442045,1
25.029083772357627,90.56448463672072,continuous_rain,small,2012-10-11,197.1721374316145,0.5907176655575872,26.52101940263633,1
29.29493984298351,89.69582552785953,none,none,2014-12-13,9.009581624742165,0.1326503774769788,14.703530522202135,0
28.18491994990611,93.59456497886846,none,none,2012-07-08,5.087534930485989,0.0314776941215043,21.55129952423303,0
29.512121204311537,95.38860162487495,downpour,medium,2020-10-15,45.172885485312115,0.8492142448758577,41.67053121839021,1
25.29161286288675,93.70721336700582,continuous_rain,large,2021-06-19,49.262459167801595,0.6121639580945433,62.9390161235002,1
22.864310366273216,96.02473268536131,none,none,2018-11-09,6.41824395364866,0.15467260537651786,17.649585696396336,0
27.032051348916045,95.98902065327958,none,none,2020-08-13,5.452255808654503,0.07727813617262669,9.185521899015862,0
21.329950038797804,95.15652355352758,none,none,2018-03-08,13.845458581488284,0.007524854069848486,10.001450536910886,0
21.2742340872553,94.39283650146234,earthquake,large,2022-09-16,16.96743017004171,0.4261193914817173,64.35996205509666,1
25.299853049976434,92.00359211928921,continuous_rain,medium,2015-10-27,87.96031334321928,0.8247584513832706,27.523369011916344,1
23.410083394441074,90.41463155478709,continuous_rain,medium,2016-01-03,79.28637565889807,0.7481435528361056,59.569393117720495,1
21.786002823325028,89.04197180193903,none,none,2012-12-13,6.6213121486998965,0.25054999027379704,17.952728539347994,0
29.98407961378029,97.64577539569956,unknown,medium,2017-09-07,29.829810099699102,0.356686875518156,64.63070281738491,1
28.800810211767512,90.5625697356816,none,none,2017-01-17,13.632257585058966,0.10035763466420544,7.088911376915254,0
25.13947183940455,97.21001122950378,none,none,2021-11-02,7.671216026053612,0.00432564030813265,0.8450413645204558,0
29.269622995939386,97.68156800092899,none,none,2014-08-23,8.331051220699607,0.1172262532110381,23.544524880058265,0
21.037275355861077,91.5183140157562,continuous_rain,small,2016-04-01,102.16333682858276,0.8448012548832389,39.83856198908418,1
25.504812699130905,91.84749730397618,continuous_rain,medium,2015-05-11,37.07479933110034,0.5829031840286394,67.55306201126675,1
22.010258049753364,92.1986934032426,continuous_rain,small,2017-02-18,130.89295367898274,0.9151704173296716,48.58895817524122,1
22.191996404853192,90.39619444499056,none,none,2023-04-09,11.79161504267554,0.20038096541005124,1.9936721024664816,0
29.733294094027837,93.80009912151003,downpour,medium,2019-06-03,117.80955112038669,0.9348129018275484,63.630405684047425,1
26.092967073054652,92.79881090368649,none,none,2023-08-21,13.339967921839605,0.3030998282740192,22.717350521810467,0
23.967112256945768,92.16749110506001,none,none,2022-08-07,12.404466902577068,0.13227420529878567,27.317698311473073,0
22.62632298641586,94.65937859964578,none,none,2015-02-25,5.227232705117602,0.14363282560197801,2.063399749273059,0
26.433418815636756,91.50611132673723,monsoon,small,2015-03-01,103.95166673087289,0.9360862888087744,47.70731075584401,1
27.124694174570568,92.10287116648787,downpour,small,2018-05-09,74.88610177978872,0.9690634031709808,31.19739649194584,1
26.15326474656535,96.11631868415336,none,none,2012-06-27,9.025477809336621,0.04309767499142656,6.706744670784647,0
24.479891458984223,93.93331006908656,none,none,2011-04-15,10.670733262000107,0.3759200666442211,25.167376342713965,0
,94.357211751908,downpour,large,2022-11-30,32.180839789713005,0.8580838226592766,42.755085908661584,1
29.035605605954025,92.01879712505306,unknown,small,2023-03-10,4.425563322925422,0.2785889637256843,31.744062153070846,1
22.258074753794755,89.94280590137969,none,none,2016-03-01,7.399470007634675,0.16299620551371363,10.184037780859079,0
27.720264318151234,91.46095744549693,monsoon,medium,2014-12-01,175.86231233884354,0.578954876996837,56.90927550028613,1
21.514993438764225,92.62110297358008,monsoon,large,2011-12-17,110.88192609701682,0.9367984886763927,47.53618379094219,1
28.67809494919041,95.03193672203989,monsoon,small,2022-04-19,199.3250649583119,0.7770689255209535,38.30814061460492,1
27.33517044403703,92.95460151914097,none,none,2011-07-27,2.6774560131943,0.37074403223168384,13.234937588666554,0
21.651154590871887,97.69078832249349,downpour,medium,2014-12-23,191.47523579611956,0.6394762229149575,33.14903680696574,1
28.1962647400131,97.73851568899903,continuous_rain,small,2013-08-24,45.18678516973024,0.5919261294933762,25.350908615288617,1
26.64246408561425,95.80973161424497,continuous_rain,small,2019-10-19,135.09151867448955,0.8605109449012893,49.93304360230539,1
28.12296037811018,92.2733243099811,none,none,2020-10-12,1.3986894005013832,0.09578723024396499,8.477949337894366,0
24.400444444538227,89.46817064613924,none,none,2014-05-13,10.205913486535477,0.0615391680294263,13.299279852799222,0
23.852229787026644,95.93593242992196,none,none,2014-05-13,3.8047948568525314,0.39316282339332015,22.48875834877063,0
25.948253944249387,92.05478514663555,downpour,large,2012-11-13,132.58404931881353,0.6087248188637933,38.59886589029433,1
23.441323373645492,94.65606332495476,continuous_rain,large,2021-07-07,137.9352405637885,0.8420305699196466,67.01451322584379,1
25.659672004283717,93.77955166685615,continuous_rain,small,2019-04-21,93.24920523069544,0.9047756957568578,59.379848758072775,1
21.481647894351518,92.38684960051788,downpour,medium,2013-09-02,20.058173120165183,0.6951405667438033,30.22237501126311,1
27.457741121915852,91.8237151628179,none,none,2011-07-05,1.5934044493522088,0.1500047986710758,24.673501378641863,0
24.592001905197222,95.01112574067533,downpour,small,2017-04-07,182.20394759162554,0.7122444107400613,52.5888304600926,1
27.48158876769734,89.31867099482837,continuous_rain,small,2015-07-31,198.0490533036087,0.9934813439726744,59.17212351303235,1
24.422254934159486,90.29278756152895,continuous_rain,small,2011-12-04,138.71522529828218,0.6065627097259119,50.3474014763207,1
25.8356765573969,90.61848424013976,none,none,2012-12-21,6.844539470753526,0.08426219216573183,2.077884914093283,0
24.011582648525884,96.55331710388637,continuous_rain,medium,2022-07-25,47.84868242053025,0.6495219287918645,45.25478797671141,1
27.629622132798133,93.38184853144857,none,none,2022-11-02,2.974926692360125,0.2264093427452917,20.542791000237006,0
27.041596317388937,89.17681005063169,continuous_rain,small,2013-08-11,162.42161931664114,0.8487756554434553,63.844233640000986,1
29.38309001544157,97.92578260959179,monsoon,large,2010-10-30,108.48914472252942,0.8986285084632171,39.61912014428433,1
24.07108678396829,92.80845020318978,continuous_rain,small,2015-11-01,48.2403378082846,0.7350518670804942,26.72419562307085,1
26.290361578563974,91.145606422307,continuous_rain,small,2020-12-15,46.438470736170686,0.7508789650301774,38.66038187290901,1
21.21957451849683,89.42405389195076,downpour,medium,2022-12-05,23.953561043805173,0.5052004210576082,28.990007789173042,1
29.625623708251926,89.5542461822809,none,none,2012-06-18,7.72338766860901,0.19905986548892463,29.778273951438813,0
25.715500501554775,95.90794987506125,downpour,small,2010-04-13,46.809006801842685,0.6416399473918184,52.10909593622057,1
22.75049754526956,91.33608679206588,unknown,medium,2017-01-19,8.766865256388648,0.3394798269273251,49.01617273322492,1
29.524988555175316,92.36199728171374,none,none,2010-02-26,1.8810352930204104,0.24454157342864163,28.04084014568801,0
23.41836520533061,97.09444230123177,downpour,small,2022-06-11,39.996086583133426,0.7053195989590639,69.75915516614899,1
25.719043026739286,93.58009742035561,continuous_rain,small,2020-04-04,194.29856188855968,0.8918777204518147,53.96479489735072,1
29.0085468043636,89.17477893353588,none,none,2013-07-05,10.112697982054488,0.3491384735537007,9.712084826149525,0
21.666300307497227,89.91492164259267,none,none,2016-11-29,12.473399010362757,0.2869091975288622,24.721961110449385,0
24.00077753199793,89.84473578122622,downpour,small,2014-09-21,42.06152503792838,0.6341409454579128,39.366495328449275,1
25.56285996921309,94.00311737846735,none,none,2019-02-11,1.825456676704248,0.2547829912942334,14.343385588929161,0
28.091149007345805,90.02857738054256,none,none,2020-04-22,9.262267755379616,0.20281797772897417,25.26002996915331,0
22.36831393067269,96.95563717332703,continuous_rain,small,2020-07-27,188.61587189710036,0.6641533919582773,49.031432050460865,1
26.139965154967307,93.7707534794029,none,none,2017-07-14,1.8789738788676642,0.17693631155427414,16.901767872226323,0
23.706777159009377,97.68788959080598,downpour,medium,2012-07-02,87.72466166577313,0.5869823411606572,30.784539993384843,1
25.983940330577397,93.51415541145569,none,none,2017-06-03,12.645842865129016,0.09458949744643137,27.131788341406573,0
26.886482207379327,93.0852072370526,downpour,small,2014-12-15,174.29054078083777,0.5452227647495023,25.961798909349667,1
29.090378091728148,91.30251387994859,downpour,small,2011-10-25,73.4776580572108,0.5801391398365818,44.733204508052935,1
29.537871803285718,96.8317024911707,downpour,small,2010-02-09,112.20300968372278,0.8562822462227355,45.89012736311966,1
22.603450009155083,95.324247089312,none,none,2015-02-18,5.834390252737728,0.3341872134737161,29.37566974187201,0
22.01285261244709,91.32204408734036,none,none,2022-11-11,7.886678506302304,0.12150034761698043,5.773531104554302,0
22.620979837559926,90.55455042424663,none,none,2021-06-24,13.095418206056356,0.31446070492599154,4.562895739981289,0
25.914278218976136,95.5993360655442,downpour,small,2011-06-07,132.4099053356219,0.7521843071615895,58.95835401264523,1
27.009149446647992,89.35063889645791,none,none,2012-04-23,3.488671696688927,0.3560615032927072,22.218031011371345,0
27.90369415097308,90.97480013783137,none,none,2021-11-29,8.540176214542123,0.33589026885634565,20.663762992283896,0
29.640641747928843,95.48698634523974,monsoon,medium,2010-07-25,197.53980672297038,0.7707338432578041,28.245780100838683,1
22.603804902104315,95.48118320795301,none,none,2018-12-05,8.357811689614804,0.1278900118228326,7.8326969484029165,0
23.607996707401607,89.9471550590757,continuous_rain,small,2017-03-01,189.85325329482328,0.9148681481388772,58.727613551272135,1
27.301924597569496,89.6864521927135,none,none,2014-08-10,10.174069044664604,0.006341218196084464,28.603331461132246,0
29.21762512110879,89.87378573700472,downpour,medium,2014-12-19,76.78609832014575,0.5417586961611168,59.57582417161789,1
25.451066644032778,94.58813428343588,none,none,2020-07-18,1.8610860633587312,0.2507352589894442,10.22896698984984,0
24.703458735783546,90.7686126876481,monsoon,medium,2019-01-25,169.18487777523927,0.8088603777024761,57.69810400776407,1
28.634812544285776,95.37977944009327,downpour,small,2011-11-28,132.02208922351858,0.7579037466329237,40.80974800241202,1
23.65315373325197,90.2541698065779,none,none,2023-07-14,3.2079859825531947,0.15054482894713295,23.440320116046102,0
22.469677453534242,94.00342598740379,none,none,2019-03-01,5.775063891080218,0.12810645698050377,1.1746946178527473,0
28.867235329604362,92.73101134696631,downpour,small,2016-12-13,36.38006117601874,0.8179351096115426,48.65764152244563,1
21.900331011288166,91.49616138571798,none,none,2021-12-20,1.6069679720903869,0.3505961499580762,19.332004436376387,0
21.422491530060274,92.28098917492514,none,none,2021-09-26,0.34310894078657894,0.2801257758552282,23.698033551663986,0
23.080555875596794,96.74676146498587,none,none,2016-12-22,5.4763836910140835,0.30631546026806467,8.505389512038326,0
24.65633091452683,96.93189799085539,downpour,medium,2022-05-03,55.9026573750306,0.7366104380134683,44.44788846270432,1
24.838168140117006,92.87724541087276,monsoon,medium,2013-08-17,83.4232475763487,0.8101430046112583,33.147860345295285,1
26.55095528037821,93.82230305767948,none,none,2019-10-19,8.325004041199756,0.04392777793707148,24.65798058147578,0
21.68887482061956,94.60923589621432,continuous_rain,large,2023-04-04,180.45319153534462,0.7320766432236053,58.50915454973901,1
,94.67464164629075,continuous_rain,medium,2023-08-21,89.60790504413978,0.9978451441498406,55.495461721073454,1
26.399793156567235,94.33445943406362,none,none,2018-08-20,11.776595625259667,0.11154174746442758,22.143985062568007,0
24.72487862710125,91.44922138842989,none,none,2021-12-05,6.682431184826433,0.27851672342400186,19.798674593637845,0
22.017519551725467,97.76567618814218,none,none,2013-09-06,4.608223859368538,0.09224289700032542,22.203187488842705,0
27.965158969322076,94.40860336751103,none,none,2010-12-17,9.075427754747933,0.15821580650844777,25.983182641014718,0
28.863516662828317,95.58496254205353,none,none,2012-10-18,6.380682138961655,0.1996232187584358,9.549922524170668,0
25.187677060148072,92.64050425236653,none,none,2016-05-08,4.77920914441707,0.15901830490826893,28.93599862871409,0
27.769953379764125,89.47199203539716,monsoon,medium,2013-06-09,124.95453530968291,0.6017496928543065,45.24254719567355,1
22.176227327151008,97.55934740945402,none,none,2012-04-24,1.1542817686188034,0.15491123385507555,22.121231683117692,0
24.18191615668131,94.89770253562192,continuous_rain,small,2020-06-05,21.17308585832212,0.6758699210128455,28.361707707056873,1
26.951169390866056,93.79810387191756,downpour,small,2020-02-24,75.03540954790179,0.5654422945833021,48.754434713742654,1
27.632132002762688,90.25649917378908,continuous_rain,small,2016-01-03,130.937700245854,0.5254379445533365,31.05493681182718,1
26.187742904152046,95.41983336843228,monsoon,large,2013-12-14,118.64809504840417,0.7322143744601117,59.44548623345056,1
26.139110592623116,89.3987366084364,none,none,2015-04-23,9.537522690091276,0.25294331022407074,1.1917927603553968,0
27.275881489548915,92.95191775041188,continuous_rain,very_large,2020-01-10,82.50949135083818,0.778410170663563,28.62682385176763,1
28.62888837267234,96.7866175594905,none,none,2021-11-07,9.535231649954266,0.3631557210477936,22.859851796103694,0
21.192439862733863,91.28037124471723,continuous_rain,medium,2022-10-12,155.8685412186502,0.6213524201067726,36.56403540843632,1
23.264041786982983,91.96625870967267,none,none,2023-02-03,10.109708872781965,0.13849937881087376,13.352341839583739,0
21.338764968865338,96.05008473950942,none,none,2020-02-25,11.310890144112232,0.276498231358474,8.328938637416597,0
27.372401714970135,96.24563292943068,continuous_rain,small,2016-11-21,40.46721914608956,0.7109516803126594,65.20896164704874,1
26.777689401976676,95.32349874452831,none,none,2021-02-10,0.1935791340191212,0.11201567068239271,4.374983003703318,0
25.828988200118552,93.38757101807074,monsoon,small,2017-12-12,179.01253334864003,0.5888443271327507,68.50889571658206,1
29.627088057761735,96.9495419590468,none,none,2010-03-25,14.021652354711328,0.13151647640660333,20.8615515213039,0
28.371347443345222,94.41465201874311,none,none,2011-01-26,11.169261101662705,0.21445666590287493,23.55607399023833,0
22.074259566362436,93.12708091179995,none,none,2020-02-27,0.3893414380815835,0.23958668422843138,2.8295434656702545,0
29.944781674904164,93.63393199775209,none,none,2022-05-27,10.17645678743598,0.07311073132796841,6.479292545148602,0
26.560661067794037,92.52889067948388,none,none,2013-07-26,7.7953952650819645,0.10445910221845739,9.75031618254794,0
28.55273030520939,92.10172819825257,continuous_rain,small,2012-10-15,99.09044469248872,0.809554299299031,35.71712986179591,1
23.375293015136734,89.97927605781446,none,none,2022-03-04,13.440520116173943,0.19057164969834775,27.93427773303415,0
27.012296161574472,97.5052824675872,none,none,2017-02-16,1.4118362880783368,0.24855147772468555,5.041368713452242,0
28.01378487566125,90.37017287644007,none,none,2011-06-18,14.820955053658716,0.2853883552656594,1.8240116879665103,0
23.835485064204526,90.16349452350637,none,none,2018-12-07,13.332138663547868,0.10110743535300425,27.29588694874806,0
23.50832398600616,96.4618946261591,none,none,2016-02-13,5.863949422288528,0.17109764172120442,3.4955477568034765,0
29.591908579086997,92.95239788239459,downpour,small,2017-11-25,27.301983480761937,0.8219810400277994,61.665955683192124,1
28.33405521725498,89.8059646611966,monsoon,small,2014-01-07,59.435046590229504,0.969682174185538,37.83621986493859,1
25.170321424689366,94.60096315605445,downpour,large,2015-08-28,115.33654558271898,0.718142648525065,27.05175745351182,1
29.96010129322991,92.46818470627822,none,none,2022-06-20,4.29861864713007,0.35163469515543466,15.994664280547433,0
28.615774690578405,89.76974640987636,none,none,2023-08-23,4.427603695870977,0.12316983727340576,29.17211139560028,0
28.30456873736187,91.52276921616216,none,none,2016-03-06,6.894929495497467,0.3709064020211006,1.35583016525478,0
29.12653802156627,94.6772842149298,none,none,2010-06-27,2.322517261673548,0.18537903078262918,22.18034508353495,0
28.963411638462773,95.30434640380784,downpour,small,2021-11-10,50.43344416241274,0.8329890610660236,38.13916942046883,1
25.220653365286008,91.40588245011502,continuous_rain,medium,2019-03-19,41.989575061192056,0.9290401379739914,47.61865531047725,1
25.424630341749076,91.5085139306206,none,none,2021-01-12,4.0946398006782605,0.06713354266194159,1.304087026774563,0
29.748921808213737,89.3703041740516,downpour,medium,2020-10-01,124.83793363689631,0.6143072387585786,61.93034481279859,1
29.689161908347867,95.17838588586982,none,none,2011-07-26,8.435242011399033,0.09398773674888888,7.568090502169591,0
28.952996286867354,94.93188081140126,monsoon,large,2014-05-06,61.35071010703716,0.8921216254704524,46.26973470058386,1
24.959301158502733,93.65716415600431,none,none,2018-05-11,4.293766318472733,0.27103910016538546,2.182344376772445,0
24.794178602437018,92.01612965358282,continuous_rain,small,2011-06-19,184.683591230485,0.9418186501638371,58.11630489244403,1
24.06321183042487,89.93019237472387,construction,medium,2021-04-12,28.118298214602223,0.5161779977379444,50.82059477996697,1
24.704457519382533,92.06347792007375,none,none,2015-01-02,12.526014758392614,0.21689133212663042,23.673138644577328,0
23.202965152472526,97.9442994935587,none,none,2010-01-06,12.631622492208013,0.18006619765332524,27.3780721612317,0
26.292314171967618,96.05715885841762,none,none,2017-07-16,4.646543338930191,0.25181309173078964,19.442563891822463,0
29.924399754521875,89.90820605291621,none,none,2013-06-21,0.27387523477924336,0.32787252718918736,29.62782392137602,0
22.794402369506052,96.81146577098556,none,none,2021-07-05,4.34845528389414,0.3604930744408211,5.712967169307256,0
27.55380964786428,97.82041333639059,none,none,2023-04-23,14.347999771699245,0.05749722283318981,21.32040100438929,0
26.99345189167795,95.33993259972833,downpour,medium,2011-07-29,82.7384977554995,0.7182150065438375,68.70079430530592,1
22.874269503857587,95.56546975988121,earthquake,small,2013-03-14,10.276297232764971,0.30049082813210365,64.22640712120538,1
25.982241037038317,97.8771085358793,earthquake,small,2016-03-30,3.272545958953259,0.4840574526231498,27.554462768169664,1
28.693443271629402,89.66659395511859,none,none,2016-04-22,3.3660507867925507,0.3774439879392255,19.540502297890086,0
22.57331845198591,97.10997511865631,none,none,2011-07-09,7.384592651932755,0.20660078787999756,7.734627638850663,0
23.01114979215788,91.6496579948792,none,none,2016-09-18,5.002332488618581,0.2941019260693382,22.783507174996643,0
26.85737468286724,94.19134609199493,none,none,2016-10-29,11.930371199240977,0.3798522905585002,24.21047373917778,0
23.553978711373873,91.62332593731234,none,none,2020-09-23,6.407669342768064,0.24290099233660023,17.77251570950826,0
24.00707080767615,90.71583788253079,none,none,2014-11-08,12.08763388948353,0.3072879642378965,21.75745731579126,0
27.769754965471463,90.04874284627867,downpour,large,2015-04-02,165.1273667064444,0.8349760386477671,40.400939839832176,1
29.041436939924758,95.1623511004275,none,none,2017-03-25,4.815748973278692,0.3886587815571794,3.5327520752166643,0
21.392587385697063,89.82107379790168,continuous_rain,small,2011-09-15,54.41220683337802,0.7094437475202953,35.00928442100961,1
27.274795966851336,94.29360066624817,downpour,large,2016-12-15,60.40157751123642,0.8096925654786259,57.81399302058944,1
27.629889900824697,91.24981831936701,none,none,2015-03-11,14.192173895489228,0.06911388830399505,10.726271152346138,0
23.218725411386256,90.84508446963228,continuous_rain,large,2010-09-07,76.3241488106666,0.6201461300293858,68.51807296029901,1
24.62169768201657,92.32336224104837,none,none,2019-10-07,11.871526552826118,0.05110893563768673,12.626401200221206,0
23.03152743360582,91.5954260389383,downpour,medium,2017-08-17,58.13625675252328,0.8876766629852192,55.30593710034773,1
28.84730637551102,97.01001847563224,downpour,small,2019-09-15,165.27630955707104,0.5781992470310015,39.00212412696243,1
21.974994010736488,93.81027673928753,none,none,2022-06-22,11.707424451269153,0.006219555064428706,22.398102908819272,0
29.747350669862044,91.77491585259762,continuous_rain,small,2021-08-03,40.69431932524025,0.5642002059346138,54.49060494705154,1
28.52929319874619,90.74250029008513,continuous_rain,medium,2015-09-23,36.762787571543925,0.7174803891071415,62.820060796871736,1
27.973215192719174,95.37878492177455,continuous_rain,medium,2013-04-28,137.79662410412726,0.8549835670056773,51.77573998017708,1
23.71433912055516,93.3367955336167,continuous_rain,small,2017-01-19,53.229080466523406,0.9543560233946964,52.704212898181645,1
29.749531787567985,91.28592820049502,none,none,2017-11-02,3.1293575029409326,0.20726647006022114,15.1080082046484,0
23.090565493025775,94.24756377396349,none,none,2020-08-03,5.894496764747371,0.01101936405588706,25.532687141924338,0
26.917790566801443,97.06308110878896,earthquake,medium,2017-11-03,10.72377603819523,0.2810822956263353,61.90972382795047,1
27.108401111850625,91.25409459167253,downpour,large,2017-05-18,90.02177672827573,0.69650636977324,58.33740257329629,1
,95.37799051557768,continuous_rain,small,2016-08-11,125.63495314181237,0.7704358679670607,37.20543460806689,1
26.52475278095679,94.00006619641124,monsoon,medium,2012-11-18,162.37405912524895,0.7143146421648208,48.52799480899249,1
22.464652909035408,92.75588527725597,continuous_rain,medium,2018-05-18,114.80646164799123,0.6697845768743309,29.432012812473587,1
29.433017263938265,91.20725702137247,downpour,medium,2016-09-10,178.32479933287183,0.8976303027528749,53.75906972755164,1
22.153043148000236,91.13343390821758,none,none,2021-08-27,1.772483315024187,0.04312568955703871,5.535964418500217,0
21.08197150335872,91.48376511815675,continuous_rain,large,2010-08-30,27.249225526347804,0.5350707707972764,29.87903513350642,1
26.951643308123504,96.80618018308498,none,none,2023-07-09,11.181607434486509,0.13950968822481466,6.493355361822886,0
21.039258253570203,95.29580590389065,none,none,2022-01-11,14.839634345817442,0.22508539292421903,0.8114961617416727,0
27.932164991851195,91.31606425840135,downpour,medium,2016-11-25,169.6616921709375,0.9363826700831883,43.987416991643684,1
28.31635784879738,92.12685230156794,continuous_rain,small,2016-10-14,113.91455718390462,0.728664706186864,66.96753178328134,1
27.26537465878611,96.81962050414418,construction,medium,2016-01-07,12.138922596630655,0.2088443326888513,69.66160917473215,1
28.49895288132087,91.61853648203055,none,none,2010-08-10,4.418259892877749,0.3185069495615494,9.296847154007207,0
28.27938004531024,97.84445531637559,continuous_rain,small,2015-05-09,97.72431665111826,0.6540561416449638,55.34327964229213,1
23.58370843543345,94.63725883295855,downpour,small,2010-04-17,63.519482319646634,0.9353293624553173,69.51382353426206,1
24.481727875904248,93.34425059928172,monsoon,medium,2016-08-30,140.84043550425503,0.5433487366521914,62.62925467008225,1
29.528389165152817,93.96869074644735,monsoon,medium,2018-03-23,197.88309704994364,0.8467796669101786,26.009364161428987,1
24.677437676037254,95.07474876929884,none,none,2012-04-11,10.459384020268855,0.3947332071087426,20.998797951988088,0
25.476037983575416,93.16885999074532,continuous_rain,medium,2013-03-11,24.62587565763213,0.7904450118935572,58.60966261500402,1
26.643538294005683,92.71353927465519,none,none,2021-07-18,5.809444637029333,0.12938946424414155,27.224018998413257,0
23.50478256678298,93.44896180132076,none,none,2013-12-08,13.453752861116335,0.21249275534831402,8.815977946029145,0
23.87592230452441,96.09207411651514,none,none,2019-08-14,8.968622152796941,0.0321017333615576,3.8838504744426428,0
24.18904712542475,91.46899290668104,downpour,medium,2013-11-07,94.8448831442502,0.9342692854368779,41.133815548505964,1
27.751285018667204,92.15113152556496,none,none,2020-06-08,4.348969703511444,0.15850001396825153,4.940757401130275,0
29.53830823714325,96.23941428833962,monsoon,medium,2021-04-26,103.46192483346994,0.9694550316599502,52.9698706760974,1
21.120699431685836,90.15439824517574,continuous_rain,medium,2018-05-31,85.26623400334441,0.563415613130795,31.65094799622448,1
26.032973525617017,96.21016678708709,none,none,2012-06-24,4.001562913735404,0.16398598247955598,18.99751878505675,0
27.391631155148065,94.37139373682305,downpour,medium,2018-04-14,30.714749557813004,0.5352842840842675,68.01867625189996,1
21.0862116836295,97.07582950264988,none,none,2017-02-23,8.789974537336185,0.08934271860158796,4.90541982916251,0
25.881907090152367,95.93795149932254,none,none,2016-01-29,8.399755137821007,0.06927616849082323,28.073024076082245,0
27.847546369166725,90.55270831398548,earthquake,medium,2010-03-08,11.160781489341309,0.22017362182104405,39.50716346212878,1
27.29896707667497,97.05027951594442,none,none,2023-08-06,3.4962002666890983,0.3562929838638887,4.4726540438004525,0
24.621872716332973,90.22587229709761,downpour,small,2012-07-04,175.50777145247767,0.7280681627826795,63.827070430636475,1
24.59791196806887,89.89557565057959,continuous_rain,small,2018-10-12,167.63921626302118,0.9796049958750312,35.040380558462786,1
26.38574325115247,96.05445140409039,downpour,small,2019-02-16,110.01539828047868,0.6374418308430491,63.36009337693683,1
29.269701040179996,93.60092728728364,downpour,small,2012-10-12,145.12695860101087,0.9716629771220019,37.90939175946957,1
24.54558603621709,94.69513343803958,earthquake,small,2010-08-09,14.464335145040222,0.5031131738767507,29.25538965276531,1
21.678109464709088,93.42763534214625,none,none,2020-10-31,1.5072665986846023,0.3206297843710445,4.412261409548019,0
21.419700464361263,92.22013987646875,none,none,2011-08-30,4.821644824492644,0.2489908054701485,25.263380457677172,0
25.593094847236962,90.15474456246734,none,none,2018-05-31,6.6682853592945985,0.18725518528608226,28.966347301187565,0
22.176598118457374,93.94777248727668,none,none,2023-06-03,13.59812219209394,0.09555683965784385,16.43779366571488,0
24.403594026938578,97.13148575553036,continuous_rain,large,2016-03-30,64.19233760175337,0.8715551223479319,49.308895587613144,1
24.22482433349118,95.23089327620937,downpour,large,2020-07-01,82.66599449574474,0.5652523965433658,45.82011795725915,1
23.94208154536844,93.41266819892925,none,none,2010-06-14,4.3346100649348305,0.2119130866202884,11.746212351890044,0
26.814588018671028,94.96507960636667,continuous_rain,small,2016-07-25,35.63128444919134,0.634414310191675,50.601869808290594,1
22.80369918017962,96.64682368851778,downpour,small,2013-12-01,108.6682230127275,0.6428424950928867,31.679978183250263,1
26.38900406018409,95.71733180808079,downpour,medium,2021-06-09,135.31676909585707,0.5225689976896188,33.63666794019712,1
29.68447178836066,89.6964193345903,downpour,small,2011-08-26,120.4527522149713,0.6175693455942718,47.01921090820865,1
28.80979641582621,96.6883209941522,none,none,2012-04-26,13.277869019734895,0.2034369818582481,12.996839193664819,0
27.79632256033774,89.29893137756645,none,none,2013-03-04,3.549792949174426,0.38393222017417683,15.07437057933817,0
28.219755242741563,96.80834666821482,none,none,2022-05-20,8.60983737793246,0.0433783154837478,25.722525365594045,0
23.75021108720735,92.50719981279703,continuous_rain,medium,2017-05-20,86.48222793326698,0.5665345484834775,52.98243379212059,1
27.851068845290673,93.94462010167503,none,none,2013-02-08,9.781905440621728,0.32572822492934383,20.78606801952114,0
21.973090622493125,89.92877330178949,none,none,2018-10-10,11.22547868078819,0.34276142335481435,18.450297920878292,0
21.454592298574546,97.86285954760977,downpour,medium,2010-10-21,65.50889109022614,0.8242364232952042,47.68239394237638,1
28.56450564937315,92.28102617722595,continuous_rain,medium,2017-08-03,167.37317886001173,0.9847011910608544,30.2526512977654,1
24.24814810559299,92.54216825597518,none,none,2010-06-09,8.93175220809162,0.35170199778200684,13.394342226406087,0
25.812224512207607,96.94192492839287,none,none,2021-01-27,6.022389711848971,0.09019131942844903,17.40943211676963,0
26.898541161698002,90.4191407043794,continuous_rain,small,2016-10-04,118.41705919004525,0.7873160932571381,61.73648173256233,1
27.76327329149691,96.54861918084497,none,none,2010-11-10,11.102687682390876,0.03702783546782453,13.541833209698444,0
24.944975533449952,95.00356882423742,continuous_rain,very_large,2010-06-30,140.7450138435125,0.7576931036134966,45.75268690911532,1
28.11182889071307,90.72969648491454,none,none,2013-02-06,11.476708682138387,0.11825484343893447,26.43968443394584,0
23.168666944360012,94.29716450169315,none,none,2015-05-03,0.06949864108173442,0.3389285357443923,26.13601179657369,0
29.31866642583123,90.87951829729826,none,none,2021-04-25,7.855158343525257,0.3318714716863476,26.297523254363263,0
25.098278061412973,93.06872200811287,downpour,small,2020-07-03,100.71089029652352,0.6521224136377096,40.81217496861195,1
28.158899512966606,91.86444863255805,none,none,2011-11-12,13.296889812123375,0.2907656662923449,12.243239860098091,0
25.414021421451228,93.62112234292954,downpour,medium,2013-04-25,165.82576378361642,0.55528248631384,45.626720895661194,1
21.015803233293326,96.74142140414446,none,none,2017-04-24,9.862407691488283,0.044819773439304544,23.827441117096452,0
28.21546048717025,96.45446272967851,none,none,2019-05-31,12.07660942028961,0.1971711829997223,14.743356281445074,0
28.13106251421322,95.58640030836189,continuous_rain,small,2022-08-17,78.11992499148242,0.926216230936646,41.98736579700142,1
26.45810129791223,93.11044448987002,none,none,2010-09-03,13.698319260320027,0.3973106722292761,8.145611631119294,0
27.912460967221545,96.97562307591846,none,none,2019-09-19,14.145208872046629,0.2769428345180368,7.175263944765017,0
22.76794916683872,89.5812755612896,none,none,2022-12-03,12.955198145042917,0.22313986696486846,25.134537452800558,0
26.541567473002623,94.19653479991038,downpour,large,2019-05-30,78.52527326659538,0.5254308753706964,35.47875508672737,1
23.74055262543709,92.07175841569901,monsoon,small,2022-10-28,64.90572443338928,0.9893321762946157,66.80216458906386,1
22.71147595836544,97.98965581001374,downpour,small,2016-01-28,167.44878945116284,0.6666136523865656,68.97999474833725,1
25.00725495028488,94.0101747659081,none,none,2015-11-28,0.5990535809652553,0.08316053819988932,7.3252982284847565,0
23.450488106215953,97.95418619546491,none,none,2012-07-27,0.9003654605261624,0.3505005072805931,11.08420442373819,0
23.48818254037758,91.52138606488268,continuous_rain,small,2022-01-03,141.62271523670168,0.8402944895252946,64.74783223505544,1
25.706823850584144,94.9090379781795,continuous_rain,small,2012-07-17,117.65912631797977,0.5314646713664954,32.001826597460834,1
28.946564145956028,90.09796249938621,none,none,2011-09-21,6.980318675778659,0.3225997388066155,15.728122463475737,0
25.496517663041352,90.389097204312,downpour,medium,2012-12-28,165.1879705255819,0.9693912068363915,69.03200990181264,1
21.2236353689561,97.13934582552417,downpour,small,2014-06-17,126.14986059176518,0.8410576565490416,57.18694646099056,1
22.31162062251973,90.48120392937024,none,none,2022-04-02,14.109795902708962,0.2538649936005885,15.19749757211318,0
26.793101889985632,90.14802396630783,none,none,2019-07-19,0.6421484355081492,0.3916141529800299,17.031432247832086,0
24.717495664649466,91.04409845978057,none,none,2018-03-12,7.274267710542462,0.22189661361768326,11.777038239584448,0
28.74830008832637,95.53868139148048,downpour,small,2018-03-04,94.3863377706474,0.9368434304640025,33.899980723284884,1
26.289723650497017,95.47800911063908,none,none,2020-04-18,4.067875523347669,0.10401774325602356,17.60750184111537,0
27.813852259359276,97.79915294781303,downpour,large,2014-02-25,163.55129193792536,0.7521940244716738,26.872812210445094,1
25.17131043040518,94.41620588042689,continuous_rain,small,2017-04-02,62.96845790743846,0.5680813211240094,59.27678327086234,1
21.146032868025298,97.04803731952126,none,none,2013-10-09,10.318966150205732,0.2652804669500173,5.296538643633473,0
,94.57009738080522,continuous_rain,small,2015-06-19,50.096499665879136,0.7062907162765677,33.66817578974249,1
29.83881600955437,95.70917930359958,downpour,medium,2016-05-27,108.93431514235583,0.9836473831816395,49.00680376974513,1
24.782219903764993,90.12759635624856,none,none,2010-05-22,5.656142498877328,0.1762283040113236,24.131810411185313,0
26.571026482567518,92.19303114559644,downpour,small,2016-11-10,53.70701289987787,0.9406475375163439,52.76260997094805,1
29.6057465100585,91.17004316263599,unknown,large,2016-11-02,0.26347599513834585,0.4480027424712224,48.21106000871441,1
27.187951593678463,94.74205485127789,downpour,small,2013-10-25,115.07085747694343,0.5470521132029993,46.07084846632212,1
22.880648639028603,93.21089995871272,none,none,2012-07-16,7.286350118157884,0.11961674530038047,22.85969652675746,0
22.42703704748575,89.97591842243926,none,none,2017-01-08,2.475713409331612,0.3067330251639715,18.248217245090885,0
29.646961915947102,89.64173193332111,none,none,2010-12-20,0.11917214706587242,0.3118754283632372,7.59341648826004,0
24.466696325261587,92.10368627271072,none,none,2015-02-09,9.264060369530739,0.06630218597960594,15.957098962967745,0
24.257922608829702,89.97647874325382,none,none,2021-04-16,13.010240289910675,0.11593933067585183,24.990027729122282,0
22.13154991111448,90.29773234222037,continuous_rain,small,2015-03-13,158.77544029858274,0.8833988713832307,51.7291516813345,1
25.91304407719138,93.97225396505038,downpour,medium,2017-05-18,23.720235253914378,0.5132761004258886,31.045667681365536,1
22.120070813460696,93.3770804075129,none,none,2014-08-20,11.573359190731699,0.05970375574003959,10.670772618163255,0
21.034174316454234,93.46673043576575,none,none,2022-04-15,11.868404958980426,0.03866539403557652,23.45957242573802,0
29.197189420594967,89.97146453819771,none,none,2019-04-19,10.089224843397174,0.19392324012986692,20.002196473600296,0
23.609558021907567,90.02695537869059,none,none,2021-01-08,0.8173589553164223,0.12255237487347813,4.412491424423139,0
22.393927292267087,94.49162615364317,none,none,2021-11-06,6.472311625746487,0.2086244206385552,11.179267646643103,0
25.078558237126593,96.47288846096254,none,none,2022-06-30,2.867359230623723,0.2562771379290856,17.919377051736635,0
29.051687134753877,97.84705983699749,none,none,2022-06-18,10.6195678750755,0.0324402815584159,16.51039587781849,0
23.0285241284085,92.51221016014041,downpour,small,2010-09-06,97.37831367319856,0.5090717372288356,51.85957958535532,1
21.10413624658079,95.29409384893748,downpour,small,2014-02-22,58.380085293390565,0.8116232197043414,28.53986514814123,1
24.236834963498595,93.67604389494238,none,none,2013-06-25,1.7296515751704145,0.38013591088971066,4.887451371976157,0
24.837412958146626,93.72311005685876,none,none,2012-10-17,1.3580261183175941,0.33567732632638436,14.248637469687056,0
24.51272594157099,93.37022270569193,none,none,2021-12-15,9.460513895732953,0.060134124215187296,10.670837576458753,0
27.140942112036676,93.35343078569579,none,none,2020-12-11,3.0821252768723397,0.14281395329854202,20.064721897629706,0
29.114336476715742,93.7884889339546,none,none,2020-05-06,6.6897187377667855,0.17005921463179574,8.050179572381888,0
29.486128856622948,97.54625890360465,downpour,small,2012-06-27,98.10103127415962,0.7070573863214791,41.83430499248509,1
22.312299391319254,95.78709053002727,continuous_rain,small,2020-03-28,128.0764634792862,0.5299887409701092,36.10870248292579,1
23.19184519782154,90.50431277610257,none,none,2023-04-03,8.961692784136716,0.3076648749525366,11.411654457066879,0
26.056292863018946,97.27873848762665,continuous_rain,medium,2023-09-03,100.83128731627548,0.7154240604327816,64.30413209531139,1
21.787364364419087,90.68211114746737,none,none,2011-08-30,14.446745299962508,0.3475861737831643,25.811668507438142,0
24.896835960512043,97.55165708432888,none,none,2013-03-28,13.65768792655677,0.10746512115648953,13.594803569525926,0
26.98993756056468,95.90740867507297,earthquake,medium,2017-08-25,16.653006596294087,0.38359226859986717,37.22364408491302,1
24.17969346276766,91.40559260643568,none,none,2013-07-10,2.544071713279596,0.16084117246731547,12.278998006353278,0
22.389242396383736,92.53871313930615,none,none,2019-08-08,12.897080739438172,0.29606395403982383,12.934964034058376,0
28.92768549488063,94.29269364199111,none,none,2013-06-25,10.145078259424889,0.23188283778808383,24.011220848105445,0
29.293239224287497,91.28667368070967,none,none,2022-11-10,4.216683090446722,0.2031279328827308,21.95265163478711,0
27.791238204006312,89.61027334601847,downpour,small,2014-03-12,140.39539433282374,0.9435458251991262,50.42402635412917,1
23.13586351164265,90.53489721809987,none,none,2014-10-24,3.2628570712202656,0.33835765298280923,29.275567418859097,0
28.618728256778798,97.33141956155899,none,none,2013-08-27,2.67761496020984,0.19272384976702847,13.923729574313349,0
28.709849632338763,94.59368344888622,earthquake,small,2019-12-27,10.71036992893281,0.46954253623980274,67.75557667263566,1
27.12001638822873,94.52201298116437,none,none,2012-12-24,4.193290218985978,0.2579001933254101,12.683537897762434,0
23.754712515242108,92.9427389044173,none,none,2021-10-09,6.529183263667985,0.17358846263088631,21.718014479032707,0
28.709420192214477,90.25465154058726,downpour,medium,2022-03-18,67.29934103810783,0.5591558200889268,34.07431258758165,1
28.20089879407575,97.26381362061566,downpour,medium,2018-12-27,169.19543061777685,0.9213498313195875,55.391604454243144,1
23.683625188298304,91.82746891650089,none,none,2018-07-15,3.946531908852402,0.34801154989645583,28.17616821256784,0
24.821166313691222,97.43013548105358,none,none,2022-10-09,2.571448010757234,0.1133003860055847,13.10763821784581,0
24.420912219908015,89.80578234347131,none,none,2015-07-08,4.410117930802104,0.3929439119752405,10.644026752046575,0
21.523601689595708,97.83041198496421,continuous_rain,small,2013-01-12,91.78686989233185,0.8400622370315272,46.8866075461263,1
22.628640835117192,97.47941447823803,continuous_rain,medium,2014-09-02,58.73243592103871,0.5275040549514187,51.848879303709396,1
22.08199813198199,97.62756709536575,none,none,2015-02-12,12.190878376117352,0.014502398925871952,16.08166693685261,0
27.654504690036035,94.42489931440079,downpour,large,2015-06-13,49.163258028970276,0.6071629396625036,50.556112850998296,1
22.653860202497285,90.48455420057243,none,none,2019-08-16,8.587824662405474,0.14891259172313973,7.489197730583465,0
24.661403658626625,92.0644475756936,continuous_rain,large,2010-06-01,34.38614388492459,0.7387804265052438,61.07785931470258,1
29.732531205210282,92.99936486308306,none,none,2023-03-20,3.010488891281738,0.0474984624268477,0.6605697096266949,0
25.288532768448178,91.97038131007581,none,none,2015-07-14,6.762563925846067,0.35307553624337235,11.583637439415249,0
28.59266848897122,96.76851757014832,none,none,2022-01-29,13.810103864131156,0.03833341036866376,14.925168916531234,0
22.100859296995843,97.97407806589216,construction,large,2016-01-18,26.613656223600803,0.5917106895053227,45.465772716971756,1
23.711999811488724,97.7108576220927,downpour,small,2016-01-17,63.6207665141609,0.7264338638122563,26.742706479212597,1
23.54298767675505,94.04948090397896,continuous_rain,small,2013-03-21,152.64643348548182,0.7566111793806869,61.22047296546046,1
23.70946891118283,97.88973579558207,continuous_rain,large,2021-05-24,101.49381081019335,0.7171503155359772,45.28196781915892,1
28.052509468398448,94.08342787553184,none,none,2015-09-25,11.94426055230998,0.17619326713555022,7.332439325335453,0
25.850802755007102,97.54128512171782,none,none,2014-05-17,12.541634689060148,0.19301022609297325,25.772455899121557,0
27.45186110542122,97.69958586185984,none,none,2014-09-06,0.21019438227403042,0.014373792717695634,13.276145485354693,0
29.8543845720433,93.00592358365358,earthquake,small,2018-10-17,11.226535450217694,0.481341221262692,29.541572199737594,1
26.77734639368019,91.17765388819561,none,none,2021-09-22,2.397035483307623,0.026809960162953984,17.114876840697562,0
27.56351289743989,96.10471685140053,monsoon,small,2023-01-08,151.80248879319277,0.5244852577557867,52.8873858051845,1
21.246021123394385,92.88203677129076,downpour,small,2013-10-20,45.59328302966798,0.9103343464463471,29.14448226632505,1
28.5324234529088,91.69173075461714,none,none,2021-09-15,1.1580319613251122,0.39933185247724623,14.740605174334974,0
24.0053737994616,91.35497788737868,downpour,small,2020-09-05,99.0765093477022,0.5632216274098475,59.67585193540747,1
29.123309152752554,94.828570769589,monsoon,small,2014-11-03,137.48498478649137,0.7228453668242681,25.039121591482044,1
28.53725934940252,97.57117296342402,downpour,small,2023-05-19,88.68249455021535,0.7654371920158369,61.95748317396253,1
26.903095794557785,94.04734621533602,downpour,small,2017-06-21,193.65309199004963,0.7488896721798801,59.85103077919834,1
23.817091562260938,95.00070021360223,monsoon,small,2010-08-18,155.0286510267007,0.9005341529516755,52.939877607519705,1
22.588397098293537,94.18549821045488,downpour,large,2014-05-16,20.2933485000503,0.5193423889057782,32.00402362513571,1
29.038541892415974,89.23537167729629,none,none,2014-12-18,1.0666929427505605,0.046544537884541715,7.586024331578043,0
24.33561120428525,89.99795266397693,downpour,small,2021-02-13,137.94829303858717,0.851461862125922,43.886462329213344,1
23.147656159552355,94.58923796483981,downpour,medium,2022-01-04,153.067693211159,0.7498520770135908,66.81257407509821,1
26.77052584787677,96.584459450801,none,none,2015-12-06,4.794845221270091,0.2400338995673321,29.155083330566512,0
22.858043518278755,92.92357388095947,none,none,2012-02-24,11.880644486684691,0.24371134059993083,22.682800133762786,0
24.103631794298774,93.37337508616794,none,none,2017-02-23,14.414400452929188,0.16607792492067408,21.238662739437643,0
24.979900359837455,90.14129416993526,none,none,2017-09-14,8.695863368098598,0.33182241915449245,26.909627960345777,0
26.98692173140189,93.16146941635414,none,none,2021-09-27,5.5368732153618,0.02266581684105584,2.081143437184454,0
22.728327010366588,89.12213056034415,monsoon,small,2015-05-15,158.5158276566816,0.8354909854003618,58.23245951625586,1
26.45775105230964,90.16748869648323,monsoon,small,2014-11-21,24.99097739901464,0.7057764620833805,55.239963980202845,1
28.77032363515308,94.58706378495326,monsoon,small,2023-01-17,124.68373370508466,0.7379056786503237,69.53469313180561,1
28.106419866124405,95.5942692701407,none,none,2019-04-04,8.95485729678225,0.10765344486699818,17.304203719230614,0
27.494719805506882,94.89292766317381,none,none,2010-08-25,0.26401544131984034,0.1588447309302394,20.777530871664496,0
21.19060548157008,94.77425920585146,none,none,2013-10-26,0.7966630021294646,0.31382402670797954,15.631804423217755,0
24.661302388687584,95.9538088656389,continuous_rain,large,2017-06-13,188.1505581516786,0.9178421661110798,38.36843036775347,1
29.326762140823973,92.76065020706355,downpour,small,2010-06-04,73.14439328168339,0.9420640565985258,69.05572078800083,1
24.39366680594984,97.03481761432286,downpour,medium,2013-06-21,124.12596340140536,0.6471334306668193,32.41922287043204,1
28.063992367147243,90.52102670475502,none,none,2019-01-21,4.927119887871009,0.07406728373424665,19.000438611465807,0
24.65231989655537,89.98288525051716,continuous_rain,medium,2012-09-20,134.51474510764186,0.809407399529702,31.4026288527676,1
26.814731316065796,92.41411253179287,none,none,2010-05-23,14.784883767062379,0.18665600386801182,17.70379275537428,0
26.17621683221485,92.20774620318082,earthquake,medium,2014-09-01,5.165818722027474,0.5040515621015371,29.648955787832847,1
23.79808495277943,94.28993548718476,monsoon,medium,2013-10-25,76.93541653532773,0.6202199920860656,44.17616004671301,1
28.116780745468994,94.01983952646576,downpour,small,2010-05-30,80.85429636131943,0.9433248209090271,69.3502042251171,1
26.240204365041684,94.71961332296563,none,none,2017-02-08,11.331545554746294,0.05802988399886715,25.573006539231997,0
22.884037728351895,97.24586059073724,none,none,2013-08-05,14.018869415072736,0.0406666170471957,20.128681605460002,0
26.428057374963196,97.15459171876594,unknown,medium,2021-07-16,3.2798449713992586,0.46494916835643646,49.514332013941434,1
25.320870871261228,91.29766220776814,continuous_rain,medium,2012-09-30,173.76304041643536,0.6729396493561381,50.101656055507675,1
23.67560952729352,95.07840739871394,monsoon,small,2017-03-10,35.72453673445153,0.50452340097801,41.038341252911614,1
21.544135294339423,93.74402700506478,none,none,2014-08-19,14.686259251114882,0.23007445285214248,24.98571635846443,0
21.139781147574883,94.39558407054946,downpour,small,2011-03-20,101.06117158437999,0.7386849174921346,49.19874685074255,1
24.463707145252936,90.14733290971645,continuous_rain,medium,2022-05-30,38.11760929552683,0.9673355781990469,66.65242844545577,1
25.35340968893927,93.08569731941787,monsoon,large,2016-06-03,43.41297132929853,0.9339173703046779,39.572175389865535,1
28.65043459250553,97.09805704490401,none,none,2017-06-29,11.865523142364614,0.21930403993083536,1.4168407746673217,0
22.782596023875147,94.48904357757709,continuous_rain,small,2022-09-21,23.864920054709295,0.621090402129898,27.878149389783786,1
28.321215027800555,97.33659447122307,continuous_rain,very_large,2021-01-29,47.60026379216489,0.9544305457923982,68.43438626577668,1
25.168074317898117,96.4461626063554,continuous_rain,small,2010-03-24,44.7216980373248,0.7755247217340133,62.22472238125205,1
27.095223395713,97.33226972129475,none,none,2014-05-29,0.4638161649422756,0.13516780966884273,13.981771975204753,0
28.79715984690204,94.83170183703027,none,none,2016-10-24,1.5388732680056716,0.2564755218252703,9.915922530561856,0
22.469686578709968,97.14832678489205,none,none,2014-10-23,14.765514736887052,0.1715359355757701,18.98068510155314,0
29.526658752904094,95.51238448476579,none,none,2019-01-30,3.3902523264837567,0.029620058967425412,17.91973833541221,0
26.20092130559421,94.77752992627119,none,none,2010-05-26,14.44159205826054,0.2128703506282663,25.25075590023546,0
24.84403193548306,94.6785539585474,downpour,large,2011-01-02,54.63267477193087,0.6878593790857053,32.357449667120385,1
22.191501665863903,91.93472304539674,continuous_rain,very_large,2022-03-25,33.183300461749916,0.637430146543494,38.47213866637091,1
28.324989318026706,91.90363427032565,none,none,2020-08-14,6.489027235332286,0.10370055776238601,13.705441483319795,0
27.33694951000483,93.82948441346946,none,none,2019-09-28,12.746723960125454,0.13187897931052614,14.839514171449595,0
26.216256253636246,92.21033395414423,none,none,2023-04-18,14.535775730912347,0.29557678188544734,28.153164825991777,0
29.98800459342067,96.07317257552536,none,none,2022-01-30,1.5410555075140286,0.07019764829177588,19.15864119593946,0
29.522330560569095,93.20850922077918,downpour,small,2021-07-08,97.28677530608843,0.574710354469164,41.759230354833235,1
24.401671644043507,97.68846555218663,continuous_rain,medium,2018-11-05,122.8820391013729,0.5835640019898387,37.860124598911014,1
27.160445688333734,94.25745415206634,none,none,2020-10-23,4.719096503307315,0.0064619883079307,23.17529289840874,0
25.227844959742388,97.31812064460308,continuous_rain,very_large,2010-01-29,70.55909679117835,0.8572693755627692,30.573855765081042,1
28.58417932338804,89.11413024545514,continuous_rain,small,2018-09-17,102.91328648995083,0.5861940880045285,67.32303740533509,1
21.948337648403697,95.27001618017776,none,none,2020-04-12,14.055331848290123,0.16340730659515212,14.571739833172826,0
25.813045211828793,97.23183273758458,continuous_rain,small,2011-07-07,151.87981672542801,0.6355522258781262,57.848669839751125,1
27.760535810324782,96.8350569678617,none,none,2016-03-28,2.494941233413771,0.08004615144642867,16.211592956171813,0
27.43588928203878,93.14888281067738,none,none,2018-12-08,1.455652253380328,0.3045271851540213,22.481798898414787,0
22.06448283177781,95.7727267249207,none,none,2010-02-01,10.409298351184594,0.32114350150167864,0.1282904530988882,0
24.297123131750215,96.64192236070534,continuous_rain,medium,2010-07-27,124.98216747961736,0.9011751608232634,60.09539086770037,1
23.846167809609433,89.85109323472676,continuous_rain,small,2014-09-30,49.50383982931477,0.9377997668937169,51.48489441190867,1
24.37991805480126,95.8194553394395,none,none,2017-08-18,13.210029073380365,0.12431632124990477,19.509174142105678,0
27.63762698089154,94.31191976791227,continuous_rain,medium,2019-10-12,157.68930334786384,0.8736173788512147,28.200403600517326,1
23.372018870704917,91.92347191437864,none,none,2020-02-06,8.41961569762425,0.2028248642754813,14.580105917815391,0
22.502913860335063,97.61520156633182,none,none,2012-12-07,13.612098731196749,0.19541238684584733,1.9768839285824946,0
21.879829540788645,94.84759908726677,none,none,2014-08-27,4.7576023206815465,0.05584859791173594,3.6708503648005975,0
22.205838462207108,91.17277773108822,none,none,2015-08-28,8.531382710007131,0.019661677155366597,19.118788597176366,0
22.468063503062933,93.05590828431153,none,none,2013-07-10,6.834537849771055,0.022365120739125378,15.094641239469919,0
26.601899508196738,92.45240831755794,none,none,2013-12-11,2.773499530230283,0.39640756167965424,22.218764700677454,0
29.56234574556847,97.27764208158275,monsoon,small,2016-01-04,40.23633691241355,0.8806366204356724,33.75256626098655,1
24.57530849835884,89.83600113605405,none,none,2017-10-24,9.897607752466866,0.12990342889846537,2.2020875527672032,0
26.43021708677933,96.50330724195378,none,none,2020-01-02,0.5193780866605291,0.2139158884631642,6.464966271074156,0
21.578656133754702,96.58346786487343,downpour,small,2018-06-27,169.35480151650043,0.7014476887253293,27.049231665312483,1
29.154657848651244,91.59365637424797,downpour,small,2010-11-28,70.87186706244744,0.649547340412853,34.3279425863023,1
23.480898863376183,93.69452792675771,downpour,medium,2018-11-01,175.58141134266188,0.5370703867192979,30.44159015707333,1
27.62575052461361,91.2146277193046,downpour,large,2020-09-09,173.3493319444744,0.5128226554092252,58.41401935527334,1
27.917265137467297,95.80329260740834,monsoon,small,2018-08-31,49.47760401623303,0.7611900678021104,53.676805749458595,1
23.439749097842544,96.50675306650368,none,none,2021-01-05,11.384958890193854,0.06653823756384636,6.942208014320849,0
25.171215778652368,92.05789773626884,downpour,large,2020-10-16,99.5969602218375,0.6115141003494333,69.28812028777723,1
22.965771616593003,89.24065912232933,none,none,2016-03-17,3.750736501138493,0.04787207806126701,14.958351299356456,0
22.964091514986762,95.2634855009916,none,none,2016-04-21,9.563113678458963,0.2013006062147662,16.557806487850435,0
24.50224054556506,93.24967851948288,earthquake,small,2015-10-16,26.261053299295927,0.21069405326418222,42.66156464997452,1
27.05961599854167,89.71682165378594,continuous_rain,medium,2011-06-07,92.31063265283736,0.7078850683247222,42.39310749438666,1
24.14902430909251,93.2154124283923,none,none,2020-01-15,14.440264133851391,0.31516025828308636,26.809041443103443,0
27.33105867516775,89.6212462780273,none,none,2011-11-28,2.562752373947839,0.1921624217290354,9.23977157429105,0
22.653248139686983,91.48217795445287,none,none,2015-04-07,4.761394366743444,0.3655977618036632,22.26234085152526,0
27.81089838440893,96.50112475852588,none,none,2016-11-23,14.234294306195734,0.19212421625328313,27.05608170295966,0
27.237849724878394,89.90791599991033,downpour,large,2021-02-23,91.26918117693693,0.5905473520592057,25.99356464343884,1
21.405340288281195,90.9121136129835,none,none,2012-06-27,5.102976113571122,0.2860982288181655,28.676819281951854,0
28.524073811277663,96.34981880555816,monsoon,small,2016-01-29,192.69367314842745,0.7461401550343276,56.12065380314869,1
24.8567272540607,89.80453338204902,downpour,small,2016-01-27,97.86984220493811,0.7225965838504202,40.10189001351727,1
22.120724508757867,93.54747897441779,downpour,medium,2015-09-26,28.34204870779589,0.9643800936170872,28.805256891146925,1
26.785865333669637,92.33026034497438,continuous_rain,small,2010-11-11,188.77955691620417,0.6505359708597354,28.599186799789358,1
29.516253518918823,93.59996060508453,none,none,2016-08-28,2.571837366679283,0.04869673062391233,6.257424777611115,0
27.26038897863002,97.24868613127109,none,none,2011-02-05,6.097208742532762,0.23454745665779464,26.750716023165573,0
27.063988528817053,89.87580443550547,downpour,small,2011-07-17,105.02267911606403,0.9304764726303862,60.03935870632395,1
22.403709413087064,97.88140424330888,none,none,2013-11-12,14.12841391335888,0.243698305419551,27.26237820817111,0
26.662551154418992,93.60270643700888,downpour,small,2018-10-15,146.52396577533682,0.8957294949180206,41.031980160556394,1
21.68572819132574,91.62700566194277,none,none,2023-08-11,1.9959633986410812,0.24421753152761277,22.019654662810886,0
22.946575006881858,96.65691065893255,earthquake,small,2022-06-06,2.0626899305100888,0.46512675807418075,59.388621903914824,1
22.949728105723448,93.26936631031445,downpour,large,2017-04-03,147.60269203626945,0.6604301650853212,65.31879768966564,1
24.307265981973323,92.43664007196024,downpour,large,2014-08-24,151.09312739647942,0.5480969821459234,26.865055411224628,1
29.842068933941327,92.84176463393021,monsoon,small,2019-01-03,30.49433410846104,0.9983442038379136,60.438167173409575,1
28.83680474787606,96.7004063000636,continuous_rain,large,2015-08-04,91.66791630320539,0.6646632468352183,69.61412105584938,1
22.926566706713963,94.28858758049356,monsoon,small,2012-11-02,57.13296277973887,0.6855836153037331,38.195414607184134,1
29.315190869763512,90.70207202926531,none,none,2018-11-06,14.452051819221015,0.025242896285384387,1.6839151709989841,0
21.492421365461954,94.00869298376779,none,none,2020-10-24,0.6405764883780807,0.08511561887126261,12.44192289409551,0
27.8182229635488,94.24879756517845,none,none,2011-07-14,11.73478946054352,0.2958591753522675,16.652217566537914,0
26.024980530915233,97.77417780110144,monsoon,large,2011-12-12,43.1226470980262,0.5204350899019228,26.089103523552485,1
24.753288511380163,92.01026922153233,none,none,2017-05-10,2.434234724532574,0.3942555648377002,8.63268739969606,0
26.396007274875195,94.38593705993716,none,none,2012-07-03,10.61660360453189,0.32315727334752414,23.65266754022876,0
25.014683052714496,92.4407051217178,continuous_rain,small,2010-10-25,87.57302731878157,0.6091983642678597,46.422802204452395,1
23.883177443017473,92.42596557451859,none,none,2021-10-22,3.5845295350253488,0.15737698729069016,26.492594229660405,0
23.233340069079304,95.78487966621448,continuous_rain,large,2019-12-20,123.09130514134866,0.5430131983094444,66.45842338857035,1
26.32051119981746,97.93329144270355,continuous_rain,small,2019-10-24,73.69514208637378,0.6193391585184844,56.26079645823171,1
28.445949593615865,96.85184819235437,downpour,large,2020-10-09,48.903754903172135,0.6705866583321036,34.58025978454795,1
25.876523769105567,97.13194170924397,earthquake,medium,2020-02-18,2.499605606300875,0.4055914655400026,32.946538395104,1
25.459583820384907,94.30103701355856,downpour,very_large,2021-12-17,144.33618906649394,0.6596676513855062,45.378405306941744,1
28.911162589937213,94.03659279427484,downpour,small,2018-08-08,33.780005331907965,0.8229510559384261,63.79703536691965,1
28.562822448398908,96.68186707651314,downpour,small,2017-04-12,27.439748352269426,0.7644541571033041,43.92350089593407,1
25.829265785100453,94.44172196604922,continuous_rain,large,2011-12-18,175.12051653881414,0.7510164195420357,68.26844092863966,1
22.866849793410253,93.40774234901724,continuous_rain,small,2012-03-14,175.80366870231558,0.675497610616642,30.12645836369805,1
25.336178085181324,93.80086461788606,downpour,very_large,2017-04-08,168.00845054256064,0.5973155463962899,37.546004089715176,1
29.850733432806607,89.41628971207201,downpour,small,2011-08-02,98.85218963950592,0.7675900857144637,44.7282225025059,1
24.70240301801158,90.63573725115583,monsoon,small,2019-05-10,54.69444856116322,0.9265102760677695,57.675506343662484,1
21.378600009465615,89.6366981944786,none,none,2018-01-04,0.6226232460534792,0.36564378409168463,11.53774508384933,0
27.11534720560568,96.18788248163364,none,none,2021-08-28,5.962921303209077,0.3221173015957119,6.1408653118688346,0
21.7009094132402,92.01993052652705,continuous_rain,large,2011-04-09,94.53933519841713,0.6567971265745762,59.842284182513865,1
28.560616717012323,92.0737563564509,continuous_rain,large,2015-08-19,134.3538798125001,0.9353108697703909,32.91492425494616,1
21.16268802169613,97.1266794908007,none,none,2017-07-27,12.25260084049018,0.16780921493031561,9.323265629684217,0
25.969691448755633,92.46597645515067,none,none,2014-05-17,5.0774257681733115,0.17362215177578483,2.965629793219126,0
29.419534368299495,89.0395781242509,monsoon,large,2018-02-17,28.640490225730197,0.7781318369449679,53.089659878126184,1
26.8485054767753,94.42485893783532,monsoon,medium,2015-05-24,196.8784960849246,0.8551588517205,53.38969483961563,1
22.638031949131236,90.76224628012109,none,none,2019-11-05,5.268228696026541,0.13862187079651905,7.969964617653985,0
24.06142494689032,97.12107991024652,downpour,medium,2018-10-10,118.94901951741701,0.6280972735366621,28.891375918515457,1
25.84277574387808,89.23006703452353,none,none,2011-12-11,14.209755878897417,0.39439608546868676,29.834958430793243,0
23.7897798721523,96.14828130194242,downpour,large,2016-04-18,167.9036728585782,0.9380499899797369,48.89658095926085,1
23.872309240407567,91.79500185848259,monsoon,small,2018-07-09,66.31527622853173,0.5257689212764759,26.75129981400331,1
29.862208736627235,97.6390684525507,none,none,2011-04-12,5.328508625745273,0.3068446840381568,18.456093411182117,0
26.740898984628476,90.14273318342296,continuous_rain,large,2017-10-06,87.18375736016482,0.8657192934791489,55.671710112778214,1
28.794268245964524,94.6695557953148,none,none,2011-01-09,2.137548402166629,0.08029152966568756,0.634080856194007,0
21.011513592252953,96.56605907212644,downpour,medium,2021-09-06,147.5006526663358,0.5428806894000666,42.52533327232596,1
25.95889347366803,94.93413539250129,earthquake,small,2018-08-25,16.320921547783243,0.4401245380909857,52.889366198311194,1
22.644527580770394,93.0986679764431,unknown,medium,2021-02-21,3.243916499073479,0.21539889597830292,55.16460450659112,1
24.936624504918946,94.89234186658047,none,none,2013-10-20,0.2663762620347432,0.3527375567701781,27.726260868496254,0
28.697379708525297,89.1531900800327,none,none,2022-05-13,11.26533603937177,0.1797373841492177,12.618570969829833,0
21.14561322638631,95.39728656570631,downpour,medium,2013-03-18,57.24929299750344,0.8271275852151726,38.5416015130261,1
24.957132842372452,95.17197267947023,monsoon,large,2019-09-05,122.73802783571031,0.9542298587382567,34.867682429678155,1
24.09807909923788,97.1081400615335,none,none,2014-01-15,0.9757591679651795,0.1353802878316619,26.476936163496333,0
25.777344521131944,93.23012545192549,none,none,2016-11-16,7.400720446049862,0.32667790612999215,18.881924674207127,0
22.99338089736774,90.21397037324242,none,none,2017-02-14,11.538077963791084,0.30394142494573195,27.205083746728928,0
28.413053799385942,89.41678663105779,construction,small,2018-03-26,24.508114226469196,0.291877643000786,47.888720528470756,1
29.287003360233616,91.94589825978774,downpour,medium,2019-02-22,184.17273746834817,0.694732051668594,45.091915472767226,1
22.544398386627797,91.79150023710753,monsoon,medium,2011-11-09,21.062680570293463,0.8605876589094554,58.15139058171125,1
,94.53449600293021,downpour,medium,2019-03-09,61.52157371711842,0.6085108589860726,46.025521759759,1
22.916191308891317,89.46294427259494,monsoon,small,2020-11-04,105.9208014992546,0.9451342970805299,55.74556937029197,1
23.60443924627193,92.34146975029887,continuous_rain,medium,2013-01-22,170.28702463115965,0.7956837935669943,38.15292904516412,1
27.90656316229292,96.73459662040872,continuous_rain,small,2013-07-04,178.88351736511564,0.523622233215548,34.824869699617736,1
27.468938692907493,97.69848082993892,monsoon,large,2023-04-28,30.291608750132056,0.6895554406673403,62.77302099103022,1
24.065379092480306,93.39906355761104,none,none,2011-07-01,1.8764314491514955,0.361483512031079,26.58226180097253,0
24.019571744462773,94.22708030770713,monsoon,medium,2019-07-11,123.73868456889093,0.8833599948483237,30.51018887102473,1
26.137969269286657,93.16863283326607,continuous_rain,small,2021-12-08,62.00381856393151,0.895534701700443,35.102116196589606,1
26.65533891802129,90.87111664819902,downpour,medium,2023-07-22,103.48382372199684,0.6889868011942752,44.97749229610251,1
23.27719419454752,95.00549891028881,none,none,2013-11-25,9.45420694460048,0.05415711815526301,5.30979456132912,0
26.83778141887801,90.41496798817603,none,none,2017-10-22,3.136106127725925,0.2210724770844914,10.981226854503076,0
22.02605514659154,90.42209429741476,continuous_rain,large,2020-06-13,188.72830347113765,0.5814892733959636,56.85774692820118,1
27.241900075623505,95.1668886072984,none,none,2016-12-26,7.732168336389817,0.3823655379865409,4.402765099013496,0
21.016907783502027,94.81521885039851,monsoon,large,2011-04-04,40.64971793402629,0.7183794932966343,61.69792701793747,1
28.3670147419504,92.04573250482541,continuous_rain,small,2017-02-01,93.46635595479172,0.5555529858997994,60.07285245177838,1
24.672168357855398,93.32398387670398,downpour,large,2016-02-20,86.49605389459526,0.7976760455256587,32.31545393415638,1
28.460805442377712,91.03016046878689,downpour,medium,2010-03-18,60.92335399632984,0.5504454893839654,33.17522954825332,1
27.59250198125608,90.57778515584558,continuous_rain,small,2022-04-11,128.40371298699765,0.6524560243332214,68.33524891288192,1
22.283180097860942,97.80779796197714,monsoon,very_large,2019-08-21,27.504963772653603,0.6408718593460582,35.28398438103613,1
24.158749566933313,92.87397113023107,downpour,large,2020-09-15,77.49359904606033,0.7269459648006293,60.33294409817258,1
21.67396966018867,90.45361372300205,none,none,2023-07-01,7.442915945450844,0.24525167657863653,10.54008381206316,0
26.56894315430273,89.66283692324446,downpour,large,2010-10-09,187.30002415651504,0.9842930004326006,64.7140644656433,1
,90.79811337525236,monsoon,large,2016-01-26,133.4915092094806,0.7339727359254375,59.414259403288135,1
21.213453111274443,92.40101769384752,downpour,small,2023-09-09,29.702989361491525,0.7792005047793094,58.01274352136946,1
23.71305429733024,89.02283905521028,none,none,2011-04-20,8.163307852846081,0.37162909058912835,0.1832797135793185,0
27.581950743342553,93.11088034398402,downpour,large,2021-11-30,66.4250970507398,0.9102221680744167,45.301328544972236,1
27.544335833415914,89.4119669225202,continuous_rain,large,2013-02-23,45.45685207482036,0.8759532174827931,45.13261796922525,1
24.553387520663925,90.78879700961907,downpour,small,2021-01-08,94.59695438917853,0.9144598646688518,67.87359730634682,1
28.590419289097788,97.75794091765249,continuous_rain,very_large,2019-06-07,74.78589971718833,0.9162953650230916,27.026105279320713,1
28.94217784553873,96.6016196644328,downpour,small,2017-12-21,125.13739548888834,0.9677445482001775,32.74832532227751,1
21.339815353337976,96.86507357453246,none,none,2019-10-22,2.3951121200428327,0.1424951101379288,21.84176300234046,0
29.065199562208857,91.23136734183011,downpour,large,2023-01-11,94.76983952460239,0.7372211482652358,60.01439869346148,1
28.655645936799417,96.39635689529572,none,none,2021-12-27,8.719139055296672,0.3695212337560529,20.469194004600908,0
21.392599004717773,92.2850193533378,none,none,2011-07-27,3.3706451483376743,0.2104019925148478,15.896384683834722,0
23.93389050741974,95.64317261116597,none,none,2015-12-07,4.071242597788296,0.04073666264145773,10.852219953889065,0
23.816451927403108,97.40055796276638,downpour,small,2018-04-02,130.81150788509018,0.6471421558242678,51.5115214246287,1
27.942995123830293,90.37657604053199,earthquake,small,2010-05-29,2.9082668826063474,0.314128315048267,62.04196767364763,1
27.5778419875799,96.99501683886872,monsoon,small,2012-01-09,56.121497115013476,0.9694299049639713,39.38852357728982,1
22.073448293340974,90.5022440026158,monsoon,large,2019-01-14,181.5325932414705,0.9136863638355559,30.868311422253925,1
22.187077702720938,94.17336714549499,continuous_rain,small,2017-05-31,107.97420928740465,0.8938160868627811,63.461412062805,1
23.652261868156664,95.42811591480512,continuous_rain,small,2017-05-10,193.97080127858095,0.516911640570429,31.092760879799403,1
29.90627499759167,96.73148019636918,continuous_rain,very_large,2014-12-29,161.62981731692855,0.5541214144199869,43.38928027558132,1
27.957001888616073,94.41041209989575,continuous_rain,medium,2016-06-03,123.91630982749535,0.6688854175157097,47.02816967094971,1
24.74130070347706,90.00701529897454,none,none,2017-04-10,8.877078364130973,0.2886920084195141,10.911257664484825,0
23.624276519456835,92.68035723946828,none,none,2011-10-14,10.983489096499762,0.14907957316849538,17.4709214118478,0
27.68382770419826,90.61079661929702,continuous_rain,small,2012-05-30,82.26417741473182,0.8172353802116243,37.24045528175003,1
21.635112869372502,93.90898624970508,downpour,small,2023-01-06,140.51276742341798,0.836363012715457,42.85030563727157,1
28.84716240312441,97.1477040038763,downpour,medium,2015-12-18,151.3516170091023,0.9624579606154431,61.48229916403212,1
29.674504706603486,95.40442398244716,none,none,2020-07-09,0.9633992122633722,0.04463456145306064,8.71346128040752,0
23.449624581975677,89.94672586771229,monsoon,large,2017-07-16,123.01192040256812,0.7321021410461567,65.84768097719794,1
27.823233101880447,92.5982815763318,none,none,2017-11-20,2.0917730538936303,0.3023284666419269,7.907645444434015,0
21.746988230033722,91.0550463639017,downpour,large,2023-08-28,178.0840972463266,0.8846608351602403,26.931082452854888,1
25.983106260436454,94.48366331406618,none,none,2017-04-05,4.438102019215088,0.2414478424194787,18.76372786975377,0
24.527135119464006,90.35174069067389,none,none,2022-11-03,4.744118703372297,0.051538611893787105,7.412220365132601,0
23.17972564460205,95.48624124395992,downpour,small,2020-08-14,106.84588062504058,0.9864030677249211,65.78657029037797,1
28.228143958272387,91.0133844326048,downpour,small,2016-11-15,135.91965629576384,0.6118561839921112,46.7514335099628,1
29.488659569586975,93.68632254748731,none,none,2017-06-07,9.866080335763622,0.35428721047126854,9.510932615544526,0
21.104789883732554,93.35748308716843,downpour,medium,2022-12-19,155.74081701059956,0.8274601211692993,25.278010399656967,1
21.11973100357812,96.53321247198691,downpour,medium,2014-11-15,197.29538463428366,0.8416286164861102,32.47839265231892,1
24.20882679271635,94.21845817017862,earthquake,small,2011-04-08,1.32919344033111,0.2910865158260282,35.31213344233291,1
28.373262389194174,90.94120905243508,downpour,small,2013-11-21,151.34952020712535,0.7771556514342031,32.259143719927195,1
25.563307936467016,97.30717611359852,none,none,2015-05-07,7.72267109574701,0.2793534230863226,6.770380727123955,0
23.475276811283035,90.87742886113291,continuous_rain,medium,2017-11-03,97.3408268267743,0.7313552320903465,45.85910382909979,1
23.278519345450707,97.0428456726813,downpour,medium,2018-03-13,21.302345664434593,0.8761224224259218,51.238225580997245,1
27.746356570328093,89.06532186638171,none,none,2013-01-31,6.194591311627203,0.3978299593898241,6.0090103582257015,0
22.435631013786573,89.12737436324771,none,none,2015-02-16,5.9963851791003675,0.06403242040869865,7.045618246039057,0
29.716922173790245,89.3401627129842,none,none,2021-06-16,14.951073325482982,0.04661803488477703,19.102092827210278,0
23.217439856020416,93.24271106531378,continuous_rain,small,2017-07-25,178.14911134426654,0.5270939987361469,66.37284369960608,1
29.42820262571923,93.5287531240576,none,none,2012-08-18,6.0724507320873995,0.30007254191405086,22.189302673216673,0
28.29448583797257,95.54343145035104,none,none,2022-03-21,11.603681537446182,0.13154600094396982,6.770706216169565,0
22.685932599381808,96.28070765870723,monsoon,small,2014-02-12,53.46421659876869,0.5528453640278912,65.26791182537472,1
21.669879073839002,93.84101635376548,none,none,2015-10-25,3.949826947326172,0.045462474009025346,8.660444592997619,0
27.295531840742505,94.59839270175642,none,none,2017-06-19,10.12601549637354,0.05893157342192948,1.3254232630712393,0
27.339769520727796,90.72577546148615,downpour,very_large,2010-12-23,95.31867307406732,0.5669217909695563,25.52838019579052,1
25.20510666881622,95.44564272488316,none,none,2015-02-13,5.561708348017259,0.16842725306519413,18.3883390572493,0
25.613171875678084,94.04974346488329,continuous_rain,small,2018-11-14,198.95468419690363,0.94524393673809,53.51747597083833,1
25.189650569109755,92.28964835987857,none,none,2023-07-01,8.183274828989394,0.22424990340729947,12.827645574860922,0
27.493032617847007,97.00127320854453,continuous_rain,small,2020-07-30,185.79946324940767,0.6520023918795141,28.05758905743113,1
25.23241622990467,93.1966189081376,monsoon,small,2020-07-16,31.456020564165023,0.679621792358135,27.396426136045694,1
28.60269738718423,91.22129008091787,none,none,2011-12-18,14.18728868628904,0.05442159932967927,5.381500523547818,0
28.307277028421947,97.80711986921231,none,none,2020-04-25,11.27572430987961,0.13620823592825118,19.951370373073686,0
28.22232807653655,94.93990834561346,none,none,2016-05-28,8.327462589513988,0.1814268682129796,24.48689357025907,0
23.221784322746284,90.30534425722274,monsoon,small,2022-06-08,41.085706154465804,0.6200442146712347,50.09203023033952,1
27.714546223428524,96.14357912236753,none,none,2011-11-01,4.810767965660504,0.11644262600747615,5.606370151000912,0
23.77456119140112,94.35325409194063,unknown,small,2012-06-21,5.651909608747671,0.21949713631274426,43.58534437209367,1
21.507823185294715,93.11420303815076,monsoon,small,2017-02-28,175.0198831951723,0.7562928235159327,51.085153973343765,1
21.13238434179827,91.11294574053103,none,none,2016-03-02,8.006607008686126,0.1700844572113033,13.110487989049425,0
21.139642061236025,94.20485078525775,monsoon,small,2022-12-24,135.93216627756763,0.9533598312990523,38.160591819851696,1
24.422877930552204,92.53765788385724,monsoon,small,2022-11-17,40.11978499816826,0.5577581581561337,57.89841251085296,1
23.51363561947361,94.27584903040606,none,none,2012-04-17,14.959396417800503,0.3933790574641001,21.29900172725938,0
29.248383433873787,96.90542205028646,downpour,large,2022-05-06,137.9430334454419,0.9923522259071755,38.07703451059485,1
27.270329703660728,91.02458957209093,downpour,small,2022-01-28,62.56230653267838,0.7234870946623304,29.772748945927894,1
23.6651595476009,95.40549407443241,continuous_rain,medium,2020-08-21,119.1246597767771,0.8451016198872555,66.30810025343911,1
23.029926981810586,92.9821909911801,none,none,2017-10-28,13.522638557948257,0.25671080113606815,19.08022345356836,0
22.1517041105146,94.56648603004716,none,none,2022-11-26,3.1818949607001077,0.3287964425428859,23.183955469330005,0
22.478152382855747,96.25526798259737,continuous_rain,small,2015-01-23,57.45315330665703,0.8078568004540679,63.467839281747096,1
24.104070821132808,94.76094479337435,none,none,2017-04-24,1.0172258047946503,0.20646582887287088,3.268011965851596,0
25.273796078582244,91.54702782174905,continuous_rain,medium,2019-09-25,150.4394176746387,0.7577092414661986,32.65994344422652,1
25.012995548871018,90.11402782940218,downpour,medium,2017-11-18,49.882762922360584,0.9214310230084275,33.294972253503786,1
26.401660818352234,92.33550585842264,none,none,2016-02-10,13.143381561044245,0.011836311996818429,16.089285626634187,0
26.220562723710614,91.39328167273396,none,none,2021-05-23,4.279350917791874,0.298366003451333,23.20385248211089,0
21.476616811265533,92.3925383668501,none,none,2016-03-07,6.44416790737076,0.333263823125568,0.8576091108478956,0
24.434774221846055,96.54063499855543,none,none,2011-11-23,7.091079664778416,0.3829326327825706,23.687731277990803,0
26.075877557392552,90.12239373506966,none,none,2023-03-11,14.930784139440648,0.1385557310844471,1.7327464887270683,0
22.495328437870803,89.55138911824928,downpour,large,2015-01-25,56.56736553478103,0.8255887865485401,33.74264662319165,1
23.678730077443895,90.99111594008757,downpour,small,2010-08-12,79.15846311541495,0.7332954557581601,57.318115904976025,1
22.27940554300455,90.45984983894037,continuous_rain,medium,2019-12-23,78.01738062212578,0.9736741676167349,58.24859244074999,1
26.16828697497634,96.15743127627341,downpour,large,2019-08-06,95.13639752747301,0.5968223327640607,27.03595966284163,1
26.08764722170874,96.56918932960266,none,none,2010-06-05,0.8792900223982003,0.17591298526900065,3.479824242660391,0
22.12402632685351,94.77272174186177,continuous_rain,small,2023-02-19,57.63397958651618,0.6307773341402173,60.555293792354796,1
28.9888289223777,96.6361632100968,none,none,2014-03-04,13.967313254339157,0.3532873226889576,5.949760707628227,0
23.457494880019944,94.7613153124494,continuous_rain,small,2010-02-04,20.017230255707354,0.9688850043445605,47.158783310497746,1
25.399698501692036,94.80669968720147,downpour,small,2016-04-18,69.05449543557422,0.9617276156839331,42.56468262902291,1
25.901068018200622,90.19111863975044,none,none,2018-12-14,0.11030881369749168,0.39368414895195963,27.178502174019403,0
25.418999898113576,95.61668818729751,monsoon,small,2015-04-16,100.28175167790226,0.5985989932549602,44.70088012636199,1
28.248763688196497,90.15223663588954,monsoon,small,2010-05-20,81.00890125386172,0.8965091467249718,46.38106445443556,1
28.69456016113719,90.31822027168471,none,none,2022-08-24,13.845747734467398,0.256218257188602,5.982761549685764,0
26.602037368384977,92.35162185161232,monsoon,medium,2019-01-14,65.19160305765455,0.8544615715457207,33.96710529531744,1
24.15905801011414,95.7373970962731,monsoon,small,2012-06-18,48.207024187033355,0.9752353099543416,25.786937945409043,1
26.928031578701635,96.84415706215175,continuous_rain,medium,2010-06-15,167.01502254695717,0.7495796211086085,68.04356437808826,1
25.06289702280769,92.13894115717868,none,none,2016-01-13,11.508168184133284,0.051618346159240595,19.899778232557814,0
26.06541222219123,92.84762588405339,downpour,small,2023-02-05,155.78051423744577,0.6837002987902145,46.43814037953355,1
27.32176669074347,93.64693052181185,continuous_rain,medium,2011-10-22,123.87707334979207,0.9358100537899554,25.073342632432244,1
24.200589171758608,92.26716266912867,none,none,2016-01-16,6.6246903359763545,0.2446326558668908,15.965768610335825,0
26.94161265442533,95.34655193048462,none,none,2014-10-26,3.263617899628825,0.024313075812609865,20.554444278796225,0
22.918175673391367,97.71413751998034,downpour,very_large,2018-11-14,61.96716418182801,0.9745107574877967,63.77908528411259,1
21.46315346526353,93.47094830239426,none,none,2011-02-07,11.87308370077282,0.17662941708372784,19.194381103844574,0
24.323946117840563,90.81210339489876,none,none,2023-06-02,0.1977431160366705,0.350664850592988,18.630271163774825,0
25.34294320336796,91.33642477433122,none,none,2014-03-16,5.624547574951095,0.33407089488511965,18.927590697110542,0
21.647563602539954,94.91620727816836,monsoon,medium,2010-09-11,154.87164304019635,0.6595437364466088,65.96183252202461,1
26.771401547272458,95.50165381036065,none,none,2022-12-11,14.491893925268704,0.06843260537042305,24.129414368195537,0
25.521969045465653,91.72976896948582,none,none,2020-05-21,4.8403396260470934,0.1285373317047785,2.2610308738665474,0
27.668904281172995,90.07132881059036,none,none,2011-01-16,13.4270077730304,0.3074559570183737,24.609550130171755,0
28.446862273762157,92.48922564485194,none,none,2018-11-16,7.309596336246921,0.02161258431448121,6.965235115823046,0
28.00471992481218,94.3803177498271,none,none,2015-08-17,3.3537860883428943,0.08077286630875542,10.280457500357645,0
27.624065143206302,92.94987702143685,continuous_rain,small,2013-04-11,149.9333238997678,0.942043776860028,25.13430594985185,1
22.910229264540423,92.4618015953892,unknown,large,2016-10-18,15.17786292899548,0.5116603892983635,60.57273115636503,1
27.873716176175257,91.19292255495867,downpour,small,2020-09-01,172.29452356305526,0.6707300661657482,39.15488230369277,1
25.91599055345718,96.62693582214534,none,none,2013-01-09,0.9008175505404703,0.12087904786574684,5.5791416579211255,0
25.839297026067626,90.51001150166073,none,none,2018-06-25,9.190916626936579,0.09180477835544645,3.1902800753106453,0
24.596392536869832,95.69514088724688,downpour,small,2018-01-23,159.83992580083384,0.6972980672755769,28.27338155046197,1
23.992460084461396,97.69523987154912,unknown,small,2016-09-23,27.27686172136961,0.22938768730048326,41.479144871179884,1
24.80909038420732,94.12641577338192,continuous_rain,small,2018-01-31,32.51660108021946,0.6752274566567917,51.35694314152366,1
26.147539767652233,95.23856659890176,downpour,small,2017-02-28,62.4921400940004,0.9953550208429223,36.0500017741289,1
26.541701030329705,93.51060252769018,none,none,2015-08-10,5.875258039516517,0.37964573111285516,23.470436966730272,0
21.339022888650597,90.76833695320583,downpour,large,2013-04-12,89.21754284481945,0.7725482023258975,38.16025147058964,1
23.32325982150998,93.1416018465244,none,none,2022-12-01,7.8409868620738274,0.3984039752810164,0.4652674844262472,0
22.429595495754338,91.2210696518159,none,none,2015-06-26,0.16473150057103647,0.046140220117119136,14.865243186124633,0
23.376032538911943,92.17437382709576,none,none,2015-05-22,1.414956733193623,0.06343845792131,10.279123064753438,0
25.630180709237294,91.63019154607633,continuous_rain,medium,2014-04-19,74.46596839873096,0.8921110809870615,32.97014062205202,1
21.96889324972798,92.23852548466178,none,none,2011-07-31,13.792114443285119,0.08454239043743522,11.806930840575442,0
21.792986201386647,97.3095234162567,none,none,2012-08-17,12.552898536922356,0.09440733297049086,7.080807311132425,0
27.31451830974832,92.4799770454169,none,none,2012-02-15,10.601997995869525,0.06603370185885966,4.000564070002666,0
24.663187306011128,92.69498702523371,none,none,2012-02-03,1.2526392102853796,0.15495687482299744,15.708871256201093,0
28.84490453423294,96.52173803203604,monsoon,small,2014-04-03,131.9550104000342,0.6453200025881382,55.43906847486802,1
28.508667648757168,94.90974246450271,continuous_rain,medium,2017-03-23,198.56309191883312,0.9250433010355363,35.20193036372637,1
28.248370057955484,92.888678090447,continuous_rain,small,2014-07-04,36.567812319700685,0.6127420436613664,29.363197174033232,1
27.91351372751401,91.7187150569859,monsoon,large,2013-01-24,120.35231677734902,0.7838066984251575,65.03144969333962,1
29.35207015909655,94.90387632454946,none,none,2019-03-14,9.769285781851064,0.13142531854795814,19.872546032840255,0
26.340312912949212,91.75003429883863,none,none,2021-06-27,8.502946289173671,0.22203329692093998,3.1637330216776616,0
28.802744179577296,95.37977197242141,none,none,2020-05-12,14.370585401272088,0.26611132778919155,0.953082034332845,0
28.38466939593559,97.29233091438205,downpour,very_large,2012-12-18,159.31443816812774,0.8420688576466154,69.98894861368224,1
28.1395326457965,93.11279905776365,none,none,2014-03-06,8.0750934204546,0.23083601704811418,5.138242383520848,0
29.377790865929164,92.57868924370712,none,none,2020-08-16,7.230541691600853,0.09948026032290294,12.214708014194523,0
27.095214804815747,95.28000618589486,construction,medium,2019-10-23,7.730071672843401,0.2791931663325804,31.16812697613358,1
29.054383526223194,96.63534502857247,monsoon,small,2014-01-14,171.13743976306262,0.9161014500546487,26.62563777900657,1
21.750766558464637,95.72034009312709,none,none,2020-09-13,14.393596832878664,0.3022530126854023,10.86419089604194,0
29.396709161475204,92.97698625844357,none,none,2017-10-21,9.585095968249792,0.3150214329843395,12.253406329726305,0
27.26031625276346,94.77404750089423,none,none,2012-10-02,10.87421629284101,0.07071481412740033,24.835295008355146,0
23.721084743750787,89.06657170723743,monsoon,medium,2015-06-21,96.66170826524821,0.7791745545589843,65.59299694465196,1
27.992188074460756,91.98625587695264,none,none,2023-05-20,7.2854190836389225,0.33422270289296674,13.666440457904283,0
28.40110804932132,92.04690956646293,continuous_rain,small,2013-04-02,82.90702386055598,0.5793266372869779,35.802296066954675,1
28.991096761284677,92.03952728395105,unknown,small,2015-08-20,19.96778842147043,0.3111280671483289,29.250230107878636,1
28.170632717015735,97.63040280774916,monsoon,very_large,2017-05-26,61.316979538991646,0.9215947236070535,29.267818001222956,1
25.418264995088656,89.50432991378271,none,none,2015-07-08,13.307013381954947,0.3878580980109388,11.36633510801322,0
22.093486392571727,94.56985419168882,monsoon,large,2021-07-27,68.43314257173796,0.7692414063048445,60.638272815062294,1
27.931641060189836,93.18636711710151,downpour,medium,2013-08-03,54.46411990355598,0.5350616573233404,40.19657448927684,1
28.954411177382838,96.54757508695013,none,none,2023-07-22,13.705536631434303,0.042112933616700945,9.569691496088042,0
24.88334187785915,96.82253708861819,none,none,2018-11-21,14.720249448968257,0.17645469891178978,26.736152477616976,0
27.70103107926836,96.64973562540702,none,none,2013-11-04,14.161629540072271,0.09249401011071319,0.25402588463471765,0
22.48534408571261,89.57716876903636,none,none,2012-02-29,6.3333085240121285,0.006928299615873579,0.036934352484149224,0
22.023813928934768,91.09565367504914,continuous_rain,small,2011-10-13,70.22492032040412,0.7639056190223847,33.45002078176336,1
29.050918936016643,93.2598865012917,none,none,2017-03-01,7.016187429489856,0.136703753957864,18.760961947515465,0
21.633725858342995,94.00042714515395,none,none,2013-07-11,1.3189209264606734,0.220262028912977,8.738429363750937,0
23.901313653677935,97.82855559361437,none,none,2022-12-16,11.340911076071428,0.1303456238036089,22.22074544070481,0
21.1433186832013,90.08295171083236,downpour,medium,2022-06-24,148.75365119910126,0.8695774375449126,48.83466220441939,1
24.616854306233733,94.0809043912392,none,none,2014-12-19,11.947959506436561,0.2435885138214435,7.248718416744579,0
28.258956007909134,93.87946069074447,none,none,2015-02-11,2.57269284402689,0.2503139300278526,29.146264392678212,0
27.012635479835815,95.23196599894821,none,none,2020-06-01,1.1652954943405447,0.35849386436426783,25.64965992755241,0
21.663072143124566,96.57089154532785,none,none,2017-02-21,6.7278333166453494,0.32214355623299085,6.166487059695639,0
24.058643748779925,94.97059552559122,continuous_rain,small,2016-06-25,178.47869123526115,0.8042376939575144,68.02715445494258,1
25.543896843934487,97.23295054651065,none,none,2013-02-22,12.240265346090597,0.14711950961473483,19.181443508579584,0
24.520260582786904,93.67913663729071,downpour,large,2020-06-02,114.5815568698523,0.5974192141610222,25.620688927105,1
25.176026459661422,89.19517415280484,none,none,2016-05-16,8.746183215771877,0.020704380304670613,29.003320136657376,0
29.857675336143288,89.18367776707852,none,none,2019-10-26,12.529992012965707,0.39969512005878494,21.57629840011372,0
25.59223183746411,90.1084028799955,monsoon,small,2014-07-07,67.3529943870164,0.6413808511479759,32.159959774129554,1
25.542364884166027,94.83569423753792,none,none,2014-04-26,10.33155352140193,0.14000773682824405,8.089386280047982,0
21.880899987941167,90.56183869076266,none,none,2022-11-22,5.562985793702154,0.29845362409476767,27.895432699041166,0
24.73550381599411,89.23826272789924,monsoon,small,2017-10-09,69.07976364516665,0.5179763772440327,56.35175981006222,1
26.255243246649986,94.28883731440943,earthquake,medium,2017-10-22,7.41575686426184,0.5564581501381041,66.30120339827184,1
25.33888766933881,97.76872116885463,none,none,2019-10-10,2.909983423825829,0.16671947350335198,22.610034475717075,0
23.019342020704894,89.58135724102593,none,none,2011-02-09,10.300828617092758,0.24516069752634043,22.113128999246182,0
21.874762324369733,93.10250121974559,downpour,small,2017-04-15,133.6563606173061,0.9210269194180176,33.04960764498543,1
25.258090649845435,97.65479666008679,downpour,large,2013-09-23,142.6902183803036,0.9527366226624838,68.72449935288026,1
21.575313237879776,96.78612252987777,none,none,2014-09-18,12.623089744756971,0.1239921941436196,11.642820528063961,0
25.854002751106826,90.05700461640458,downpour,small,2021-10-21,187.25810512859124,0.8132076582393626,47.607233314113245,1
28.516971226290167,95.21394521963911,downpour,large,2014-06-05,107.97737482285345,0.6540605964259376,38.09073902948991,1
27.734434808714585,96.29464833697646,none,none,2015-03-30,8.866652897921277,0.09798912600286079,19.02995438067349,0
23.769779608200505,91.67743076344881,downpour,small,2016-02-05,138.70547660692668,0.8259710991233568,63.92670472997559,1
27.857427638033446,93.4420219833264,none,none,2018-02-20,1.3163811168438806,0.14264511051418177,15.279809463109263,0
27.438758925281572,91.85786326308295,none,none,2017-03-04,2.7582636725845604,0.3150418203188649,0.5447613066886736,0
22.12496852810209,93.915509415203,none,none,2018-12-04,9.968273176589483,0.09762205439936765,16.5116865097059,0
21.530220542360563,90.17299781550057,none,none,2017-07-25,6.399012969622354,0.1224262573949567,24.230490249938914,0
22.207470785992996,92.83046549885215,downpour,small,2015-11-27,59.320608555523954,0.9079812574129809,47.06017385733918,1
29.046205116071718,95.86275206863462,none,none,2021-12-27,1.060558486828402,0.04406022667697687,7.994993499266688,0
,97.54450676888294,unknown,medium,2010-04-08,2.6437225569384837,0.26750471516493146,60.08221972411082,1
22.018224753980473,91.8673157658587,downpour,small,2013-11-27,187.01563557874317,0.501420310808856,54.98570943999738,1
22.920403366898853,89.56707013277925,none,none,2022-07-04,6.416602105028534,0.19989151520244178,16.234716615113303,0
23.614947358649495,96.7037105164834,downpour,small,2010-11-28,54.30097497397162,0.9124968487398293,65.71289598267626,1
27.666266794401672,92.1111732894126,none,none,2010-04-26,12.989928157413948,0.3266786315701836,24.763521761042078,0
25.90736188945184,90.15156176020753,none,none,2018-05-08,0.0020484015073535256,0.22923908555273284,24.80059469312732,0
22.708106813870888,93.36591528259719,monsoon,small,2014-03-13,165.43848656030633,0.6943662836378863,50.93057277337173,1
29.038917814000083,89.20032129256616,earthquake,very_large,2011-05-25,8.746077998630216,0.5240865647987332,41.33411033983258,1
29.70577395689373,94.08492178718944,none,none,2016-01-20,1.538676794840466,0.23189513814012883,5.74963693813206,0
25.82639527132257,93.9874772339617,downpour,small,2015-08-18,105.64975425797279,0.9558995625424431,61.09397906719047,1
22.797128252831186,92.71219177882571,none,none,2020-11-11,4.346734320026933,0.07589041593302098,0.22148530458716564,0
27.12972304136825,91.32590527286065,none,none,2022-11-10,1.6625402947145718,0.3384357350766939,23.401774818872443,0
21.76606913338482,93.61070539943533,none,none,2021-08-12,8.377866228387209,0.3825783080271707,4.200856566712027,0
22.303698217210002,90.74352898747323,none,none,2015-10-05,11.210556405850461,0.15592627600240389,2.1615062131931086,0
21.45255683783111,92.82157396753601,earthquake,small,2019-02-07,11.781077498545582,0.42820679984193033,37.141546912572174,1
22.48089560462273,93.61276209732173,none,none,2013-11-03,13.48774805513792,0.1766437984401137,20.2072604706708,0
26.622122197769105,94.78632782817293,none,none,2014-02-14,12.683927459381195,0.16959287883334337,24.961781143725382,0
29.10648480423248,97.00204017210295,none,none,2010-07-06,11.121129281151395,0.3339451545496765,9.448685432936648,0
29.090312586660346,91.88118914486319,none,none,2015-09-27,1.5872715726790099,0.04442718122955647,27.166569518654242,0
21.45634288825899,91.68133034586195,unknown,medium,2018-07-07,3.85694915646823,0.48836961414555724,42.55505456996395,1
26.466479636493474,93.97024484019765,earthquake,small,2011-08-07,18.401117267471612,0.21669635407961663,42.49769201919111,1
22.84496028831458,96.65533987196514,downpour,very_large,2011-04-10,193.6560079764639,0.7569402150813104,51.94506313173237,1
23.784973793277477,94.31417739746986,none,none,2014-04-22,3.695722392830116,0.2279785333222374,19.899758947995412,0
25.521632265052528,92.60540157217142,none,none,2010-12-02,4.013516282697455,0.30040305205144346,8.776807341108348,0
